t,x_clean,y_clean,x_noisy,y_noisy
0.0,2.0,0.0,2.0457075619631646,-0.15599761593607434
0.010003334444814937,1.9999019145773995,-0.01941785220547597,2.112469593948368,0.1216668552532061
0.020006668889629875,1.9996153345826346,-0.03770329135166927,1.7069600562845593,-0.23303021738101698
0.030010003334444812,1.999151204277234,-0.05492146648879612,2.018327264752327,-0.10235785534033345
0.04001333777925975,1.9985198768585177,-0.07113459179519262,1.9959997032328745,-0.19909118093122963
0.05001667222407469,1.99773113521042,-0.0864020284783745,2.1296408314398443,0.030266761835967743
0.060020006668889625,1.9967943714646688,-0.10078109992823184,2.006698976098851,0.06830508111697309
0.07002334111370456,1.9957191675563355,-0.11432965893422278,2.0658455688941424,-0.24322352836670852
0.0800266755585195,1.99451304488113,-0.12709567637425237,2.0498256624935047,-0.27092806649860224
0.09003001000333444,1.9931829583075757,-0.1391239903857599,2.1249505035036664,-0.14661287703369782
0.10003334444814937,1.9917356131273871,-0.15045774752560234,1.964006258595598,-0.25259717918619357
0.11003667889296431,1.990177465055467,-0.1611384027700541,2.1735586658565715,-0.18431782508037442
0.12004001333777925,1.988514720229909,-0.17120571951480718,1.9242655469054428,-0.2240257520880416
0.1300433477825942,1.9867533352119957,-0.1806977695749712,2.0665997130449982,-0.12588115992035945
0.14004668222740912,1.9848990169862,-0.18965093318507317,2.0468089087255983,-0.12502778273389076
0.15005001667222406,1.9829572229601844,-0.19809989899905792,2.3042043630907534,-0.25906215145675027
0.160053351117039,1.9809331609648009,-0.20607766409028747,1.9040967516040703,-0.32814357332746913
0.17005668556185394,1.9788317892540914,-0.21361553395154176,2.0712287026404157,-0.04426969004340803
0.18006002000666887,1.9766578165052877,-0.2207431224950181,1.9595656978570564,-0.3467665940393973
0.1900633544514838,1.9744156961578245,-0.22748866050626504,1.8507435138041386,-0.12989974233255988
0.20006668889629875,1.972109136148585,-0.2338777801185679,2.083597261829101,-0.15240463987278868
0.2100700233411137,1.96974104265269,-0.23993069561117494,1.8699145865593858,-0.20510649715116697
0.22007335778592862,1.9673142012897713,-0.2456665636354978,1.9848170726608805,-0.21286327412614586
0.23007669223074356,1.9648313157189483,-0.25110388021324914,2.0955456324111768,-0.2175645478970468
0.2400800266755585,1.9622950076388306,-0.2562604807364427,2.0641320420996148,-0.24612362031310897
0.25008336112037344,1.959707816787516,-0.26115353996739304,2.0030757265910135,-0.166460306091612
0.2600866955651884,1.9570722009425914,-0.26579957203871585,1.7384988279642415,-0.31375025449231103
0.2700900300100033,1.9543905359211324,-0.2702144304533277,1.883834637777213,-0.366046107689829
0.28009336445481825,1.9516651155797042,-0.2744133080844464,1.9103937778957016,-0.05017211139928704
0.2900966988996332,1.9488981518143598,-0.2784107371755905,1.8190234844603732,-0.13316898398686838
0.3001000333444481,1.9460917745606423,-0.28222058934057964,1.6936613088182715,-0.3324533438384459
0.31010336778926306,1.9432480317935827,-0.2858560755635345,1.9676609915593335,-0.19792272585964277
0.320106702234078,1.9403688895277016,-0.2893297461988767,2.04705287649663,-0.1703276609188879
0.33011003667889294,1.9374562318170083,-0.29265349097132887,1.8851474709797427,-0.3620062598710139
0.3401133711237079,1.9345118607550011,-0.29583853897591467,2.063208242943574,-0.3245341877081569
0.3501167055685228,1.9315373815221477,-0.2988953520229656,1.7401844330214595,-0.4688884341234877
0.36012004001333775,1.9285337846566801,-0.3018319131458531,1.7906159417564385,-0.22725780153778852
0.3701233744581527,1.9255019181450395,-0.3046546091677007,1.9468657785556243,-0.20108180605753548
0.3801267089029676,1.9224426154555108,-0.3073696418994399,1.8583547185050306,-0.28358868823793276
0.39013004334778256,1.9193566927417491,-0.3099830472375606,2.0131952518368497,-0.35638502819559637
0.4001333777925975,1.9162449488427784,-0.3125006951641111,1.98476123447639,-0.4117895863241088
0.41013671223741244,1.9131081652829922,-0.3149282897466981,1.8586500882982315,-0.3721889738464475
0.4201400466822274,1.9099471062721534,-0.31727136913848675,1.7305711594337974,-0.2442254970206495
0.4301433811270423,1.9067625187053945,-0.3195353055782005,1.8363521676749859,-0.31766118776904734
0.44014671557185725,1.9035551321632171,-0.3217253053901213,1.9756671309991034,-0.2547456289856297
0.4501500500166722,1.9003256589114925,-0.32384640898408934,2.0001334252574106,-0.3386192316605029
0.4601533844614871,1.8970747939014614,-0.3259034908555034,1.8335800470948382,-0.3378612224914633
0.47015671890630206,1.8938032147697335,-0.3279012595853206,1.6407030496760289,-0.5449681304487837
0.480160053351117,1.8905115818382885,-0.3298442578400564,1.6921066399851281,-0.4794312819802786
0.49016338779593194,1.887200538114475,-0.3317368623717846,1.9471666721229905,-0.46755872067579374
0.5001667222407469,1.8838707092910114,-0.33358328401813764,1.8271463261851029,-0.13869903935022784
0.5101700566855618,1.8805227037459853,-0.33538756770230604,1.8270831080867713,-0.22476023243224308
0.5201733911303767,1.8771571125428534,-0.33715359243303894,1.737114460541372,-0.36796922611318345
0.5301767255751917,1.8737745094304428,-0.33888507130464385,1.7312712011938556,-0.38974003268972823
0.5401800600200066,1.870375450842949,-0.34058555149698655,1.9964216714615584,-0.5996836149758389
0.5501833944648216,1.866960275623332,-0.3422577360373781,1.9321238221552106,-0.3065973956875364
0.5601867289096365,1.8635289705014895,-0.3439028808247239,1.7744064771469703,-0.5608115589829921
0.5701900633544514,1.8600816675002938,-0.3455225872352867,1.8709010936573742,-0.4249464935948571
0.5801933977992664,1.85661849831559,-0.34711843775071266,1.8915199300187957,-0.3438406159221962
0.5901967322440813,1.8531395916349132,-0.34869198756069597,2.0934064253330504,-0.3845953316816496
0.6002000666888962,1.849645073137488,-0.3502447645629792,1.6961204492442084,-0.32335341931953177
0.6102034011337112,1.84613506549423,-0.3517782693633529,1.8791345680899947,-0.14790013307728742
0.6202067355785261,1.8426096883677443,-0.3532939752756558,1.967876375254931,-0.2997633164032294
0.6302100700233411,1.8390690584123266,-0.3547933283217749,2.058564492095261,-0.5331077864702025
0.640213404468156,1.8355132892739623,-0.35627774723164507,1.7395505593615002,-0.4952641384424738
0.6502167389129709,1.831942491590327,-0.3577486234432496,1.773471021116962,-0.5642515455766959
0.6602200733577859,1.8283567729907866,-0.35920732110261977,1.9236294150129472,-0.39254072566743575
0.6702234078026008,1.8247562380963966,-0.360655177063835,1.604135293920998,-0.5129920392449663
0.6802267422474157,1.8211409885199032,-0.3620935008890229,1.8681680656374327,-0.23637451570486576
0.6902300766922307,1.8175111228657426,-0.36352357484835923,2.1170207566195107,0.07355579505274018
0.7002334111370456,1.8138667367300407,-0.3649466539200678,1.87602815172144,-0.5133773719248474
0.7102367455818606,1.810207922700614,-0.36636396579042074,1.4904009805909177,-0.32620724643884536
0.7202400800266755,1.8065347703569687,-0.3677767108537381,1.6845936060604199,-0.43008029988069085
0.7302434144714904,1.8028473662703015,-0.3691860622123882,1.7110328464113302,-0.390304695174846
0.7402467489163054,1.799145794003499,-0.3705931656767875,1.9590428286216455,-0.3470358805599858
0.7502500833611203,1.7954301341111376,-0.3719991397654006,1.7716349085553345,-0.5273472026892724
0.7602534178059352,1.7917004641394845,-0.37340507570474024,1.540498022433831,-0.4463512620657399
0.7702567522507502,1.7879568586264964,-0.3748120374293672,1.7798894760037485,-0.10962255039238478
0.7802600866955651,1.7841993891018206,-0.3762210615818905,1.8037405673227536,-0.22881013492843189
0.7902634211403801,1.7804281240867939,-0.3776331575129674,1.705533784305921,-0.5553747224755211
0.800266755585195,1.7766431290944438,-0.3790493072813031,1.631875614759588,-0.4878332169616661
0.8102700900300099,1.7728442863674745,-0.38046987307307123,2.092114746232749,-0.5036778749567291
0.8202734244748249,1.7690312746872197,-0.3818945005164183,1.8948046552476714,-0.5173335772294723
0.8302767589196398,1.7652040334806978,-0.3833236696681008,1.9049399854118343,-0.3255810247522213
0.8402800933644547,1.7613625038485368,-0.3847578748873479,1.7378668191998232,-0.390872253807663
0.8502834278092697,1.757506623009343,-0.3861976068367394,1.6592884686949345,-0.31928677661442734
0.8602867622540846,1.7536363242996997,-0.3876433524822049,1.6853888022485828,-0.5714842170472921
0.8702900966988996,1.7497515371741688,-0.38909559509302416,1.5580609010262259,-0.36320740743470625
0.8802934311437145,1.7458521872052895,-0.39055481424182725,1.9827158756668546,-0.36655607220581155
0.8902967655885294,1.741938196083579,-0.3920214858045942,1.7241424471670965,-0.3491475648642128
0.9003001000333444,1.7380094816175318,-0.3934960819606553,1.9339097428735554,-0.36058870675607685
0.9103034344781593,1.734065957733621,-0.3949790711926908,1.6724268731085605,-0.2290357646837075
0.9203067689229742,1.7301075344762973,-0.3964709182867313,1.7944210002455394,-0.16610751948733252
0.9303101033677892,1.7261341180079883,-0.39797208433215736,1.7536192835912743,-0.5816424390902324
0.9403134378126041,1.7221456106091007,-0.39948302672169966,1.516921730722251,-0.15184383688701225
0.9503167722574191,1.7181419106780178,-0.4010041991514392,1.9766917687955123,-0.4279320811438293
0.960320106702234,1.7141229127311015,-0.40253605162080686,1.6566448145607033,-0.18331940778447653
0.9703234411470489,1.7100885074026912,-0.40407903043258386,1.5440316550961681,-0.5382880832759578
0.9803267755918639,1.7060385814451042,-0.40563357819290147,1.8025376006484608,-0.4648243466218399
0.9903301100366788,1.7019730177286352,-0.4072001338112411,1.7012047377206245,-0.43171656858991797
1.0003334444814937,1.6978916952415573,-0.4087791325004342,1.7485278775613973,-0.19765685330337668
1.0103367789263087,1.6937944890901206,-0.41037100577666247,1.7073822251253825,-0.3137801867851338
1.0203401133711236,1.6896812704985538,-0.4119761814594577,1.3821554553439004,-0.4192839417489754
1.0303434478159386,1.685551906809063,-0.41359508367170184,1.5590673662651322,-0.596417042735246
1.0403467822607535,1.6814062614818321,-0.4152281328396269,1.5496834064425196,-0.4653466489447487
1.0503501167055684,1.677244194095023,-0.4168757456928151,1.814629575448425,-0.6158346533537498
1.0603534511503834,1.6730655603447746,-0.4185383352641987,1.6776602842339372,-0.4911637502642355
1.0703567855951983,1.6688702120452046,-0.4202163108900602,1.6197192478909104,-0.2698026370943696
1.0803601200400132,1.6646579971284081,-0.4219100782100321,1.745375312678997,-0.22130036209362058
1.0903634544848282,1.660428759644458,-0.42362003916709723,1.6372529077569729,-0.5280114309177026
1.1003667889296431,1.6561823397614046,-0.42534659200758834,1.6226035172293296,-0.3889720733169051
1.110370123374458,1.6519185737652766,-0.4270901312811884,1.6784045775333332,-0.5897483421161933
1.120373457819273,1.64763729406008,-0.4288510478409305,1.6612107613042613,-0.3946167983200947
1.130376792264088,1.6433383291677992,-0.4306297288431979,2.0209594347978874,-0.14910303715094736
1.1403801267089029,1.6390215037283955,-0.43242655774772387,1.5110350011445726,-0.4755340619801003
1.1503834611537178,1.6346866384998089,-0.434241914317592,1.4151703382242584,-0.522847966412115
1.1603867955985327,1.6303335503579566,-0.4360761746192359,1.6776743008965076,-0.2551981314860009
1.1703901300433477,1.6259620522967335,-0.4379297110224393,1.5165994766351922,-0.5360516770326088
1.1803934644881626,1.6215714123997664,-0.43980329245337646,1.2994780579389682,-0.4642031805351126
1.1903967989329776,1.6171603028593462,-0.441698099875,1.4577981410804117,-0.5211140139799111
1.2004001333777925,1.6127286593540282,-0.443614366080105,1.48119954262889,-0.45775374921798856
1.2104034678226074,1.608276454505292,-0.4455523099134223,1.3446171958017974,-0.6656090967220709
1.2204068022674224,1.6038036483960878,-0.44751217333948773,1.9231907152003325,-0.6406255605305924
1.2304101367122373,1.5993101885708365,-0.44949422144264195,1.4347923518026406,-0.17395719219444483
1.2404134711570522,1.5947960100354304,-0.4514987424270308,2.0305560854214915,-0.627233736750832
1.2504168056018672,1.5902610352572322,-0.453526047616605,1.5350236917390276,-0.40229271497552854
1.2604201400466821,1.5857051741650752,-0.4555764714551201,1.845009820825914,-0.6036050332193557
1.270423474491497,1.5811283241492642,-0.45765037150613685,1.5443366472579476,-0.34104973509687525
1.280426808936312,1.5765303700615743,-0.45974812845302077,1.6417452812315672,-0.5161715391375357
1.290430143381127,1.571911184215252,-0.4618701460989425,1.5518377395378458,-0.6681045173544398
1.3004334778259419,1.5672706263850138,-0.4640168513668775,1.531544564788814,-0.5039749748682207
1.3104368122707568,1.562608543807048,-0.46618869429960624,1.5974340272509864,-0.5494877771224587
1.3204401467155717,1.5579247711790132,-0.46838614805971424,1.628655549560784,-0.31647877538673996
1.3304434811603867,1.5532191306600387,-0.4706097089295919,1.5765335298103087,-0.4178462476697114
1.3404468156052016,1.548491431870725,-0.4728598963114346,1.5564647340074051,-0.4728472373477225
1.3504501500500166,1.5437414718931435,-0.4751372527272427,1.4355077668617164,-0.4276631134762465
1.3604534844948315,1.538969035270836,-0.47744234381882156,1.5243760455088127,-0.16346709747923233
1.3704568189396464,1.5341738940088154,-0.47977575834778136,1.7701771293801019,-0.4218987754643062
1.3804601533844614,1.5293558075735658,-0.48213810819553743,1.4148972261193506,-0.6489998289930501
1.3904634878292763,1.5245145228930415,-0.48453002836330994,1.7031859658563713,-0.44511764459123915
1.4004668222740912,1.5196497743566677,-0.4869521769721241,1.5916712848654093,-0.748640075018253
1.4104701567189062,1.5147612838153413,-0.48940523526281005,1.6538770560490683,-0.4212421845306556
1.4204734911637211,1.5098487605814288,-0.4918899075960029,1.3432841579192571,-0.5626186287134952
1.430476825608536,1.5049119014287686,-0.4944069214521426,1.5444694820822467,-0.48653690169870606
1.440480160053351,1.4999503905926694,-0.4969570274314744,1.4561247127221362,-0.5124802676413686
1.450483494498166,1.4949638997699106,-0.49954099925404816,1.4571672930388777,-0.47665662243867785
1.4604868289429809,1.4899520881187431,-0.502159633759719,1.7106758840677168,-0.8871583998994136
1.4704901633877958,1.484914602258888,-0.5048137509081465,1.4493870625824352,-0.47833688770227945
1.4804934978326107,1.4798510762715373,-0.507504193778796,1.5242501747246022,-0.5632913809769895
1.4904968322774257,1.4747611316993545,-0.5102318285709371,1.211252864327567,-0.4610325060138206
1.5005001667222406,1.4696443775464731,-0.5129975446036447,1.7287469096711008,-0.7430767553410653
1.5105035011670556,1.464500410278498,-0.5158022543157985,1.5940746123332263,-0.5650810377842326
1.5205068356118705,1.4593288138225045,-0.5186468932660834,1.4501301619481775,-0.6765816698716758
1.5305101700566854,1.4541291595670391,-0.521532420132989,1.4039607337136577,-0.3265257309281452
1.5405135045015004,1.4489010063621193,-0.52445981671481,1.5362992926602752,-0.2646130759033184
1.5505168389463153,1.443643900519233,-0.5274300879296463,1.620255683865887,-0.46156708609020985
1.5605201733911302,1.438357375811339,-0.5304442618154022,1.6999475547365077,-0.4645952880046573
1.5705235078359452,1.4330409534728674,-0.5335033895297874,1.5572391799924263,-0.5779890325599937
1.5805268422807601,1.4276941421997185,-0.5366085453503164,1.4376760145785992,-0.641222118845358
1.590530176725575,1.422316438149264,-0.5397608266743088,1.5707540283384918,-0.7165063701415386
1.60053351117039,1.4169073249403457,-0.5429613540188891,1.5342598763029949,-0.571559012644663
1.610536845615205,1.4114662736532773,-0.5462112710209865,1.587153337673375,-0.43358092271129756
1.6205401800600199,1.4059927428298427,-0.5495117444373359,1.6790896664768629,-0.43989554076653914
1.6305435145048348,1.4004861784732965,-0.5528639641444761,1.1646801401253104,-0.5629069400792063
1.6405468489496497,1.3949460140483645,-0.5562691431387518,1.2191449351591421,-0.6340111194936929
1.6505501833944647,1.389371670481243,-0.5597285175363121,1.6160559354727513,-0.4640984459016577
1.6605535178392796,1.3837625561595999,-0.5632433465731115,1.278922991872788,-0.7153009515391713
1.6705568522840946,1.378118066932573,-0.5668149126049091,1.3830353808640121,-0.7492989350120782
1.6805601867289095,1.3724375861107714,-0.5704445211072691,1.2717665445012842,-0.5236431003745825
1.6905635211737244,1.366720484466275,-0.5741335006755606,1.5400172898822795,-0.4828192798418946
1.7005668556185394,1.3609661202326344,-0.5778832030249578,1.0172726939429193,-0.5322281936704188
1.7105701900633543,1.3551738391048715,-0.5816950029904397,1.3659788750897581,-0.5196114601845357
1.7205735245081692,1.3493429742394785,-0.5855702985267907,1.5917744264871596,-0.895056040047502
1.7305768589529842,1.3434728462544188,-0.5895105107085994,1.254807332475753,-0.5008745622895961
1.7405801933977991,1.3375627632291263,-0.59351708373026,1.1003236033110348,-0.3721247265222337
1.750583527842614,1.331612020704506,-0.5975914849059715,1.3868655126096046,-0.4706038870294609
1.760586862287429,1.3256199016829338,-0.6017352046697376,1.2399783524546646,-0.47967065117480606
1.770590196732244,1.3195856766282563,-0.6059497565753673,1.479856410026612,-0.5710180535547921
1.7805935311770589,1.3135086034657908,-0.6102366772964746,1.3486687373705952,-0.5696851914042157
1.7905968656218738,1.3073879275823261,-0.614597526626478,1.177886137871419,-0.6367268286625309
1.8006002000666887,1.301222881826121,-0.6190338874786017,1.278344501958267,-0.5615248078255775
1.8106035345115037,1.2950126865069054,-0.623547365885874,1.4449863235434495,-0.7823277781826354
1.8206068689563186,1.2887565493958804,-0.6281395910011288,1.2700051948479436,-0.4059212588522828
1.8306102034011336,1.2824536657257175,-0.6328122150970049,1.1709154314038328,-0.756149717690553
1.8406135378459485,1.2761032181905594,-0.6375669135659457,1.3064491469652384,-0.5109091349931477
1.8506168722907634,1.2697043769460197,-0.6424053849202,1.2714182852801186,-0.44306129635465163
1.8606202067355784,1.263256299609182,-0.6473293507918213,1.391775396994161,-0.521056340758312
1.8706235411803933,1.2567581312586018,-0.6523405559326682,1.3398756064572157,-0.3031925908807554
1.8806268756252082,1.2502090044343048,-0.657440768214404,1.2194347511043981,-0.9579691120243811
1.8906302100700232,1.2436080391377882,-0.6626317786284973,1.4842461933653592,-0.7312866932720211
1.9006335445148381,1.236954342832019,-0.6679154012862216,1.253136409483474,-0.4714827985571426
1.910636878959653,1.2302470104414365,-0.6732934734186552,0.9899080792825977,-0.8610405555345761
1.920640213404468,1.223485124351949,-0.6787678553766815,0.9832934337841208,-0.7978882988804951
1.930643547849283,1.216667754410937,-0.6843404306309886,1.282613245313486,-0.6057122542090729
1.9406468822940979,1.2097939579272516,-0.6900131057720702,1.2512350848265348,-0.9019279883559251
1.9506502167389128,1.2028627796712146,-0.6957878105102243,0.8563472641763179,-0.687634772701667
1.9606535511837277,1.1958732518746185,-0.701666497675554,1.125106846828868,-0.6327586319180623
1.9706568856285427,1.1888242394935804,-0.7076522399941094,1.294117283426771,-0.6869160251853071
1.9806602200733576,1.1817118325188285,-0.71376855736991,1.2957317953252065,-0.6793868512526497
1.9906635545181726,1.174534461355397,-0.7200242269005448,1.254044167195617,-0.8257252163310271
2.0006668889629875,1.167291755803514,-0.7264194463766475,1.1403500437287952,-0.6969030318781039
2.0106702234078027,1.1599832468282107,-0.7329547335201139,1.2830625181408235,-0.7920159093537997
2.0206735578526174,1.152608366559323,-0.7396309259841011,1.2307834549191399,-0.7795067447714079
2.030676892297432,1.1451664482914894,-0.7464491813530285,1.12753512319227,-0.6220213250494175
2.0406802267422472,1.1376567264841528,-0.7534109771425777,0.8386976708260294,-0.9478818263537918
2.0506835611870624,1.13007833676156,-0.7605181107996916,0.907750527145137,-1.1105605287769373
2.060686895631877,1.1224303159127622,-0.7677726997025747,1.0206906498894857,-0.6553576147434136
2.070690230076692,1.1147116018916128,-0.7751771811606942,1.0719789919342266,-0.7455086688694164
2.080693564521507,1.1069210338167697,-0.7827343124147791,1.2703036583233884,-0.5835813925746254
2.090696898966322,1.099057351971695,-0.7904471706368198,1.0886866617627742,-0.5874092872014102
2.100700233411137,1.0911191978046548,-0.7983191529300683,1.104938196569771,-0.9239288865041876
2.1107035678559516,1.0831051139287182,-0.8063539763290393,0.9939450610989079,-1.0284344532137917
2.1207069023007667,1.0750135441217579,-0.8145556777995094,0.94179346606171,-0.8682581810106738
2.130710236745582,1.0668428333264512,-0.8229286142385164,1.1873805862332414,-0.5648131395636189
2.1407135711903966,1.0585912276502794,-0.8314774624743597,0.8512640003437233,-0.7725533422353719
2.1507169056352113,1.0502568743655265,-0.8402072192666018,0.8941752834918963,-0.7690026559971215
2.1607202400800265,1.0418378219092808,-0.8491232013060666,1.0221748243061217,-1.123759075183196
2.1707235745248417,1.0333320198834346,-0.8582310452148394,1.1725765686187073,-0.9489811521361491
2.1807269089696564,1.024737319054684,-0.8675367075462674,0.9446522832986508,-1.027999569239721
2.190730243414471,1.0160514713545288,-0.8770464647849602,0.9179089798513954,-0.8128628986807226
2.2007335778592862,1.0072721298792717,-0.8867669133467895,0.9788854787388109,-0.8374676130044173
2.2107369123041014,0.9983968488900207,-0.8967049695788879,1.0526851269793471,-0.6986057212496628
2.220740246748916,0.989423083812687,-0.9068678697596502,0.93800516118303,-1.1283965422865099
2.230743581193731,0.9803481912379852,-0.9172631700987335,1.1404315537237826,-0.9669863959133217
2.240746915638546,0.9711694289214335,-0.9278987467370571,1.13835829560804,-0.8703921797596865
2.250750250083361,0.9618839557833551,-0.9387827957468011,0.9422133262528534,-0.8864664116398568
2.260753584528176,0.952488831908876,-0.9499238331314075,1.245140715927821,-0.6383767537733445
2.2707569189729906,0.9429810185479264,-0.9613306948255812,0.9533881888178432,-0.9373021058280199
2.2807602534178057,0.9333573781152393,-0.9730125366952891,1.0947934017351972,-1.0998616916103912
2.290763587862621,0.923614674190353,-0.9849788345377586,0.9735752300830913,-0.988858261730837
2.3007669223074356,0.9137495715176092,-0.9972393840814793,0.9608358032362422,-1.1222447049738902
2.3107702567522503,0.9037586360061525,-1.0098043009862034,0.6653235120098071,-1.3207518163848972
2.3207735911970655,0.8936383347299315,-1.0226840208429455,0.7260307177814903,-1.0914853135838454
2.3307769256418807,0.8833850359276996,-1.0358892991739808,0.8394062979303853,-0.7453046248095532
2.3407802600866954,0.8729950090030136,-1.0494312114328457,1.0388940144891083,-1.1937448788840896
2.35078359453151,0.8624644245242333,-1.0633211530043407,0.9146206923918768,-1.1243828884568894
2.3607869289763252,0.8517893542245227,-1.0775708392045273,0.8091347785185085,-1.0497719917922201
2.3707902634211404,0.8409657710018498,-1.0921923052807283,0.9338414385481588,-1.1430810778633307
2.380793597865955,0.8299895489189868,-1.107197906411528,0.9895672788291405,-1.2784886403328886
2.39079693231077,0.8188564632035089,-1.122600317706774,0.8198073225578492,-0.7329492587173991
2.400800266755585,0.807562190247795,-1.1384125342075757,0.8410241516415862,-0.9234303582166498
2.4108036012004,0.7961023076090281,-1.1546478708863028,0.8098303343350094,-1.0675313065868333
2.420806935645215,0.784472294009196,-1.1713199626465876,0.7759548148502923,-1.1968810998212183
2.4308102700900296,0.7726675293350888,-1.1884427643233249,0.6557451698262758,-1.123897560479692
2.4408136045348447,0.7606832946383003,-1.2060305506826718,0.6329527162604351,-1.1061927652356576
2.45081693897966,0.7485147721352294,-1.2240979164220458,0.9113078228021159,-1.1691182053364613
2.4608202734244746,0.7361570452070783,-1.2426597761701261,0.6932197351737245,-1.1745649392738218
2.4708236078692893,0.7236050983998525,-1.2617313644868555,0.6773041400678906,-1.121399295667083
2.4808269423141045,0.710853817424361,-1.2813282358634384,0.4361429047920925,-1.3316693410812352
2.4908302767589197,0.6978979891562176,-1.3014662647223398,0.3992761898876179,-1.5257253892564206
2.5008336112037344,0.6847323016358403,-1.3221616454172862,0.8893116361079267,-1.1878838981215334
2.510836945648549,0.6713513440684491,-1.3434308922332683,0.5634293090757305,-1.5688064106394028
2.5208402800933642,0.6577496068240685,-1.3652908393865377,0.21307028114782078,-1.446815165576433
2.5308436145381794,0.6439214814375273,-1.3877586410246074,1.0069837332746376,-1.3225260003050603
2.540846948982994,0.6298612606084585,-1.410851771226251,0.5459254177010351,-1.341089739801205
2.550850283427809,0.6155631382012977,-1.4345880240015063,0.38141938525213126,-1.4791865284061516
2.560853617872624,0.6010212092452841,-1.4589855132916736,0.615942830197645,-1.471900611064831
2.570856952317439,0.5862294699344621,-1.484062672969312,0.7048503881879742,-1.4323658890339042
2.580860286762254,0.5711818176276796,-1.5098382568382436,0.6714307203438792,-1.6130940991728575
2.5908636212070686,0.5558720508485874,-1.5363313386335533,0.6905443621101696,-1.2919907964899546
2.6008669556518837,0.5402938692856396,-1.563561312021589,0.39477144133792774,-1.696715660378773
2.610870290096699,0.524440873792096,-1.5915478905999576,0.724808524240131,-1.6202494886042167
2.6208736245415136,0.5083065663860198,-1.6203111078975279,0.7188797751960033,-1.6866914646813553
2.6308769589863283,0.49188435025027677,-1.649871317374433,0.7101411866908834,-1.6301484448536152
2.6408802934311435,0.47516752973253606,-1.6802491924220684,0.5139018532309403,-1.4455414891715828
2.6508836278759587,0.45814931034527284,-1.7114657263630881,0.40388373872864713,-1.8526340407518318
2.6608869623207734,0.44082279876576513,-1.7435422324514087,0.373538167561512,-1.6756921398549378
2.670890296765588,0.4231810028360943,-1.7765003438722102,0.18831714200901714,-1.680879708474542
2.6808936312104032,0.40521683156314414,-1.8103620137419365,0.32440113392048264,-1.638190114631902
2.6908969656552184,0.38692309511860545,-1.8451495151082886,0.027784049383534737,-1.963134381373914
2.700900300100033,0.3682884253139401,-1.8808694350824644,0.11531820262882486,-2.0048038550370575
2.710903634544848,0.3492947184589436,-1.9175191048332905,0.3864446036252851,-1.9444030986507537
2.720906968989663,0.3299304117361026,-1.9551315419825825,0.2919237763939004,-1.9790092726895916
2.730910303434478,0.31018437802548826,-1.993735264588399,0.3406926141184798,-2.1450156708798653
2.740913637879293,0.29004568426870836,-2.0333531036536403,0.39607313040356595,-1.9339532080958177
2.7509169723241076,0.26950359146890523,-2.0740022031260508,0.32725928211732036,-1.9905221867133613
2.7609203067689227,0.2485475546907576,-2.1156940198982177,0.2930102548120565,-1.8104330244885576
2.770923641213738,0.2271672230604826,-2.1584343238075645,0.2141030974026061,-2.204496806557751
2.7809269756585526,0.20535243976583362,-2.202223197636357,0.09232330271222694,-2.3570625982230324
2.7909303101033673,0.1830932420560988,-2.247055037111706,-0.0035775260840624767,-2.380374634096344
2.8009336445481825,0.16037986124210257,-2.2929185509055636,0.14977780399429189,-2.2427742816309064
2.8109369789929977,0.1372027226962077,-2.339796760634719,0.14487403147903197,-2.454627052249176
2.8209403134378124,0.11355244585231355,-2.3876670008608034,0.24858013045530805,-2.276755100015661
2.830943647882627,0.08941984420585386,-2.4365009190902924,0.0654725980925513,-2.534438340789999
2.8409469823274422,0.06479592531379857,-2.4862644757745054,0.1470601134382685,-2.4580684376515896
2.8509503167722574,0.039671890794656495,-2.536917944309596,-0.17754719811760064,-2.547114982707257
2.860953651217072,0.014039136328472646,-2.588415911036561,0.0533445081396298,-2.7233701290097243
2.870956985661887,-0.012110748343173439,-2.6407072752412426,0.01636576058244301,-2.858930648029911
2.880960320106702,-0.03878597941716627,-2.693735249154324,0.16164193558465936,-2.5065427513954095
2.890963654551517,-0.0659945790288512,-2.747437357951326,-0.1038721791742959,-2.692919207275465
2.900966988996332,-0.09374437525203733,-2.80174543975261,-0.45523267012201857,-2.9751975887924096
2.9109703234411466,-0.12204299461328394,-2.8565856545848742,-0.1661098326361034,-3.017405607798903
2.9209736578859617,-0.1508894727562603,-2.9118784348808537,-0.043730000361661484,-2.6122839552686545
2.930976992330777,-0.18028467109531118,-2.9674946980273855,-0.35677687900970645,-3.0931142086401646
2.9409803267755916,-0.21023525597275994,-3.023274519411003,-0.1749180007262704,-2.78160709713606
2.9509836612204063,-0.24074510843874947,-3.079045607061609,-0.42410125531973497,-3.0416901887155676
2.9609869956652215,-0.27181532425123944,-3.1346233016524705,0.0013795033707268423,-3.3823871738793607
2.9709903301100367,-0.30344421387600373,-3.189810576500215,-0.49560459490287856,-3.2533515674693407
2.9809936645548514,-0.33562730248663286,-3.244398037564836,-0.4137155644149445,-3.1225078444017895
2.990996998999666,-0.36835732996453696,-3.2981639234496947,-0.33210837199141124,-3.564408232396014
3.0010003334444812,-0.40162425089894305,-3.350874105401518,-0.32431269046382144,-3.4375049385048655
3.0110036678892964,-0.4354152345868921,-3.402282087310393,-0.2442481520457062,-3.496420217775931
3.021007002334111,-0.46971466503324183,-3.452129005709772,-0.5652069574985772,-3.3709592640890924
3.031010336778926,-0.5045041409506696,-3.5001436297764763,-0.3900651686001292,-3.432928725186046
3.041013671223741,-0.5397624757596702,-3.5460423613306915,-0.7926020733673914,-3.465337195341454
3.051017005668556,-0.5754656975885513,-3.5895292348359646,-0.7306119053397111,-3.554237818097725
3.061020340113371,-0.6115870492734377,-3.6302959173992075,-0.8251472145832967,-3.563347595267748
3.0710236745581856,-0.6480969883582745,-3.668021708770701,-0.7690868240043803,-3.8604169063097795
3.0810270090030007,-0.6849631870948232,-3.7023735413440892,-0.5778901666224633,-3.6661268630925767
3.091030343447816,-0.7221505324426591,-3.7330059801563795,-0.8142470526515937,-3.51532915280322
3.1010336778926306,-0.7596211260691742,-3.7595612228879434,-0.8257189893046356,-3.754745071792303
3.1110370123374453,-0.7973342843495808,-3.7816690998625204,-0.7569972671977906,-3.8746189899818124
3.1210403467822605,-0.8352465383669075,-3.7989470740472138,-0.7645760943569182,-3.8789649261219226
3.1310436812270757,-0.8733129873382286,-3.810999383068084,-0.93505873567066,-3.606602987097583
3.1410470156718904,-0.911504288239727,-3.8174525041080196,-1.067592196116592,-4.179369553747443
3.151050350116705,-0.949756681761698,-3.818074909210595,-0.7081161325099139,-3.4356757163195444
3.1610536845615202,-0.9879954553664477,-3.812694222880873,-1.0487858451838474,-4.103219928973901
3.1710570190063354,-1.0261480649831707,-3.8011756530511165,-1.0727206614125622,-3.844109095527217
3.18106035345115,-1.0641441350079535,-3.7834219910807936,-1.0926327111612921,-3.9504301973690708
3.191063687895965,-1.101915458303779,-3.7593736117565735,-1.0149812869323074,-3.6806975054636606
3.20106702234078,-1.139395996200521,-3.729008473292326,-1.363556839173417,-3.624128963538093
3.211070356785595,-1.1765218784949427,-3.692342117329126,-0.8686191312030591,-3.666548067463567
3.22107369123041,-1.2132314034506992,-3.6494276689352514,-1.263830177760975,-3.6707281510963794
3.2310770256752246,-1.2494650377983416,-3.60035583660618,-1.1571765227530575,-3.8599565774322624
3.2410803601200397,-1.2851654167353121,-3.5452549122645896,-1.2605068112887168,-3.603824504684011
3.251083694564855,-1.3202773439259423,-3.484290771260366,-1.0431035919825355,-3.5104166813311095
3.2610870290096696,-1.354747791501456,-3.417666872370598,-1.1045646498335282,-3.583227977037899
3.2710903634544843,-1.3885259000599723,-3.345624257799571,-1.3004370250395536,-3.2977142182308867
3.2810936978992995,-1.4215629786665018,-3.2684415531787727,-1.551920065846219,-3.241832135983232
3.2910970323441147,-1.4538125048529449,-3.1864349675668984,-1.271934679328205,-3.2350037232098883
3.3011003667889294,-1.4852301246180937,-3.099958293449848,-1.7390245219935583,-3.102592717421465
3.311103701233744,-1.5157736524276353,-3.009402906740715,-1.651137116646512,-3.0607540475402972
3.3211070356785592,-1.5454030712141487,-2.9151977667797953,-1.5576412366669168,-3.171045599182123
3.3311103701233744,-1.5740805323771028,-2.8178094163345957,-1.8164292832752045,-2.745499391005767
3.341113704568189,-1.6017689969140827,-2.7177595000260943,-1.6801768013395348,-3.1024711512991794
3.351117039013004,-1.6284138723520216,-2.615950282953819,-1.5106872668608013,-2.575094819662683
3.361120373457819,-1.6540031146842502,-2.5129943284030483,-1.7610843382897228,-2.7105188600617844
3.371123707902634,-1.6785419849481977,-2.4093164329425956,-1.5531708005010472,-2.356913839558531
3.381127042347449,-1.702037233211589,-2.305322247975242,-1.344646890808978,-2.2422939581665013
3.3911303767922636,-1.7244970985724457,-2.201398279737728,-1.6663416273831435,-2.2264374692540128
3.4011337112370787,-1.7459313091590851,-2.097911889300762,-1.6234149290789666,-2.0041491091135386
3.411137045681894,-1.766351082130118,-1.9952112925690297,-1.578592330845339,-2.0734097303646224
3.4211403801267086,-1.78576912367445,-1.8936255602811856,-1.8510802446160444,-1.9654910359179825
3.4311437145715233,-1.8041996290112838,-1.7934646180098421,-1.6855793708344355,-1.5687084519653323
3.4411470490163385,-1.8216582823901184,-1.6950192461615816,-1.8904843563625136,-1.7587353053305452
3.4511503834611537,-1.838162257090745,-1.5985610799769618,-1.7910506735102751,-1.6354253049788972
3.4611537179059684,-1.8537302154232511,-1.504342609530511,-1.7109221674522677,-1.8421092031233681
3.471157052350783,-1.8683823087280207,-1.4125971797307135,-1.9923880657655548,-1.5299596298249303
3.4811603867955982,-1.8821401773757331,-1.3235389903200252,-2.2301935792336547,-1.4680847569753457
3.4911637212404134,-1.8950269507673614,-1.2373630958748774,-2.0323003681442504,-1.2675287940527018
3.501167055685228,-1.907067247334174,-1.1542454058056686,-1.7401223635851346,-1.191004503484274
3.511170390130043,-1.9182871745377366,-1.074342684356759,-2.0729092325784095,-1.0828858655387883
3.521173724574858,-1.928714328869909,-0.9977925506064758,-1.7713382856537065,-1.1441863730237114
3.531177059019673,-1.9383777958528454,-0.9247134784671236,-2.074964028441063,-0.8409311345759901
3.541180393464488,-1.9473081500389962,-0.8552047966849738,-1.9805385673986162,-0.7580820930785527
3.5511837279093026,-1.9555383970523341,-0.7893302155204759,-1.9575854158216286,-0.6840806683070408
3.5611870623541177,-1.9631240586452565,-0.7267035270665828,-2.1183857757513525,-0.7285162246848229
3.571190396798933,-1.9701034614278647,-0.6670774838173382,-2.0017069635823383,-0.8494611224329578
3.5811937312437476,-1.976503585255591,-0.6103698251726869,-2.211025277435894,-0.5075074698814876
3.5911970656885623,-1.9823509511736932,-0.5564965599971254,-2.03499380850639,-0.7098386022442249
3.6012004001333775,-1.9876716214172556,-0.5053719666197078,-2.0020984619557556,-0.33616913801731246
3.6112037345781927,-1.9924911994111885,-0.4569085928340498,-2.334601876216977,-0.6814043963195487
3.6212070690230074,-1.996834829770227,-0.41101725589832283,-2.135267796054517,-0.1918404258902735
3.631210403467822,-2.000727198298934,-0.36760704253525145,-1.9583391508610397,-0.25250945646606743
3.6412137379126372,-2.004192531991697,-0.3265853089321176,-2.1752166698606317,-0.4945156902226966
3.6512170723574524,-2.00725459903273,-0.28785768074076346,-1.9400825415243237,-0.2791165311004465
3.661220406802267,-2.009936708796073,-0.25132805307758777,-1.9276258859664541,-0.27947870171685557
3.671223741247082,-2.012261711845592,-0.21689859052354288,-1.9705401528773978,-0.1931807277877765
3.681227075691897,-2.0142519999349786,-0.18446972712413823,-1.8975868915722398,-0.06341848483246765
3.691230410136712,-2.015929506007751,-0.1539401663894432,-2.2589103051665167,-0.4910304496905715
3.701233744581527,-2.0173157041972534,-0.12520688129408342,-1.8670538945495272,0.052951882695207064
3.7112370790263416,-2.018430642777065,-0.09816438806189853,-2.1715240957040653,-0.37713969904374284
3.7212404134711567,-2.019286503017992,-0.07271006331057467,-2.0044312798669117,0.06691567064200474
3.731243747915972,-2.0198964313517442,-0.0487590323767666,-1.750257252986597,0.028685603438451043
3.7412470823607866,-2.020273917781568,-0.026230726636443477,-2.0760314222694225,-0.16020031987417288
3.7512504168056013,-2.020431994824594,-0.005047169932192286,-2.018714301073996,-0.049936875514980744
3.7612537512504165,-2.020383237511837,0.014867021426779842,-2.1726434233711593,0.3221803690562728
3.7712570856952317,-2.0201397633881975,0.03358463866464398,-1.7523645030773778,0.20399194119795824
3.7812604201400464,-2.0197132325124603,0.05117588053895161,-2.1578407921838294,0.1794287791835434
3.791263754584861,-2.019114847457295,0.0677083533406358,-1.9231708860326098,0.13409019697124375
3.8012670890296762,-2.0183553533092558,0.0832470708940096,-1.8309055632526892,0.1785527423232012
3.8112704234744914,-2.017445037668782,0.09785445455676459,-1.9064429022231315,0.1933903970625961
3.821273757919306,-2.0163937306501976,0.1115903332199728,-1.9652750194498816,-0.15595133623715468
3.831277092364121,-2.015210804881711,0.12451194330808746,-2.002667643270127,0.041083149480718686
3.841280426808936,-2.013904368243848,0.13667248385703454,-2.205880511889851,0.3889449767521581
3.851283761253751,-2.0124806994482305,0.1481172254283229,-1.753131398315375,0.3520003154726647
3.861287095698566,-2.0109461386981318,0.15888840736981835,-1.9726641261697506,0.3614821755127169
3.8712904301433806,-2.0093067894052123,0.16902660673720485,-2.0074988123149384,0.19944619827187177
3.8812937645881957,-2.0075685152317995,0.17857073695218417,-2.171589220801097,0.23811943262701019
3.891297099033011,-2.0057369400908898,0.18755804780247526,-1.9966790508272272,-0.0078397697226944
3.9013004334778256,-2.003817448146148,0.1960241254418152,-2.0114970149186373,0.1840646908632939
3.9113037679226403,-2.001815183811907,0.20400289238995983,-1.7321810088152112,0.33813489166697125
3.9213071023674555,-1.9997350517531687,0.21152660753268288,-1.9980182358894487,0.2488447040028453
3.9313104368122707,-1.9975817168856027,0.21862586612177537,-1.990949860169973,0.1881887684024432
3.9413137712570854,-1.9953596043755477,0.22532959977504657,-2.1577236839837908,0.2026718181340072
3.9513171057019,-1.9930728996400098,0.23166507647632412,-2.104987638137887,0.044117745637852174
3.9613204401467152,-1.9907256397523883,0.23765879013666177,-1.914042367570258,0.296348489126647
3.9713237745915304,-1.9883211928365498,0.24333410453456883,-2.2563273195417617,0.22493140891029975
3.981327109036345,-1.9858620981590729,0.2487090627202971,-1.8365068902740844,0.40759262355474524
3.99133044348116,-1.983350807868245,0.25380099241131626,-1.8294752814354591,0.2596379734465352
4.001333777925975,-1.9807897057270405,0.25862663856041934,-2.1075465049224134,0.09607181445671026
4.01133711237079,-1.9781811071131221,0.26320216335572216,-1.9264903714005686,0.3200941685104966
4.021340446815605,-1.9755272590188406,0.2675431462206641,-1.7824275922780808,0.43254009377197666
4.03134378126042,-1.9728303400512341,0.2716645838140075,-1.99266463853091,0.08503370198487709
4.041347115705235,-1.9700924604320285,0.275580890029839,-2.017958449983663,0.3081655692514177
4.05135045015005,-1.9673156619976375,0.27930589599756755,-1.997628148806048,0.19262177978591918
4.061353784594864,-1.9645019181991632,0.2828528500819255,-1.9265691959536784,0.20725918887033395
4.071357119039679,-1.9616531341023946,0.2862344178829693,-2.0558630466612007,0.33295234302848525
4.0813604534844945,-1.9587711463878088,0.28946268223607785,-2.0190700334071896,0.3260783405828307
4.09136378792931,-1.955857723350571,0.2925491432119536,-1.9148771199227526,0.1216347930482174
4.101367122374125,-1.952914564900534,0.29550471811662243,-2.025100733480346,0.5111712591040918
4.111370456818939,-1.9499433025622384,0.2983397414914331,-2.1242552294723813,-0.01915842585414651
4.121373791263754,-1.9469453753411152,0.30106367849396226,-2.226222148327492,0.3054301704804626
4.131377125708569,-1.943921560664114,0.3036832709106685,-1.9392839689592092,0.28604164259690035
4.141380460153384,-1.940872564043999,0.3062040579249566,-1.7587440897047237,-0.09472110704048409
4.151383794598199,-1.9377990887708794,0.30863144127199194,-1.8784090076062558,0.5428471715425279
4.161387129043014,-1.9347018246773204,0.3109706856775204,-2.1038689394110777,0.2539997089090361
4.171390463487829,-1.9315814481383435,0.3132269188578693,-2.0445152357226366,0.17907501194623998
4.181393797932644,-1.928438622071425,0.3154051315199472,-1.977377922824881,0.529527924072623
4.191397132377459,-1.9252739959364975,0.31751017736124365,-1.6496659946133696,0.26711929360522146
4.201400466822274,-1.9220882057359483,0.31954677306983015,-1.6363291736262777,0.3248832446175239
4.211403801267089,-1.918881874014621,0.32151949832435855,-1.6558282200094587,0.30752470087633477
4.221407135711903,-1.9156556098598154,0.32343279579406226,-1.8959969359528939,0.37825396669048744
4.231410470156718,-1.9124100089012852,0.3252909711387562,-1.435581956996155,0.45298380736547456
4.2414138046015335,-1.9091456533112416,0.32709819300883614,-2.0152353328039614,0.4724478735502148
4.251417139046349,-1.90586311180435,0.3288584930452791,-1.9601379923670013,0.2553959656100977
4.261420473491164,-1.9025629396377326,0.3305757658796435,-1.7662727356539158,0.3352386040453164
4.271423807935978,-1.8992456786109666,0.3322537691340687,-1.8574592914341956,0.33435155241386255
4.281427142380793,-1.8959118570660842,0.3338961234212758,-1.845424388075269,0.39764100803669816
4.291430476825608,-1.8925619898875747,0.33550631234456657,-2.183107029793387,0.4354922126359966
4.301433811270423,-1.889196578502382,0.33708768249782417,-2.036499491476927,0.1207428121639125
4.311437145715238,-1.8858161108799059,0.3386434434655133,-1.8945777974587081,0.3512405939626814
4.321440480160053,-1.882420943026765,0.3401762226640729,-1.9864468677126073,0.464831001314269
4.331443814604868,-1.8790110177488666,0.3416869235778373,-2.0803372927045025,0.2806453612619535
4.341447149049683,-1.875586415152553,0.34317683428457674,-1.963317535392503,0.33618874373367585
4.351450483494498,-1.8721472300759903,0.34464728258086985,-1.8303175873789044,0.19346334013733815
4.361453817939313,-1.8686935553103858,0.34609957623193055,-1.7600511536919516,0.3555499314821355
4.371457152384128,-1.8652254815999911,0.347535002971607,-2.1490174195967775,0.053746286912052355
4.381460486828942,-1.8617430976421,0.3489548305023821,-1.8635909915814968,0.315809732834429
4.391463821273757,-1.858246490087049,0.3503603064953737,-1.873759507123244,0.346162938015841
4.4014671557185725,-1.8547357435382181,0.3517526585903341,-1.820901767611691,0.49390010006757906
4.411470490163388,-1.8512109405520296,0.3531330943956505,-2.0178766756896636,0.17733735546053128
4.421473824608203,-1.8476721616379492,0.35450280148834457,-2.0116707403210565,0.3978403015636506
4.431477159053017,-1.8441194852584852,0.35586294741407276,-1.6573773784615184,0.2911620316781462
4.441480493497832,-1.8405529878291886,0.3572146796871265,-2.2158079644531368,0.10161575029557018
4.451483827942647,-1.8369727437186534,0.3585591257904316,-1.9619282521380552,0.2748997926661494
4.461487162387462,-1.833378825248517,0.3598973931755484,-1.894637119336726,0.365684561622686
4.471490496832277,-1.8297713026934588,0.36123056926267255,-1.8765332523168259,0.5186315108441837
4.481493831277092,-1.8261502442812017,0.3625597214406339,-1.927552840133407,0.23321202751930248
4.491497165721907,-1.822515716192511,0.3638858970668972,-1.7506843854144418,0.13353958657797935
4.501500500166722,-1.8188677825611956,0.36521012346756176,-1.7604140267631954,0.3805931010265018
4.511503834611537,-1.8152065054741071,0.36653340793736167,-1.8373228789618323,0.604774824009751
4.521507169056352,-1.8115319449711391,0.3678567377396658,-1.9048630617653468,0.6769014633182775
4.531510503501167,-1.807844159045229,0.3691810801064777,-1.841658876429444,0.1776286133609435
4.541513837945981,-1.804143203642357,0.3705073822384354,-1.7936552664931333,0.20907060219062015
4.551517172390796,-1.8004291326615456,0.371836571304812,-1.9131925098335707,0.4313915663071357
4.5615205068356115,-1.7967019979548606,0.373169554443515,-1.7133646846573418,0.2798443994053763
4.571523841280427,-1.792961849327411,0.3745072187610867,-1.644851077570451,0.5481333824642568
4.581527175725242,-1.7892087072369707,0.3758503366898862,-1.573763443752477,0.4552623477587445
4.591530510170056,-1.7854422292675545,0.3771983933705929,-1.5809279224546997,0.09507862917448429
4.601533844614871,-1.7816622573023213,0.37855147512844556,-1.8293482395965908,0.2485006866799316
4.611537179059686,-1.7778687338839885,0.37991002176212385,-1.7599848547148798,0.29419263888261327
4.621540513504501,-1.7740615978178749,0.3812744696020372,-1.7989852741103347,0.6636007016326446
4.631543847949316,-1.7702407841719012,0.38264525151032486,-1.795698753634958,0.44471409908885695
4.641547182394131,-1.7664062242765919,0.3840227968808555,-1.8012466237652272,0.39537979007438057
4.651550516838946,-1.7625578457250726,0.38540753163922736,-1.7616553436596618,0.4526561415352013
4.661553851283761,-1.7586955723730724,0.3867998782427684,-1.583899442040996,0.6339089778832678
4.671557185728576,-1.7548193243389223,0.388200255680536,-1.7083763120525473,0.4766322885858763
4.681560520173391,-1.750929018003555,0.3896090794733175,-1.92355869438139,0.37642756811097444
4.691563854618206,-1.7470245660105068,0.39102676167362954,-1.6059811462779685,0.5209220574362026
4.70156718906302,-1.7431058772659163,0.3924537108657183,-1.7113644173466587,0.5254128048009111
4.711570523507835,-1.739172856938523,0.39389033216555996,-1.6655578505894502,0.5739362709044582
4.7215738579526505,-1.7352254064596706,0.39533702722086,-1.691821532916104,0.3419822798852048
4.731577192397466,-1.7312634235233044,0.39679419421105355,-1.6808872349833508,-0.04279496216686279
4.741580526842281,-1.7272868020859724,0.39826222784730536,-1.669853941628215,-0.14899969593491214
4.751583861287095,-1.7232954323668248,0.3997415193725097,-1.9818149434776375,0.4675068095136573
4.76158719573191,-1.719289200847614,0.4012324565612908,-1.6476598002575946,0.22686813954030124
4.771590530176725,-1.715267990272695,0.4027354237200021,-1.822083296554536,0.6083165720121219
4.78159386462154,-1.711231679649026,0.4042508016867266,-1.7838361993849272,0.7406888485471743
4.791597199066355,-1.7071801442461656,0.40577896783127754,-1.7074681222226176,0.46698439436346756
4.80160053351117,-1.7031132555962767,0.407320296055197,-1.4605820958214855,0.4269743634842099
4.811603867955985,-1.6990308814941242,0.40887515679175707,-1.8493824785977444,0.3924160390376136
4.8216072024008,-1.694932885997075,0.4104439170059594,-1.7002744964255885,0.20573266917572458
4.831610536845615,-1.6908191294250985,0.412026940194535,-1.729193940126222,0.3006981260949195
4.84161387129043,-1.6866894683607665,0.41362458638594507,-1.5480358047826515,0.4188163675137334
4.851617205735245,-1.6825437556492535,0.41523721214037984,-1.724963118021389,0.3993099225469934
4.861620540180059,-1.6783818403983366,0.41686517054975925,-1.6449135376374118,0.5093873005032262
4.871623874624874,-1.674203567978394,0.41850881123773315,-1.8241604022788012,0.2622706663445424
4.8816272090696895,-1.6700087800224075,0.4201684803596808,-1.504306897712028,0.3583179495289712
4.891630543514505,-1.6657973144259612,0.42184452060271094,-1.8783236283154923,0.4884164270101766
4.90163387795932,-1.6615690053472414,0.4235372711856621,-1.5920635344423384,0.19392998259715613
4.911637212404134,-1.6573236832070373,0.4252470678591022,-1.6229014258874963,0.5355845317233583
4.921640546848949,-1.6530611746887391,0.4269742429053292,-1.5969032069327997,0.5217714654695385
4.931643881293764,-1.648781302738341,0.4287191251383703,-1.8594216674519533,0.47837514838779965
4.941647215738579,-1.6444838865644391,0.4304820399039822,-1.6898768504850061,0.3580635160952855
4.951650550183394,-1.640168741638231,0.4322633090796517,-1.509585400225272,0.6541544856807862
4.961653884628209,-1.6358352801674745,0.4340644501106477,-1.3666797719774206,0.6312856308365334
4.971657219073024,-1.6314814393170438,0.4358914533200823,-1.6479415665615713,0.48879947777403376
4.981660553517839,-1.627107027982116,0.43774476742390156,-1.5120835972144795,0.4559214598188209
4.991663887962654,-1.6227121211489621,0.439624040834045,-1.6030974929622304,0.5631870106154723
5.001667222407469,-1.618296778533912,0.44152896102766986,-1.6271891754378018,0.33213592057162067
5.011670556852284,-1.6138610445833566,0.44345925454715035,-1.6760320044587353,0.5385458112072117
5.021673891297098,-1.609404948473747,0.4454146870000779,-1.6089559547937535,0.4964461835303286
5.031677225741913,-1.6049285041115933,0.447395063059262,-1.5044166177812648,0.39116884362462057
5.0416805601867285,-1.6004317101334666,0.4494002264627291,-1.4869944855889958,0.5062266169814883
5.051683894631544,-1.595914549905998,0.451430060013723,-1.7811365129427197,0.6677757786916596
5.061687229076359,-1.5913769915258782,0.4534844855807049,-1.6664887030894155,0.20522018410292736
5.071690563521173,-1.5868189878198589,0.45556346409735343,-1.7435755442578043,0.30240668999560516
5.081693897965988,-1.5822404763447502,0.4576669955625649,-1.5744144785461203,0.41658941973062935
5.091697232410803,-1.577641379387424,0.4597951190404527,-1.628166174533513,0.5527504138628245
5.101700566855618,-1.5730216039648117,0.46194791266034746,-1.5220402997859062,0.5093550932569904
5.111703901300433,-1.568381041823904,0.4641254936167977,-1.5069067732246,0.5565456938171335
5.121707235745248,-1.5637195694417523,0.46632801816956904,-1.8799125707083686,0.4116622803298999
5.131710570190063,-1.5590370480254685,0.4685556816436443,-1.8860685576988896,0.4739646706633136
5.141713904634878,-1.554333323512224,0.47080871842922406,-1.555028269345876,0.6276385596476761
5.151717239079693,-1.5496082265692508,0.47308740198172583,-1.3714630676610826,0.503503659219581
5.161720573524508,-1.5448615725938397,0.4753920448217852,-1.6199157342033748,0.5481662117036459
5.171723907969323,-1.5400931617133427,0.47772299853525463,-1.6192808073119898,0.4775141008187523
5.181727242414137,-1.5353027787851723,0.4800806537732038,-1.3873823312410571,0.39641495187479026
5.191730576858952,-1.5304901933967991,0.48246544025192056,-1.409638397510424,0.584075645555766
5.2017339113037675,-1.525655159865756,0.4848778267529094,-1.6688739324353792,0.6309619459855196
5.211737245748583,-1.5207974172396346,0.48731832112289253,-1.4160124654339088,0.5026072042287911
5.221740580193398,-1.515916689296087,0.4897874702738095,-1.6302652080002347,0.36090656748747396
5.231743914638212,-1.5110126845428258,0.49228586018281695,-1.5916620710782792,0.573675029676611
5.241747249083027,-1.5060850962176222,0.49481411589228974,-1.649428871327832,0.5604409531852702
5.251750583527842,-1.5011336022883093,0.4973729015098193,-1.687396931620068,0.4667626138439919
5.261753917972657,-1.4961578654527794,0.4999629202082144,-1.479710702266678,0.8667324419670519
5.271757252417472,-1.4911575331389844,0.5025849142255022,-1.6977548814670396,0.7233870991990222
5.281760586862287,-1.4861322375049368,0.5052396648649263,-1.463655875406845,0.5669154525673208
5.291763921307102,-1.4810815954387095,0.5079279924949479,-1.4633294084304789,0.5746370152242328
5.301767255751917,-1.476005208558435,0.5106507565492459,-1.4990579742127377,0.7287582837678646
5.311770590196732,-1.4709026632123063,0.5134088555267157,-1.5393733348460148,0.6832440413536028
5.321773924641547,-1.4657735304785753,0.5162032269914716,-1.5624285985105286,0.5071654500312786
5.331777259086362,-1.4606173661655553,0.519034847572844,-1.6214117490090882,0.587288405624972
5.341780593531176,-1.4554337108116193,0.5219047329653811,-1.2386648172726393,0.510301305992253
5.351783927975991,-1.4502220896851998,0.5248139379288488,-1.4797549444907863,0.35762139346865973
5.3617872624208065,-1.44498201278479,0.52776355628823,-1.4793759108176363,0.2888444173300009
5.371790596865622,-1.439712974838943,0.530754720933725,-1.5766446728467671,0.5647726278500953
5.381793931310437,-1.434414455306272,0.5337886038207518,-1.2365624756450626,0.9551702330051772
5.391797265755251,-1.4290859183754505,0.5368664159699451,-1.5170736811360856,0.7521614394667611
5.401800600200066,-1.423726812965211,0.5399894074671581,-1.3871639409049639,0.5173022604552017
5.411803934644881,-1.4183365727243473,0.5431588674634605,-1.3534474049654246,0.5524463400154545
5.421807269089696,-1.4129146160317132,0.5463761241751395,-1.3963552571898805,0.4851261497511391
5.431810603534511,-1.4074603459962212,0.5496425448837001,-1.6171767949660487,0.3180987645053879
5.441813937979326,-1.4019731504568453,0.5529595359358647,-1.3039864179646612,0.5114545224230077
5.451817272424141,-1.3964524019826192,0.5563285427435722,-1.4858657369310442,0.5576043867520453
5.461820606868956,-1.3908974578726367,0.55975104978398,-1.2716576199352927,0.5868056412379398
5.471823941313771,-1.3853076601560517,0.563228580599462,-1.4837159006521967,0.7471725239468044
5.481827275758586,-1.3796823355920773,0.5667626977976105,-1.1428045101448325,0.6409461960960384
5.491830610203401,-1.3740207956699877,0.5703550030512342,-1.2279712689683742,0.7566490025733059
5.501833944648215,-1.3683223366091175,0.5740071370983594,-1.1988074391484405,0.6661220136652529
5.51183727909303,-1.3625862393588595,0.5777207797422306,-1.272834182297627,0.6556698657442059
5.5218406135378455,-1.3568117695986683,0.5814976498513087,-1.521412420780725,0.6866061233802465
5.531843947982661,-1.3509981777380582,0.5853395053592724,-1.5543702734070413,0.46614958709051413
5.541847282427476,-1.3451446989166034,0.5892481432650178,-1.1496099387453902,0.7152811676691475
5.55185061687229,-1.3392505530039387,0.593225399632658,-1.1161408095510592,0.5524742420795641
5.561853951317105,-1.3333149445997572,0.5972731495915243,-1.5061522707912722,0.5612075700309729
5.57185728576192,-1.327337063033814,0.601393307336165,-1.3120323684477277,0.6132416147871664
5.581860620206735,-1.321316082365924,0.6055878261263451,-1.1512640105524188,0.5513972623758283
5.59186395465155,-1.315251161385961,0.6098586982870483,-1.2624459906155223,0.4615646258718574
5.601867289096365,-1.3091414436138598,0.6142079552084747,-1.2415938519072878,0.6146742377363202
5.61187062354118,-1.302986057299615,0.6186376673460422,-1.4154580580422926,0.5832632630198142
5.621873957985995,-1.2967841154232818,0.6231499442203859,-1.324410477400565,0.5826266748198216
5.63187729243081,-1.290534715694975,0.627746934417358,-1.0248335293548223,0.612980034071176
5.641880626875625,-1.284236940554869,0.6324308255880292,-1.3208213570814697,0.317813181946508
5.65188396132044,-1.2778898571731987,0.6372038444486865,-1.4120209599701203,0.5977428307802336
5.661887295765254,-1.2714925174502603,0.6420682567808343,-1.3743704188767567,0.8493243957875038
5.671890630210069,-1.2650439580164072,0.6470263674311956,-1.28978462432584,0.8402930048289334
5.6818939646548845,-1.2585432002320553,0.6520805203117094,-1.2492875051245,0.6576646957749459
5.6918972990997,-1.25198925018768,0.6572330983995326,-1.265308717344555,0.6578025361427514
5.701900633544515,-1.2453810987038165,0.6624865237370396,-0.9875618482463376,0.3145449147243569
5.711903967989329,-1.2387177213310605,0.6678432574318216,-1.5389495829968622,0.5863676327734045
5.721907302434144,-1.2319980783500664,0.6733057996566888,-1.229818896059431,0.7768214633712907
5.731910636878959,-1.2252211147715504,0.678876689649667,-1.1542580350674292,0.6212398027175814
5.741913971323774,-1.2183857603362886,0.6845585057139996,-1.0655292063500243,0.8390878161869092
5.751917305768589,-1.2114909295151153,0.690353865218149,-1.1838822548243804,0.8347525010911752
5.761920640213404,-1.204535521508927,0.6962654245957932,-1.1636387319941077,0.6120429705783607
5.771923974658219,-1.197518420248679,0.7022958793458285,-1.0928458943986783,0.7188878477326301
5.781927309103034,-1.1904384943953878,0.7084479640323682,-1.1902375173822148,0.9293909998608043
5.791930643547849,-1.1832945973401294,0.7147244522847425,-1.5509254166211424,0.502071826760807
5.801933977992664,-1.1760855672040387,0.7211281567975008,-1.354146131160194,0.66663905966218
5.811937312437479,-1.1688102268383123,0.7276619293304083,-1.2070014523032169,0.5015630821644512
5.821940646882293,-1.161467383824207,0.7343286607084472,-1.3092410886708308,0.6052024089299116
5.831943981327108,-1.1540558304730375,0.7411312808218191,-0.7854422166616537,1.011392572983891
5.8419473157719235,-1.1465743438261808,0.7480727586259415,-1.2083367564788783,0.6935352650799216
5.851950650216739,-1.1390216856550732,0.7551561021414491,-1.3114022852333174,0.4689365401576591
5.861953984661554,-1.1313966024612112,0.7623843584541949,-1.1489286304224897,0.6127065609675911
5.871957319106368,-1.1236978254761514,0.7697606137152482,-1.1364254052254528,0.5297297363587266
5.881960653551183,-1.1159240706615097,0.7772879931408974,-1.2302202394080484,0.7995820574363219
5.891963987995998,-1.108074038708963,0.7849696610126465,-1.0531425990413723,0.8475904548239487
5.901967322440813,-1.1001464150402482,0.7928088206772174,-1.298219762663804,0.9210116801975516
5.911970656885628,-1.0921398698071612,0.8008087145465507,-1.2121716242974387,0.8957374017376466
5.921973991330443,-1.084053057891559,0.8089726240978028,-1.085648859384288,0.6025144992361107
5.931977325775258,-1.0758846189053588,0.8173038698733478,-1.123314274592537,0.8721084311829129
5.941980660220073,-1.0676331771905376,0.8258058114807775,-0.9756883701193477,0.8046576268641147
5.951983994664888,-1.0592973418191325,0.8344818475929003,-0.8295305082289746,0.9856084632408841
5.961987329109703,-1.0508757065932395,0.8433354159477442,-1.0893738240532025,0.9558536877682858
5.971990663554518,-1.0423668500450163,0.8523699933485522,-0.7522978272667883,1.1464426834660062
5.981993997999332,-1.033769335436681,0.861589095663785,-1.2179693175600557,0.7226091289902125
5.991997332444147,-1.0250817107605092,0.8709962778271225,-0.8023438927504316,0.7122541202014769
6.0020006668889625,-1.016302508738839,0.8805951338374602,-1.214683678732591,0.8076660142326032
6.012004001333778,-1.0074302468240677,0.8903892967589118,-0.9443962404028798,0.8750297907672473
6.022007335778593,-0.9984634271986527,0.9003824387208075,-1.0960479702594914,0.7992505694621311
6.032010670223407,-0.9894005367751123,0.910578270917695,-1.0962510964370187,0.7786518266188537
6.042014004668222,-0.9802390138080147,0.9209863361374273,-0.6379940822166055,0.9656129968152606
6.052017339113037,-0.9709716156545519,0.9316425441737332,-0.8379577574938412,0.8582809239558946
6.062020673557852,-0.9615955079447219,0.942558112600077,-0.9894890095226293,0.8355250153945238
6.072024008002667,-0.9521085227431081,0.9537401362461394,-1.3498647729809883,0.7470387447189595
6.082027342447482,-0.9425083485170893,0.9651961043022311,-1.2141011505141486,0.6277285376094901
6.092030676892297,-0.9327925301368365,0.9769339003192973,-1.112096376281552,1.175677252226542
6.102034011337112,-0.9229584688753136,0.9889618022089165,-0.9296238940309668,1.1825463665570926
6.112037345781927,-0.9130034224082786,1.0012884822432992,-0.8513560358731473,1.1186723061005732
6.122040680226742,-0.9029245048142793,1.0139230070552931,-1.0380590541099657,1.0925156501841937
6.132044014671557,-0.8927186865746598,1.026874837638375,-0.7834115514635079,0.940377743803321
6.142047349116371,-0.8823827945735566,1.0401538293466557,-0.7984517389811316,1.1250819931328806
6.152050683561186,-0.8719135120978968,1.0537702318948825,-0.9543464052674092,0.8853549670542332
6.1620540180060015,-0.8613073788374033,1.0677346893584325,-1.0389266286221441,1.0807105206466519
6.172057352450817,-0.8505607908845905,1.0820582401733174,-0.8015093105661932,0.9631793656046302
6.182060686895632,-0.8396700007347664,1.0967523171361822,-0.8356821995358515,1.1823328725569549
6.192064021340446,-0.8286311172860326,1.1118287474043038,-0.7359025100862374,1.344610765422677
6.202067355785261,-0.8174401058392808,1.127299752495596,-0.6258929810095744,0.9771060375821146
6.212070690230076,-0.806092788098199,1.143177948288603,-0.5535548566674956,1.0635314726052458
6.222074024674891,-0.7945848421692673,1.1594763450225012,-0.6378539203011031,1.1696743389301645
6.232077359119706,-0.7829118025617567,1.176208347297105,-0.8447342093303019,0.9050538183308651
6.242080693564521,-0.7710690601877337,1.1933877540728577,-0.7968037367201859,0.9594802687770163
6.252084028009336,-0.7590518623620569,1.2110287586708375,-0.613956976985641,1.4385476572417246
6.262087362454151,-0.7468553128023778,1.2291459487727558,-0.8663919611968813,1.2744415601506465
6.272090696898966,-0.734474371629142,1.2477543064209555,-0.8432830999303382,1.153481596900437
6.282094031343781,-0.7219038553655848,1.2668692080184183,-0.605729649785779,1.2610884687419064
6.292097365788596,-0.7091384369377378,1.2865064243287536,-0.4481912306480861,1.2141715525233154
6.30210070023341,-0.6961726456744257,1.3066821204762045,-0.5462721958032524,1.3212941324198717
6.312104034678225,-0.6830008673072624,1.327412855945652,-0.5636341658456274,1.26033920734616
6.3221073691230405,-0.6696173439706585,1.3487155845826064,-0.677051169603396,1.3313907526877662
6.332110703567856,-0.6560161742018167,1.3706076545932115,-0.7814247414286848,1.4699198847804744
6.342114038012671,-0.6421913129407317,1.393106808544246,-0.5446539621039771,1.482140012780081
6.352117372457485,-0.6281365715301936,1.4162311833631183,-0.39759172344254695,1.6336329035485637
6.3621207069023,-0.6138456177157812,1.4399993103378774,-0.6700873211931515,1.4959571581030042
6.372124041347115,-0.5993119756458696,1.464430115117199,-0.6928520790346014,1.4679334125343824
6.38212737579193,-0.5845290258716276,1.4895429177103923,-0.6744914432394573,1.7325534640807998
6.392130710236745,-0.5694900053470129,1.5153574324874055,-0.5149352827955684,1.4826530632717423
6.40213404468156,-0.5541880074287798,1.5418937681788147,-0.37514522165032327,1.216301456709503
6.412137379126375,-0.5386159818764746,1.5691724278758308,-0.840731371106268,1.688548226158797
6.42214071357119,-0.5227667348524364,1.5972143090302984,-0.5136964676348312,1.6347812540694124
6.432144048016005,-0.5066329289217988,1.626040703454692,-0.7055923444195811,1.6225556468271372
6.44214738246082,-0.4902070830524839,1.6556732973221284,-0.18968067149228263,1.7793032402915079
6.452150716905635,-0.4734815726152114,1.6861341711663487,-0.44802559084378957,1.6202760846506081
6.462154051350449,-0.4564486293834935,1.7174457998817285,-0.5156345571639026,1.3980661165017259
6.472157385795264,-0.43910034153363164,1.7496310527232835,-0.40045427839545755,1.8764535189955616
6.4821607202400795,-0.42142865364472415,1.7827131933066556,-0.6577715527203164,1.6835006594606332
6.492164054684895,-0.40342610590695477,1.8167071408110034,-0.5770458007419681,1.6719044615896888
6.50216738912971,-0.38509496368640467,1.8515030061815092,-0.3770727196631196,1.538842682933238
6.512170723574524,-0.36642477685114827,1.8871197192594293,-0.27428421109758866,2.0001979797494815
6.522174058019339,-0.34740041266807437,1.9236267101023665,-0.38506580087361125,1.5515204336046853
6.532177392464154,-0.32800729570202164,1.9610845457956645,-0.4774700896023801,2.146019835911069
6.542180726908969,-0.3082314078157741,1.9995449304524164,-0.72493054992506,1.9474164186233887
6.552184061353784,-0.28805928817005544,2.039050705213475,-0.4650594049401443,2.1597362504512008
6.562187395798599,-0.2674780332235395,2.079635848247434,-0.3687451260450587,2.140228951357776
6.572190730243414,-0.24647529673284363,2.1213254747506394,-0.16165623385747968,2.396759350710142
6.582194064688229,-0.22503928975253007,2.164135836947187,-0.2554805813038356,2.2205424923905785
6.592197399133044,-0.20315878063510798,2.20807432408892,-0.4259171025042234,2.3866363585829817
6.602200733577859,-0.18082309503102595,2.253139462455441,-0.29489942224173066,2.169026337842279
6.612204068022674,-0.1580221158886832,2.2993209153540923,-0.16135928511606482,2.0648882635531147
6.622207402467488,-0.1347462834544244,2.3465994831199657,-0.10043077911508372,2.4917194240587173
6.632210736912303,-0.11098659527253263,2.3949471031159155,-0.0670465217479389,2.1566124684891066
6.6422140713571185,-0.08673460618524248,2.444326849732533,-0.10530600033469142,2.5556311851794566
6.652217405801934,-0.0619824283327316,2.494692934388164,-0.34368074322761777,2.3334780323155067
6.662220740246749,-0.03672273115312241,2.545990705528903,0.09475880945910559,2.586505020658496
6.672224074691563,-0.01094874138248475,2.5981566486285916,0.05084699593652832,2.8770808697720884
6.682227409136378,0.015345756945173372,2.651118386188834,0.08562867372110376,2.749801587753811
6.692230743581193,0.04216642249789182,2.7047946777389713,0.4487782515806407,2.6727239940253975
6.702234078026008,0.06951835664576572,2.759095419836093,-0.050164057897008535,2.8232648795731627
6.712237412470823,0.09740610346095224,2.8139216460650536,0.16325475786928648,2.734914337273122
6.722240746915638,0.12583364971765587,2.8691655270384437,-0.029025903215571247,3.2156421903519554
6.732244081360453,0.1548044248921393,2.9247103703966086,0.20383094545034275,2.814867563186297
6.742247415805268,0.1843213011627194,2.9804306208076423,0.3217108465046592,2.964058848073442
6.752250750250083,0.21438659340976585,3.036191859967384,0.17645437646209117,3.120532790754558
6.762254084694898,0.24500205921571094,3.0918508065994392,0.05121971898095745,3.144744887187015
6.772257419139713,0.27616889886503426,3.147255316455147,0.563112120024797,3.2171819657847434
6.782260753584527,0.30788775534427004,3.202244382313596,0.2514559397767504,3.12617859024936
6.792264088029342,0.3401587143420157,3.256648133981642,0.27860771834024933,3.218553732274475
6.8022674224741575,0.37298130424891596,3.310287838293873,0.31631032433517514,3.4477345544550584
6.812270756918973,0.4063546528403141,3.3629903721190963,0.1463732873589666,3.4922903796809166
6.822274091363788,0.4402748091608147,3.4147578886736154,0.3833218303894305,3.4713000565279213
6.832277425808602,0.4747218203026227,3.465235144951009,0.3056736337724931,3.6645298049784243
6.842280760253417,0.5096706296618377,3.5139548518044936,0.6965158736876187,3.657893430667005
6.852284094698232,0.5450939375191387,3.5604720014151114,0.3178807211501078,3.6848401620750195
6.862287429143047,0.580962201039793,3.6043638672917466,0.6416904641851493,3.3635731802218616
6.872290763587862,0.6172436342736666,3.6452300042711334,0.6135990267080442,3.6999101776261227
6.882294098032677,0.6539042081552042,3.682692248517834,0.7373154992286768,3.7092814535601626
6.892297432477492,0.6909076505034428,3.7163947175242553,0.7345923630305498,3.9374364263622197
6.902300766922307,0.7282154460220078,3.7460038101106434,0.9121205325086098,3.315945567043232
6.912304101367122,0.7657868362991099,3.771208206425082,0.7181710530734576,3.7465105522934894
6.922307435811937,0.8035788198075585,3.791718867943501,0.5407640338985129,3.8058463266783478
6.932310770256752,0.841546151904742,3.8072690374696636,1.028859817766318,3.6442838585310753
6.942314104701566,0.8796413448326372,3.8176142391351746,0.930101485636118,3.680240717540709
6.952317439146381,0.9178146677178196,3.8225322783994806,0.8170278641658681,4.044141323524986
6.9623207735911965,0.9560141465714436,3.8218232420498652,0.8746304735546698,3.891155115401459
6.972324108036012,0.994185564289255,3.8153094982014526,0.7135028468801069,4.094657132410685
6.982327442480827,1.0322724606515892,3.8028356962972074,1.122670327597564,3.775460719899668
6.992330776925641,1.0702161323233663,3.784268767107936,1.1565481088233505,3.5727958527657644
7.002334111370456,1.1079556328541051,3.759497922732278,1.2853352441170036,3.710900206407813
7.012337445815271,1.1454277726779039,3.7284346565967184,1.1148173454206387,3.6546863143518955
7.022340780260086,1.1825671191134484,3.691012743455585,1.0954694087016106,3.795213335199846
7.032344114704901,1.2193059963640238,3.647188239391033,1.2576920238796572,3.744950460601489
7.042347449149716,1.255574485517494,3.5969394818130698,1.2542552820946582,3.673919453474647
7.052350783594531,1.2913004245463142,3.5402670894595367,1.2284731129575586,3.874726865670969
7.062354118039346,1.3264102117922427,3.477215690096092,1.091220649327668,3.6663562886305394
7.072357452484161,1.3608465262122793,3.408280065770342,1.5660326438204248,3.280456244875503
7.082360786928976,1.394558190587294,3.333953916197189,1.7289492321706899,3.4832774586389865
7.092364121373791,1.4274951509262577,3.2546406896943614,1.5731660019496945,3.2588440177482427
7.102367455818605,1.4596115466790633,3.1707504793401613,1.427027622946262,3.1393391552842203
7.11237079026342,1.490865710736533,3.08270002297344,1.5494453001844606,3.2928779642285244
7.1223741247082355,1.5212201694304024,2.9909127031936453,1.5484173021096153,2.8541961597230516
7.132377459153051,1.5506416425333298,2.895818547360787,1.6743057018910767,3.033991159320006
7.142380793597866,1.5791010432588963,2.797854227595451,1.6772999725260642,2.9096790635741985
7.15238412804268,1.606573478261601,2.6974630607788024,1.56593425873793,2.5581146857092154
7.162387462487495,1.6330382476368719,2.5950950085525513,1.502809233040755,2.3497755212838727
7.17239079693231,1.6584788449210501,2.4912066773190085,1.6940211366529425,2.4786893598350193
7.182394131377125,1.6828829570913992,2.386261318241057,1.616884801411943,1.9429184945892963
7.19239746582194,1.7062424645661103,2.2807288272421244,1.519144844111985,2.4488549249525993
7.202400800266755,1.728553441204289,2.1750857450062386,1.6288595411948195,2.229174496654765
7.21240413471157,1.7498161543059643,2.0698152569779897,1.541213339809676,2.2856210793318743
7.222407469156385,1.7700350646120866,1.9654071933625423,1.748430915603885,2.0089132528350726
7.2324108036012,1.7892188263045259,1.8623580291256405,2.1380857950867784,2.089824044214051
7.242414138046015,1.8073802870060784,1.7611708839935742,1.7613954438130197,1.6721878562630204
7.25241747249083,1.8245364877804566,1.6623555224532336,1.7757047360525269,1.738840259724714
7.262420806935644,1.8407086631322942,1.5664283537520798,1.8249250429946635,1.507141732001559
7.272424141380459,1.8559222420874795,1.4739123733489463,2.075999429693836,1.4567808895822707
7.2824274758252745,1.8702168142067563,1.384703860861372,2.2151551781623544,1.3983152454241978
7.29243081027009,1.8836333665094216,1.2984042141604177,2.1514311256431307,1.3520021275670118
7.302434144714905,1.896202947542799,1.215058120854473,2.0406470335302163,1.1063664631268144
7.312437479159719,1.9079562873139477,1.1347002747013342,1.779892403925836,1.2036561679535822
7.322440813604534,1.918923797289665,1.0573553756081757,2.0672067836594623,1.0633938509082452
7.332444148049349,1.9291355703964805,0.9830381296315949,1.736176570133926,0.7789993746881958
7.342447482494164,1.93862138102066,0.911753248977587,1.7245509206927239,0.6466099320366798
7.352450816938979,1.9474106850082067,0.8434954520015293,1.9638334889252698,1.012252040257733
7.362454151383794,1.9555326196648575,0.7782494632082178,1.953520251626136,0.4391872496075399
7.372457485828609,1.963016003756085,0.7159900132518425,1.9344019347059027,0.6915701637569515
7.382460820273424,1.9698893375070976,0.6566818389359932,2.2842891500409133,0.4381111519980597
7.392464154718239,1.9761808026028391,0.6002796832136651,1.9175791622129599,0.8561575852953497
7.402467489163054,1.9819182621879896,0.546728295187238,2.049415013389972,0.6312252562147017
7.412470823607869,1.9871292608669637,0.4959624301085075,2.0043169264205454,0.5454539609070972
7.422474158052683,1.9918410247039113,0.4479068493786684,2.1084824542456917,0.3264839015447535
7.432477492497498,1.9960804612227196,0.4024763205483024,2.1277892480589498,0.19652586801547153
7.4424808269423135,1.9998741594070093,0.3595756173174045,2.0491293553317402,0.3863867618103536
7.452484161387129,2.0032483897001376,0.3190995195353652,1.9108044264713215,0.3156967282365182
7.462487495831944,2.006229104005197,0.28093281320097585,1.9128480811053643,0.12017761417171421
7.472490830276758,2.008841935685016,0.24495029046243033,1.9557997244429695,0.07935199515668112
7.482494164721573,2.0111121995621577,0.21101674961731387,2.059531819176145,0.03850392549445936
7.492497499166388,2.0130615403021626,0.17900498641087703,2.1198580937508202,0.0017831262215540211
7.502500833611203,2.0147020952529586,0.14883954688333584,1.9297578579158077,0.055149035651058984
7.512504168056018,2.0160502784509315,0.12042949340620523,2.2148222877821575,0.169972985248694
7.522507502500833,2.0171223071352995,0.09368465015429266,1.9853622367536403,0.16849256631475115
7.532510836945648,2.0179338191226557,0.06851741586623744,1.7018549670232024,0.06204737742010132
7.542514171390463,2.018499872806971,0.04484276384451327,2.3181269994776854,0.06469473980491416
7.552517505835278,2.0188349471595917,0.022578241955430622,2.029021922534992,0.10479749890176003
7.562520840280093,2.018952941729241,0.0016439726291283818,2.1532937282263926,-0.2979760313043506
7.572524174724908,2.0188671766420176,-0.018037347140413856,1.7665182043733636,0.013506346522508123
7.582527509169722,2.018590392601397,-0.036540445795382404,1.9113589083167704,0.1602633435376047
7.592530843614537,2.018134750888231,-0.053937477214133944,1.9708585924054474,-0.3441170875711016
7.6025341780593525,2.017511823649178,-0.07029801657114827,1.8273097361225785,-0.4827494195157346
7.612537512504168,2.016731683700841,-0.08568683878944505,1.981612853108404,-0.11394445787910255
7.622540846948983,2.0158028788065954,-0.10016046686003972,1.9521334723393107,0.06167138899442108
7.632544181393797,2.0147336734649386,-0.11377234681037524,2.1945116489424428,-0.1393306103137919
7.642547515838612,2.01353200935756,-0.1265738284290086,1.6933279592360317,-0.03398159135516984
7.652550850283427,2.0122055053493444,-0.13861416526560366,2.0955095396256307,-0.09220542974206192
7.662554184728242,2.0107614574883677,-0.149940514630935,2.157983419884585,-0.32466472910009103
7.672557519173057,2.0092068390059,-0.1605979375968906,2.310520146933671,-0.3045121005681708
7.682560853617872,2.007548300316405,-0.17062939899646595,2.119931739396533,-0.42373155315846867
7.692564188062687,2.005792169017539,-0.18007576742376805,1.8662524659270314,0.04737952958503236
7.702567522507502,2.0039444498901524,-0.18897581523401435,1.964809476440025,-0.06298742446409467
7.712570856952317,2.002010824898288,-0.197366218543532,2.037554133206175,-0.21310994194355792
7.722574191397132,1.999996715474805,-0.20528213536064366,2.2045742642147084,-0.24078095905842872
7.732577525841947,1.9979069194214822,-0.21275609444734736,1.7307962032869617,-0.33324210824010314
7.742580860286761,1.9957451229377783,-0.21981376068894842,2.0784238822430323,-0.16048739473457221
7.752584194731576,1.9935148338533537,-0.22647945037338185,1.758456096318038,-0.335130828284612
7.7625875291763915,1.991219450419342,-0.23277660485906088,1.903961248039005,-0.2875970439761946
7.772590863621207,1.9888622613083478,-0.2387277905748797,1.7824752230181151,-0.3329834567928015
7.782594198066022,1.9864464456144477,-0.2443546990202127,1.8771548728255185,-0.1286247100559248
7.792597532510836,1.9839750728531906,-0.249678146764914,2.105343269501727,-0.2715497154782364
7.802600866955651,1.9814511029615964,-0.2547180754493194,1.9226451335809867,-0.2337294286434524
7.812604201400466,1.9788773862981575,-0.25949355178424355,1.856391120179821,-0.4315183641093597
7.822607535845281,1.9762566636428378,-0.2640227675509813,1.8352234823039804,-0.3592447421466998
7.832610870290096,1.9735915661970733,-0.268323039601309,1.7990704962282327,-0.24401410574187776
7.842614204734911,1.9708846155837718,-0.27241080985748195,2.080341966651328,-0.5104755549772182
7.852617539179726,1.9681382238473126,-0.2763016453122362,1.9719075305297176,-0.3092920146021866
7.862620873624541,1.9653546934535477,-0.28001023802878794,2.0165809962840684,-0.2819510532443261
7.872624208069356,1.9625361083873785,-0.28355033810191704,1.7444962163976339,-0.47290873293049185
7.882627542514171,1.959683844126956,-0.28693269791646314,1.964097380464702,-0.13261555995463675
7.892630876958986,1.9567990525320125,-0.29016588777178354,1.624670946875562,-0.23830690080154654
7.9026342114038,1.953882862353288,-0.2932582066290941,2.1323261631464345,-0.31621208806002604
7.912637545848615,1.9509363771856396,-0.2962177160847733,2.033466751589606,-0.4016780782194436
7.9226408802934305,1.947960675468043,-0.2990522403703607,1.9300557455765115,-0.5421892681165834
7.932644214738246,1.94495681048359,-0.3017693663525577,1.593305314220759,-0.1603544961687664
7.942647549183061,1.9419258103594907,-0.3043764435332276,1.7941765712008244,-0.3727056202837422
7.952650883627875,1.9388686780670727,-0.30688058404939533,1.7309023400765438,-0.5183760395119767
7.96265421807269,1.9357863914217806,-0.309288662673248,1.909710736407588,-0.418725241793595
7.972657552517505,1.9326799030831765,-0.31160731681213405,1.9893755527823813,-0.24372655396519527
7.98266088696232,1.9295501405549405,-0.3138429465085636,1.9776775875036314,-0.278052827869297
7.992664221407135,1.9263980061848691,-0.3160017144402093,2.163063236924652,-0.4761407797969422
8.00266755585195,1.9232243771648776,-0.31808954591990474,1.91498414723444,-0.14818607284196642
8.012670890296764,1.920030105530998,-0.32011212889564544,2.1097110769317036,-0.5333766762973313
8.02267422474158,1.9168160181633793,-0.3220749139505894,1.869962701914999,-0.11835674957050032
8.032677559186395,1.9135829167862894,-0.32398311430305515,1.9897947825661493,-0.29469365958108923
8.04268089363121,1.9103315779681118,-0.3258417058065244,1.8776788739529133,-0.3834118446626862
8.052684228076025,1.9070627357006054,-0.32765537022085217,1.950295595164154,-0.3655114889685247
8.06268756252084,1.9037766835424905,-0.32942705145970086,1.897389890385824,-0.31763724554244527
8.072690896965655,1.900473585807319,-0.33115882786731676,1.798762856533294,-0.25133942178510105
8.08269423141047,1.8971536709824595,-0.3328529062581473,2.334290368244772,-0.5994009021570585
8.092697565855284,1.8938171640475305,-0.3345114526896818,1.9424190426760275,-0.44853996598251766
8.1027009003001,1.8904642864744026,-0.3361365924624504,1.9770746731022901,-0.32915297146327127
8.112704234744914,1.8870952562271999,-0.3377304101200235,2.001373472333569,-0.1614044236437066
8.122707569189728,1.8837102877622969,-0.3392949494490132,1.912573455427524,-0.16948710618688645
8.132710903634544,1.88030959202832,-0.34083221347907255,1.5286649079600183,-0.10226436879166909
8.142714238079359,1.8768933764661486,-0.34234416448289473,1.9331526992499997,-0.18066766112111746
8.152717572524175,1.8734618450089124,-0.3438327239762151,1.6904804832826843,-0.46844820621701544
8.162720906968989,1.8700151980819952,-0.3452997727178087,1.8919059422037114,-0.34785545611842816
8.172724241413803,1.8665536326030305,-0.34674715070949247,1.909013920804529,-0.18406987656999754
8.18272757585862,1.8630773419819044,-0.34817665719612423,1.598294294686477,-0.20210379643852788
8.192730910303434,1.8595865161207559,-0.34959005066560195,1.8608288026144448,-0.38015732983428413
8.20273424474825,1.856081341413974,-0.35098904884886567,1.6354140562562405,-0.2755317485923359
8.212737579193064,1.8525620007482018,-0.35237532871989535,1.4904458230935462,-0.2551162270340884
8.222740913637878,1.8490286735023325,-0.3537505264957126,1.6252127981813838,-0.3457318396030915
8.232744248082694,1.8454815355475114,-0.35511623763637995,1.8276062099483232,-0.1796855155422974
8.242747582527508,1.8419207592471372,-0.35647401684500035,1.8151224838950537,-0.4605948010168502
8.252750916972323,1.8383465134568588,-0.35782537806771825,1.7623561090611783,-0.16689296275451873
8.262754251417139,1.8347589635245773,-0.3591717944937191,1.9152035089017114,-0.4170162917221933
8.272757585861953,1.8311582712904468,-0.3605146985552286,1.7956913082957697,-0.5955912621430457
8.282760920306767,1.827544595086872,-0.3618554819275141,1.8858157252146033,-0.625827838081834
8.292764254751583,1.8239180463544444,-0.3631953312983473,1.9366875162297628,-0.3439020924246574
8.302767589196398,1.8202783625201844,-0.36453397633205875,2.1783211324562726,-0.5295543093907046
8.312770923641214,1.8166254472125885,-0.3658717394235455,1.8012261335564934,-0.09612858428508614
8.322774258086028,1.8129592697521384,-0.3672091927224542,1.9916677157958504,-0.4716410004594392
8.332777592530842,1.8092797968192476,-0.36854690253595046,1.8428749110752647,-0.36824699907368735
8.342780926975658,1.805586992454263,-0.3698854293287177,1.8478803725633866,-0.47468749472644217
8.352784261420473,1.8018808180574652,-0.3712253277229567,1.788482757652355,-0.6109331840144637
8.362787595865289,1.7981612323890666,-0.3725671464983871,1.8184297501692788,-0.30506404548511235
8.372790930310103,1.7944281915692142,-0.3739114285922458,1.7603152796726316,-0.6161690621799639
8.382794264754917,1.7906816490779869,-0.3752587110992881,1.9389614285057062,-0.32057995540036777
8.392797599199733,1.786921555755396,-0.3766095252717875,1.6780192911002494,-0.4186995922974971
8.402800933644547,1.7831478598013881,-0.3779643965195348,1.5580474493841123,-0.5317759156862204
8.412804268089362,1.7793605067758407,-0.37932384440983935,1.6986888048222697,-0.19506072256781667
8.422807602534178,1.7755594395985645,-0.38068838266752864,1.6796339309654431,-0.2846563337682148
8.432810936978992,1.7717445985493052,-0.3820585191749474,1.6909971681200682,-0.34486638504716616
8.442814271423806,1.7679159212677393,-0.383434755971959,1.746706595946169,-0.25247626595804745
8.452817605868622,1.7640733427534765,-0.3848175892559449,1.6838516420206928,-0.620696826756311
8.462820940313437,1.7602167953660617,-0.38620750938180387,1.5529244406615168,-0.46598913347321747
8.472824274758253,1.75634620882497,-0.3876050008619535,1.568987213223262,-0.3260731985100208
8.482827609203067,1.7524615102096122,-0.3890105423663284,1.6825962854809005,-0.032819559862363734
8.492830943647881,1.7485626239593297,-0.39042460672238216,1.48790543468876,-0.359879629915912
8.502834278092697,1.744649471873398,-0.39184766091508605,1.5754565183475477,-0.46585786197248785
8.512837612537512,1.7407219731110264,-0.3932801660869288,1.761934894112108,-0.7420858723180718
8.522840946982328,1.7367800441913557,-0.39472257753791795,1.7723039617095597,-0.10928645819679278
8.532844281427142,1.7328235989934613,-0.3961753447255783,1.6648078542381723,-0.35720416620475187
8.542847615871956,1.7288525487563506,-0.3976389112649532,1.8825908027251606,-0.4222319362690027
8.552850950316772,1.7248668020789635,-0.399113714928604,1.637722773799241,-0.7404741754868668
8.562854284761586,1.720866264920175,-0.40060018764660926,1.8170148728294209,-0.41757544910594385
8.5728576192064,1.7168508405987908,-0.4020987555065665,1.5649482628905664,-0.38310924896491244
8.582860953651217,1.7128204297935505,-0.403609838753591,1.6252683762726234,-0.48287375842091984
8.592864288096031,1.7087749305431283,-0.40513385179031547,1.7997186039594346,-0.6058912134888921
8.602867622540845,1.7047142382461289,-0.4066712031768911,1.8618115311571926,-0.6163241276446516
8.612870956985661,1.7006382456610907,-0.40822229563098744,1.6012330344078012,-0.11978036652100088
8.622874291430476,1.6965467449074794,-0.4097873671137844,1.8656499591538427,-0.39514676823946837
8.632877625875292,1.6924390175066462,-0.411365797326908,1.5513594851814636,-0.49075664333189195
8.642880960320106,1.6883148902941605,-0.4129578114888759,1.699306187482015,-0.40732932663793614
8.65288429476492,1.6841742967622375,-0.41456381958663213,1.670543657318343,-0.4191886966992598
8.662887629209736,1.6800171629219547,-0.41618423514657765,1.6478608964661876,-0.6324810454925796
8.67289096365455,1.675843407303254,-0.4178194752345698,1.598366795979129,-0.2806258671365428
8.682894298099367,1.6716529409549363,-0.41946996045592416,1.4664027963222688,-0.44790328718681593
8.692897632544181,1.6674456674446676,-0.4211361149554122,1.544482578129041,-0.4044335505456955
8.702900966988995,1.663221482858974,-0.42281836641726356,1.6049265056989512,-0.2012093166710632
8.712904301433811,1.6589802758032437,-0.42451714606516494,1.7349677489317819,-0.6212876209317466
8.722907635878625,1.6547219274017293,-0.4262328886622592,1.7554061291437841,-0.5424306671015686
8.73291097032344,1.6504463112975434,-0.4279660325111474,1.5638968555909134,-0.3808931794950791
8.742914304768256,1.6461532936526604,-0.4297170194538875,1.57239118069314,-0.2957886470054442
8.75291763921307,1.6418427331479195,-0.43148629487199397,1.5256662239209102,-0.5243282777606985
8.762920973657884,1.6375144809830195,-0.43327430768643904,1.5390588469508033,-0.5181201199396949
8.7729243081027,1.6331683808765216,-0.43508151035765225,1.7980471142086936,-0.3407620663161068
8.782927642547515,1.6288042690658513,-0.4369083588855193,1.8852958621676619,-0.09676172830063112
8.79293097699233,1.6244219743072934,-0.4387553128093843,1.4698144195174425,-0.42819244371029097
8.802934311437145,1.6200213178759972,-0.4406228352080471,1.4435912703794822,-0.5572637243702872
8.81293764588196,1.615602113565973,-0.4425113926997658,1.5210897370276226,-0.601084623820507
8.822940980326775,1.6111641676900925,-0.4444214554422556,1.4533810767553306,-0.4660641122202938
8.83294431477159,1.6067072790800916,-0.4463534971326877,1.4241995163221306,-0.3200344532620428
8.842947649216406,1.602231239086566,-0.4483079950076919,1.4645682084739389,-0.02687264949323309
8.85295098366122,1.5977358315789765,-0.45028542984335385,1.5300281639343172,-0.439482783555796
8.862954318106034,1.5932208329456432,-0.45228628595521714,1.398919655275738,-0.19637252223607127
8.87295765255085,1.5886860120937487,-0.4543110511982827,1.756611114214186,-0.4097736705878658
8.882960986995664,1.5841311304493404,-0.45636021696700735,1.3821107481324055,-0.42476018530831433
8.892964321440479,1.5795559419573248,-0.4584342781953063,1.4113412850547367,-0.2390809886743022
8.902967655885295,1.5749601930814712,-0.4605337333565518,1.6963394028594472,-0.4462178775833914
8.912970990330109,1.5703436228044132,-0.46265908446357207,1.2048872733173148,-0.6101714812624266
8.922974324774923,1.5657059626276442,-0.46481083706865367,1.668870132367625,-0.2828782833101803
8.93297765921974,1.5610469365715192,-0.46698950026354025,1.7274224082953389,-0.7057914505997586
8.942980993664554,1.556366261175259,-0.46919558667943145,1.6015991071971944,-0.316868304206992
8.95298432810937,1.5516636454969417,-0.4714296124869856,1.302913310659605,-0.47261528979297107
8.962987662554184,1.5469387911135124,-0.4736920973963166,1.5880151508597808,-0.5188067851233269
8.972990996998998,1.542191392120775,-0.47598356465699665,1.2643671138105947,-0.524838281168056
8.982994331443814,1.5374211351333955,-0.4783045410580551,1.4883253205951419,-0.5005154017402182
8.992997665888629,1.532627699284905,-0.4806555569279771,1.4481069854711446,-0.5471073799141972
9.003001000333445,1.5278107562276932,-0.48303714613470683,1.5218548138756465,-0.4166689553892502
9.013004334778259,1.5229699701330153,-0.48544984608564373,1.4773059557045152,-0.546897185340844
9.023007669223073,1.518104997690986,-0.48789419772764564,1.5319581034291547,-0.7760315866119228
9.03301100366789,1.5132154881105822,-0.4903707455470276,1.5847707571945508,-0.4904552101154714
9.043014338112703,1.5083010831196455,-0.4928800375695605,1.5142551121092798,-0.34876989143039094
9.053017672557518,1.5033614169648777,-0.49542262536047355,1.2104390874576405,-0.7914977058393181
9.063021007002334,1.4983961164118416,-0.49799906402445326,1.5394666932103696,-0.4990665922937306
9.073024341447148,1.4934048007449658,-0.5006099122056419,1.5189313422237556,-0.5699289734815087
9.083027675891962,1.488387081767538,-0.50325573208764,1.5880401329035276,-0.36335990563897197
9.093031010336778,1.4833425638017075,-0.5059370893935055,1.5559399078944365,-0.5450613581541929
9.103034344781593,1.4782708436884897,-0.5086545533857519,1.1621174355463293,-0.39326912218018273
9.113037679226409,1.4731715107877572,-0.511408696866352,1.6564308107203962,-0.4147249350687551
9.123041013671223,1.4680441469782495,-0.5142000961767335,1.3360977828731235,-0.4131309371265698
9.133044348116037,1.462888326657565,-0.5170293311977826,1.5919677828517818,-0.28320689402791976
9.143047682560853,1.457703616742164,-0.5198969853498431,1.3262871281079702,-0.5538651730314639
9.153051017005668,1.452489576667372,-0.522803645592714,1.5645803843388904,-0.5141921348769903
9.163054351450484,1.4472457583873732,-0.5257499024256537,1.279646618079682,-0.46355745967164824
9.173057685895298,1.4419716253788044,-0.5287368117722933,1.5287708704510794,-0.515542377322643
9.183061020340112,1.4366656937133957,-0.5317711924535454,1.4696034327903873,-0.570577077706405
9.193064354784928,1.4313274495941257,-0.5348551423428801,1.6530692899515347,-0.6699589698997817
9.203067689229742,1.4259567388672496,-0.537988738693047,1.3378586244526827,-0.5363409116639182
9.213071023674557,1.4205533794010126,-0.5411721419806962,1.5523964835561466,-0.7657781174948767
9.223074358119373,1.4151171610856517,-0.5444055959063774,1.2185726486208357,-0.8500648720665851
9.233077692564187,1.4096478458334,-0.5476894273945376,1.4145521296213908,-0.7154352999755192
9.243081027009001,1.4041451675784802,-0.5510240465935248,1.3464626510757927,-0.45181731810976855
9.253084361453817,1.3986088322771069,-0.5544099468755862,1.30237742415968,-0.5197176434640816
9.263087695898632,1.393038517907491,-0.5578477048368662,1.3481378317447326,-0.4570305575724007
9.273091030343448,1.387433874469831,-0.5613379802974111,1.4587030845720321,-0.6651280347236026
9.283094364788262,1.381794523986323,-0.5648815163011637,1.356496760976255,-0.40832000664308954
9.293097699233076,1.3761200605011519,-0.5684791391159678,1.4351265910392663,-0.7780234477786375
9.303101033677892,1.3704100500804952,-0.5721317582335669,1.4687527592562026,-0.7348233515990026
9.313104368122707,1.3646640308125264,-0.575840366369601,1.5765409913066772,-0.4222255403934473
9.323107702567523,1.3588815128074072,-0.5796060394636124,1.4023643341951673,-0.5560211129481835
9.333111037012337,1.3530619781972957,-0.58342993667904,1.3217071397931828,-0.48165134396903575
9.343114371457151,1.3472048811363395,-0.5873133004032235,1.2915881557170303,-0.5519778198072394
9.353117705901967,1.3413096478006792,-0.591257456247402,1.4720998027785968,-0.6755284377762405
9.363121040346781,1.3353756763884508,-0.5952638130467118,1.2429467653898465,-0.7744186351553807
9.373124374791596,1.3294023371197792,-0.5993338628601904,1.1697314252008533,-0.8735931595764157
9.383127709236412,1.3233889722367826,-0.6034691809707744,1.432863290589112,-0.33213199965835877
9.393131043681226,1.3173348960035745,-0.6076714258852977,1.5311342375241204,-0.8515840991792751
9.40313437812604,1.3112393947062575,-0.6119423393344952,1.4199675954396875,-0.3986263868459617
9.413137712570856,1.3051017266529275,-0.6162837462730012,1.2365802295421278,-0.6010666316754938
9.42314104701567,1.2989211221736754,-0.6206975548793471,0.9977371645529749,-0.5806871296828509
9.433144381460487,1.2926967836205807,-0.6251857565559661,1.133162824205373,-0.5952405038692389
9.443147715905301,1.2864278853677198,-0.629750425929188,1.0522474470393877,-0.5483216922575486
9.453151050350115,1.280113573811158,-0.6343937208492435,1.4337904751251616,-0.7518707001065187
9.463154384794931,1.2737529673689534,-0.6391178823902632,1.1032145801573883,-0.9625213387727605
9.473157719239746,1.2673451564811602,-0.6439252348502741,1.2273831263698836,-0.7311643249925148
9.483161053684562,1.26088920360982,-0.6488181857512055,1.0282362917576118,-0.5808653723043797
9.493164388129376,1.254384143238972,-0.653799225838883,1.1868885859592746,-0.8151596196356679
9.50316772257419,1.2478289818746444,-0.6588709290830335,1.1646431210285773,-0.49817524824359116
9.513171057019006,1.2412226980448577,-0.6640359526772832,1.3316632396081411,-0.6835398619020567
9.52317439146382,1.234564242299629,-0.6692970370391551,1.3274299950693569,-0.8434338304971659
9.533177725908635,1.2278525372109637,-0.6746570058100738,1.2327080523200182,-0.6525586562371032
9.54318106035345,1.22108647737286,-0.6801187658553631,1.150611001098051,-0.6148000154617504
9.553184394798265,1.2142649294013121,-0.6856853072642435,1.0971999112046444,-0.6092122010978258
9.56318772924308,1.207386731934304,-0.6913597033498369,1.2901655476639977,-1.1289336854543968
9.573191063687895,1.2004506956318106,-0.6971451106491652,1.3789965511583282,-1.1542899954520782
9.58319439813271,1.1934556031758046,-0.7030447689231458,1.1010482493423859,-0.5492425637844826
9.593197732577526,1.186400209270245,-0.7090620011566,1.138807200482379,-0.9289898985270313
9.60320106702234,1.1792832406410896,-0.7152002135582434,1.015222681383589,-0.5611643516101504
9.613204401467154,1.1721033960362837,-0.7214628955606943,0.8838777164539879,-0.5521142304163917
9.62320773591197,1.164859346225766,-0.7278536198204707,1.1565940313694225,-0.9067129193868357
9.633211070356785,1.157549734001471,-0.7343760422179857,1.0700824731560674,-0.8869596933832319
9.6432144048016,1.1501731741773216,-0.7410339018575564,1.2801069543061008,-0.6311697303931306
9.653217739246415,1.142728253589237,-0.7478310210673944,0.8848540835078299,-0.8083698388452946
9.66322107369123,1.1352135310951257,-0.7547713053996143,1.0057356817434842,-0.5607448101307089
9.673224408136045,1.127627537574889,-0.7618587436302295,0.9251126698559258,-0.5212243779274774
9.68322774258086,1.1199687759304244,-0.7690974077591491,1.1149745650028837,-0.9433875687161623
9.693231077025674,1.1122357210856177,-0.7764914530101854,1.010644593484226,-0.896734279125453
9.70323441147049,1.1044268199863478,-0.7840451178310492,0.9132340596840219,-0.7698210888714929
9.713237745915304,1.09654049160049,-0.7917627238933475,0.9123531589967134,-1.1188176552040758
9.723241080360118,1.0885751269179076,-0.7996486760925893,1.0316236562906815,-1.0700771055552716
9.733244414804934,1.0805290889504566,-0.8077074625481839,0.9677049587403286,-0.9440728958386873
9.743247749249749,1.0724007127319906,-0.8159436546034352,0.9417183019281185,-0.5157991893649121
9.753251083694565,1.0641883053183485,-0.8243619068255519,1.0726500403937842,-0.7875562554762521
9.763254418139379,1.0558901457873688,-0.8329669570056359,0.7894304013360247,-0.9310614270511742
9.773257752584193,1.047504485238878,-0.8417636261586933,1.0797998797301047,-0.9954429630956443
9.78326108702901,1.039029546794694,-0.8507568185236287,1.1752389733223918,-1.0311613064087832
9.793264421473824,1.0304635255986334,-0.8599515215632417,0.9875086052188571,-0.9478592675595755
9.80326775591864,1.0218045888164977,-0.8693528059642377,1.0464526877237852,-0.9654263167425516
9.813271090363454,1.013050875636088,-0.8789658256372138,0.9724168315754474,-0.9143853394039116
9.823274424808268,1.0042004972671932,-0.8887958177166722,0.8940423336584981,-0.8160317374421052
9.833277759253084,0.9952515369415948,-0.8988481025610138,1.0310097931672086,-0.9121401943489889
9.843281093697898,0.9862020499130708,-0.9091280837525336,0.9216332998937771,-0.7896464791745341
9.853284428142713,0.977050063457388,-0.9196412480974314,0.9416749268852608,-0.965645841271322
9.863287762587529,0.9677935768723049,-0.9303931656258058,0.9834970813555238,-0.6759051631801782
9.873291097032343,0.9584305600586969,-0.9413894949068746,0.7573771288555162,-0.8259109609485714
9.883294431477157,0.9489568538129483,-0.9526441531519483,0.6649811796272325,-0.9200531794176547
9.893297765921973,0.9393683896439695,-0.9641717918473969,1.1756308137852791,-0.8908715131773008
9.903301100366788,0.9296628287017357,-0.9759806759388648,0.9552565904827046,-1.0600480962593262
9.913304434811604,0.9198376813813058,-0.9880794406999014,0.924494761454589,-1.0258888630104048
9.923307769256418,0.9098903073228369,-1.0004770917319437,0.7919938161331337,-1.0439584340531742
9.933311103701232,0.899817915411572,-1.0131830049643316,0.9295750895055379,-1.1282655652439275
9.943314438146048,0.8896175637778448,-1.0262069266543012,0.7686752906751422,-1.2302434422931274
9.953317772590863,0.8792861597970861,-1.0395589733869786,0.9378949137104206,-0.9577604840919195
9.963321107035679,0.86882046008981,-1.0532496320753955,0.9035695267252876,-0.9084740581660956
9.973324441480493,0.8582170705216291,-1.0672897599604698,0.8713972160837382,-1.0084881193556063
9.983327775925307,0.8474724462032416,-1.0816905846110236,0.893048060048876,-1.0954215875237547
9.993331110370123,0.8365828914904367,-1.0964637039237757,0.7569596172709896,-0.764340811554989
10.003334444814937,0.8255445599841006,-1.1116210861233329,0.7577519130060744,-1.2115027427913982
10.013337779259752,0.8143534545302045,-1.1271750697622063,0.8794549280477205,-1.0893969074679555
10.023341113704568,0.8030054272198106,-1.143138363720804,0.5922866950782615,-0.9747366255362431
10.033344448149382,0.7914961793890785,-1.1595240472074215,0.7773669930864535,-1.3261637114897795
10.043347782594196,0.7798212616192526,-1.1763455697582594,0.9581388787723337,-1.0824942340188364
10.053351117039012,0.7679760737366684,-1.193616751237415,0.5782947749444813,-0.9270393251987563
10.063354451483827,0.7559558648127587,-1.2113517818368724,0.8547754700676876,-1.2128811991806294
10.073357785928643,0.7437557331640389,-1.229565222076525,0.9822885540073057,-1.205670554502079
10.083361120373457,0.731370626352124,-1.248272002804149,0.7271581650865192,-1.3473170202074474
10.093364454818271,0.7187953411837139,-1.2674874251954278,0.8060729070797756,-1.1959969800968309
10.103367789263087,0.706024523710599,-1.2872271607539405,0.7082265446940557,-1.405725113834081
10.113371123707902,0.6930526692296679,-1.3075072513111523,0.712542147354579,-1.317977069175473
10.123374458152718,0.6798741222828912,-1.3283441090264394,0.4798529744727611,-1.5491159617250672
10.133377792597532,0.6664830766573395,-1.3497545163870588,0.7512560834788049,-1.740037763644812
10.143381127042346,0.6528735753851678,-1.371755626208176,0.6836851544293567,-1.4434680848712498
10.153384461487162,0.6390395107436218,-1.3943649616328528,0.8352765017756083,-1.4683851930059342
10.163387795931976,0.6249746242550457,-1.417600416132035,0.7238972563928301,-1.4771374923177039
10.17339113037679,0.6106725066868677,-1.4414802535045772,0.6277347297097892,-1.3309547738665695
10.183394464821607,0.5961265980516066,-1.4660231078772303,0.5267432406029195,-1.3165398752024697
10.193397799266421,0.5813301876068799,-1.4912479837046295,0.4322755060409075,-1.4470590573208726
10.203401133711235,0.566276413855389,-1.517174255769318,0.7046723722735668,-1.4181686320007678
10.213404468156051,0.5509582645449256,-1.543821669181737,0.8384249960552371,-1.658337566778336
10.223407802600866,0.5353685766683811,-1.5712103393802086,0.3284961889660929,-1.7203606056544765
10.233411137045682,0.5195000364637266,-1.599360752130972,0.618566421445992,-1.5246723119905652
10.243414471490496,0.5033451794140359,-1.6282937635281418,0.5186836783611483,-1.7967373208942112
10.25341780593531,0.48689639024746506,-1.6580305999937441,0.6019264842468242,-1.8417363166413252
10.263421140380126,0.4701459029372611,-1.6885928582777026,0.643988340293796,-1.2599770948067228
10.27342447482494,0.45308580070177107,-1.72000250545782,0.5080534726875037,-1.6325362851091587
10.283427809269757,0.43570801600442144,-1.752281878939819,0.36177905067008753,-2.0238138771028416
10.293431143714571,0.4180043305537413,-1.7854536864572936,0.32759642609920797,-1.949387972622106
10.303434478159385,0.3999663753033421,-1.8195410060717534,0.18291568884108977,-1.561187014772406
10.313437812604201,0.38158563045192595,-1.8545672861726041,0.4225150081557919,-1.7976141490805067
10.323441147049015,0.3628539290094898,-1.8905506815563355,0.3165005742300524,-1.916481343922851
10.33344448149383,0.34377417664286475,-1.9273752559897799,0.4884567789787647,-1.9322258237940622
10.343447815938646,0.3243365528821606,-1.9650450591599367,0.40394064358587056,-1.994445703836689
10.35345115038346,0.3045248792569554,-2.0036302323029,0.2532019456471484,-2.214667357143179
10.363454484828274,0.28432369971372645,-2.0431906676726723,-0.01233865964134273,-2.0824249528326324
10.37345781927309,0.26371828061586056,-2.083776008541149,0.27219278441484546,-2.2766955140474674
10.383461153717905,0.2426946107436655,-2.1254256491980907,0.23752338098847056,-2.1173627647495152
10.39346448816272,0.2212394012943439,-2.168168734951179,-0.10216179961456293,-2.305437433873104
10.403467822607535,0.1993400858820234,-2.212024162125955,0.2604296699423437,-2.153965352716593
10.41347115705235,0.17698482053773001,-2.2570005780658704,0.003933583077765923,-2.23323337049091
10.423474491497165,0.15416248370939914,-2.3030963811322693,0.30752356751347,-2.1865354372836348
10.43347782594198,0.13086267626188824,-2.3502997207043608,0.11656980820979806,-2.420496167703005
10.443481160386796,0.10707572147694838,-2.3985884971792757,0.012674048826772727,-2.328415529742827
10.45348449483161,0.08279266505325672,-2.447930361972001,0.11205826102468992,-2.353519761056671
10.463487829276424,0.05800527510638792,-2.49828271751544,0.07778634707456072,-2.375468124963324
10.47349116372124,0.032706042168825944,-2.549592717260385,0.04689492211248097,-2.431889409840632
10.483494498166054,0.00688817918997825,-2.601797265675492,0.13751159474497407,-2.722476260209214
10.493497832610869,-0.01945437846385145,-2.654823018247333,-0.29067598549446333,-2.42329908984515
10.503501167055685,-0.04632697300945021,-2.70858638148037,-0.007828163402610958,-2.965759265804788
10.513504501500499,-0.07373422424668075,-2.762993512896927,-0.1808071488294874,-2.6472123690414526
10.523507835945313,-0.10168002955850997,-2.8179403210372462,-0.14363155422844393,-2.8947495339351152
10.53351117039013,-0.13016756391099604,-2.8733124654594597,0.07996471513594897,-3.0304055374170313
10.543514504834944,-0.15919927985327142,-2.9289853567395587,-0.2789222835164965,-2.8972773854823184
10.55351783927976,-0.18877690751757947,-2.984824156471465,-0.13020866770949713,-2.9103727013203553
10.563521173724574,-0.21890145461923316,-3.040683777266951,-0.08221574793389114,-3.0108969841647233
10.573524508169388,-0.24957320645665104,-3.0964088827557052,-0.17616561561588967,-3.1352902716529676
10.583527842614204,-0.2807917259113425,-3.151833887585311,-0.27138698042583537,-3.135703760577266
10.593531177059019,-0.31255585344789005,-3.2067829574212072,-0.2802911330750346,-3.090901986283793
10.603534511503835,-0.3448637071139894,-3.261070008946764,-0.26159185482226477,-3.2544374585117364
10.613537845948649,-0.37771268254040313,-3.314498709863202,-0.49908158028155913,-3.3043480211537957
10.623541180393463,-0.4110994529410017,-3.3668624788896606,-0.41530212067536326,-3.337885241917681
10.63354451483828,-0.44501996911274544,-3.417944485763168,-0.11404117304168515,-3.496510402544353
10.643547849283093,-0.4794692764389042,-3.467616448646475,-0.41612592357010025,-3.3073471385598303
10.653551183727908,-0.5144290422293537,-3.51569659294464,-0.49972875511444625,-3.1650198250688155
10.663554518172724,-0.5498694555282507,-3.561708366465095,-0.6065753492879722,-3.513094983117088
10.673557852617538,-0.58575854176168,-3.6051937549539734,-0.7055794034956273,-3.6579224652254676
10.683561187062352,-0.6220622868338113,-3.6457204306676867,-0.5847222002743125,-3.5187748213215273
10.693564521507168,-0.6587446371268806,-3.682881752372895,-0.6108804120233444,-3.494014524972685
10.703567855951983,-0.6957674995011704,-3.716296765346492,-0.7100122960900712,-3.7661220448223425
10.713571190396799,-0.7330907412950562,-3.745610201375646,-0.3274929752031483,-3.6864745539593415
10.723574524841613,-0.770672190324952,-3.7704924787577565,-0.8785944222217342,-3.874632043094967
10.733577859286427,-0.8084676348853587,-3.7906397023004903,-0.9498696220650598,-3.650154298921972
10.743581193731243,-0.8464308237488432,-3.805773663321762,-0.9010874176828294,-3.786669291973289
10.753584528176058,-0.8845134661660182,-3.815641839649731,-0.8940397673317585,-3.705917978458591
10.763587862620874,-0.9226652318655896,-3.8200173956228167,-1.0496768457981926,-3.981353238544269
10.773591197065688,-0.9608337510543025,-3.818699182089686,-0.9271891549770633,-3.7285552893847016
10.783594531510502,-0.9989646144169879,-3.811511736409259,-0.9490847674523418,-3.9329297957738585
10.793597865955318,-1.0370013731165437,-3.7983052824507046,-0.9353786468028347,-3.90988442151505
10.803601200400132,-1.0748855387939131,-3.7789557305934505,-1.1531163355118705,-3.920548759301751
10.813604534844947,-1.1125565835681257,-3.7533646777271694,-0.917382831270321,-3.658351446573067
10.823607869289763,-1.1499519400362774,-3.7214594072517815,-1.0592029336844464,-3.534377694080414
10.833611203734577,-1.1870070012735097,-3.6831928890774766,-0.7651096140377012,-3.939576804664
10.843614538179391,-1.2236551208330513,-3.638543779624679,-1.3344116079646176,-3.7309700422508576
10.853617872624207,-1.2598276127461954,-3.587516421824061,-1.3874505561035992,-3.749153908964618
10.863621207069022,-1.2954537515222828,-3.5301408451165734,-1.3404017111305877,-3.712631402409984
10.873624541513838,-1.3304608307045742,-3.4664803545174943,-1.2802044755739623,-3.458725606303202
10.883627875958652,-1.3647827927848069,-3.397112522696534,-1.2926284930702585,-3.3209532549507963
10.893631210403466,-1.3983683317401776,-3.3225978011464465,-1.3079173037261762,-3.378609141670029
10.903634544848282,-1.4311705331233788,-3.243274906546036,-1.1129990227283288,-3.2081102390737213
10.913637879293097,-1.4631462991210986,-3.159493819214778,-1.7425190120148177,-3.3098501810797107
10.923641213737913,-1.4942563485540592,-3.0716157831127204,-1.7553317969082316,-3.069015588740024
10.933644548182727,-1.5244652168769741,-2.9800133058406004,-1.5427360004849742,-3.050277160525519
10.943647882627541,-1.553741256178585,-2.8850701586397376,-1.252102339318508,-2.802722727528201
10.953651217072357,-1.582056635181646,-2.787181376392078,-1.473141880964696,-2.926842399583393
10.963654551517171,-1.6093873392429083,-2.6867532576202495,-1.7592590729425601,-2.6812324327557064
10.973657885961986,-1.6357131703531507,-2.5842033644874567,-1.6097620994053168,-2.8626500995546253
10.983661220406802,-1.661017747137164,-2.479960522797532,-1.6880638005645943,-2.4778497103665065
10.993664554851616,-1.6852885048537374,-2.3744648219949918,-1.7175608797194066,-2.4964733838469932
11.00366788929643,-1.708516695395687,-2.2681676151649275,-1.789446972683858,-2.294696494200847
11.013671223741246,-1.7306973872898397,-2.1615315190330575,-1.7170773837483324,-2.0708127816504724
11.02367455818606,-1.7518294656970237,-2.0550304139657856,-1.589701034954393,-2.099182572494873
11.033677892630877,-1.7719156324120948,-1.949149443970072,-1.8403390618293984,-1.883501092939926
11.043681227075691,-1.7909624058639069,-1.8443850166935778,-1.6993356684022787,-1.9095150816824107
11.053684561520505,-1.8089801211153362,-1.7412448034245378,-1.6904210995704103,-1.5943070022511419
11.063687895965321,-1.825982929863272,-1.640247739091817,-1.632229960014471,-1.3734996030838438
11.073691230410136,-1.8419888004386054,-1.5419240222649642,-1.9719512212375212,-1.5398392908650875
11.083694564854952,-1.8570195178062536,-1.4468151151540845,-1.8553278633134547,-1.4615261504339605
11.093697899299766,-1.8711006835651331,-1.355473743609981,-1.9684901215066535,-1.5783080440946418
11.10370123374458,-1.884261715948183,-1.2684638971240365,-1.8703597990438323,-1.3837172460562235
11.113704568189396,-1.8965420788946954,-1.186102759413407,-1.8836430567825517,-1.305209290668235
11.12370790263421,-1.9080156338020993,-1.1070912629037946,-2.0729643856787505,-1.07194650884726
11.133711237079025,-1.9187193836257896,-1.0311497826210425,-1.8960811546048153,-0.9442574869229026
11.14371457152384,-1.9286825143734407,-0.958264405152853,-1.600802949410797,-0.916670975471226
11.153717905968655,-1.9379339349156746,-0.8884144705573476,-1.8651716698560552,-1.0500486698874463
11.16372124041347,-1.9465022769860711,-0.8215725723629901,-2.1395383930665273,-0.58414815534699
11.173724574858285,-1.9544158951811625,-0.7577045575686286,-2.092937862171158,-0.914296168288925
11.1837279093031,-1.9617028669604293,-0.696769526643526,-1.9675677051429121,-0.7102983886501343
11.193731243747916,-1.9683909926463101,-0.6387198335272821,-2.103766968612804,-0.6844658163342471
11.20373457819273,-1.9745077954241912,-0.5835010856299206,-1.7901014377766755,-0.7044001269546902
11.213737912637544,-1.980080521342415,-0.5310521438318154,-2.1891313939973407,-0.3896631006968466
11.22374124708236,-1.9851361393122766,-0.48130512248372437,-1.9112916025215712,-0.5743829155810236
11.233744581527175,-1.9897013411080204,-0.43418538940681173,-2.227026393527058,-0.5458788928725962
11.24374791597199,-1.9938025413668472,-0.3896115658925903,-2.0020082068942378,-0.2147607524100174
11.253751250416805,-1.9974658775889074,-0.34749552670298633,-2.152953173819356,-0.36017350892970734
11.26375458486162,-2.0007172101373065,-0.30774240007028264,-1.899445511153072,-0.6649325010885707
11.273757919306435,-2.0035821222381016,-0.2702505676971464,-1.8485141970472667,-0.44761815352811196
11.28376125375125,-2.0060859199803014,-0.23491166475664538,-1.9562865959617612,-0.19790919231503376
11.293764588196064,-2.008253632315869,-0.20161057989220943,-1.8455656735962922,-0.11897192275817838
11.30376792264088,-2.0101091482528926,-0.17022591651977229,-2.3667027220123895,-0.287942803593171
11.313771257085694,-2.0116647823317186,-0.14064695124571475,-1.9909340129287267,-0.16989393416368279
11.323774591530508,-2.012934416335494,-0.11278245418667221,-1.9412928068719786,0.005622529163783585
11.333777925975324,-2.0139335755771164,-0.08654477454571845,-1.9226658151126645,-0.11868601592888822
11.343781260420139,-2.0146772643692525,-0.06184880070009516,-2.2916278160373245,-0.13017098802831775
11.353784594864955,-2.015179966024339,-0.03861196020117996,-1.9527247438034958,-0.2021790480837516
11.363787929309769,-2.0154556428545822,-0.01675421977452149,-1.9207644333363458,0.11950477481557417
11.373791263754583,-2.0155177361719576,0.003801914680190005,-1.9964876897275812,-0.4557650652666694
11.3837945981994,-2.01537916628821,0.02313139808910919,-2.2070924206949805,0.3060597718725214
11.393797932644214,-2.0150523325148555,0.041306646204226694,-2.097033001469112,-0.25631483726512266
11.40380126708903,-2.014549113163177,0.05839753560339242,-1.8292620049166364,0.06040087433494335
11.413804601533844,-2.01388086554423,0.0744714036902896,-1.8481397922005711,0.1160152049731944
11.423807935978658,-2.0130584240102087,0.08959304945480798,-1.9442745535783834,0.14404443661198546
11.433811270423474,-2.012091129071203,0.1038231988063673,-1.9074678822830529,0.44543776608978203
11.443814604868288,-2.0109865890754923,0.1172140104671508,-1.8653356386816142,-0.11983688720967944
11.453817939313103,-2.00975225850793,0.12981418084284535,-1.9427530312160943,0.30103629605832805
11.463821273757919,-2.0083953158650867,0.14167054090371364,-1.8279901948846649,0.07767979344484871
11.473824608202733,-2.006922663655257,0.15282805618458845,-1.8321809968770377,0.29198941611726925
11.483827942647547,-2.0053409283984522,0.16332982678488517,-1.6194633128529927,0.05082956634760845
11.493831277092363,-2.0036564606264062,0.1732170873685951,-2.07976654708647,0.127299230099602
11.503834611537178,-2.001875334882573,0.18252920716428067,-2.075408657388389,0.04902609469974023
11.513837945981994,-2.0000033497221255,0.1913036899650874,-2.414404675573187,0.12609876890661728
11.523841280426808,-1.9980460277119592,0.19957617412873063,-1.9426423187569735,0.12559289730284404
11.533844614871622,-1.996008615430688,0.207380432577507,-1.7057014379013216,0.2093868044848864
11.543847949316438,-1.9938960834686463,0.21474837279828882,-1.800241725191026,0.2539614347077841
11.553851283761253,-1.9917131385963704,0.2217106599802918,-1.8677520421123817,0.26359689307032613
11.563854618206069,-1.989463616470739,0.22829407819073505,-1.7841459216852047,0.23668498071059516
11.573857952650883,-1.9871506089744018,0.234520259818583,-1.912732502761084,0.2894701998660896
11.583861287095697,-1.9847771046147724,0.24040998611064793,-2.0280199233338703,0.30115733394934946
11.593864621540513,-1.982346001692139,0.24598330485723566,-1.6471880647624868,0.20542376354291936
11.603867955985327,-1.9798601082996632,0.25125953039214277,-1.916940374371676,0.4399263730225592
11.613871290430142,-1.977322142323379,0.2562572435926625,-1.806284150181737,0.25801470625056727
11.623874624874958,-1.9747347314421935,0.2609942918795816,-2.3322430368857976,0.3384997146768516
11.633877959319772,-1.9721004131278879,0.2654877892171782,-2.305021551921346,0.48597837385836284
11.643881293764586,-1.9694216346451154,0.2697541161132263,-1.9440005539661263,0.41970521909402464
11.653884628209402,-1.9667007530514027,0.2738089196189939,-2.1020174237785603,0.040932798623985744
11.663887962654217,-1.9639400351971508,0.2776671133292402,-1.9248268775759756,0.2726265973358189
11.673891297099033,-1.9611416577256318,0.28134287738222113,-2.0348727816492067,0.2940420694921357
11.683894631543847,-1.9583077070729928,0.2848496584596836,-1.543192323268154,0.4100284905650422
11.693897965988661,-1.9554401794682532,0.2882001697868701,-1.7980153885887553,0.4147907035198734
11.703901300433477,-1.9525409538186507,0.2914063876296558,-1.7306216322408217,0.2628956366945441
11.713904634878292,-1.9496113469122875,0.29447829361924965,-2.2578255430635816,0.2661903736683482
11.723907969323108,-1.9466523016412962,0.29742320791687804,-1.8248919451418208,0.151953148649617
11.733911303767922,-1.9436647448204913,0.30024805326476317,-1.970119637393891,0.1964825918144162
11.743914638212736,-1.94064958403529,0.30295956579589745,-1.7153451962588204,0.415378118106882
11.753917972657552,-1.937607707641713,0.305564295034042,-1.8398766145451193,0.3988044920021877
11.763921307102366,-1.9345399847663878,0.3080686038937253,-1.9401273726492068,0.33770204627285083
11.77392464154718,-1.931447265306543,0.31047866868024615,-2.109224952386391,-0.01748762813233895
11.783927975991997,-1.9283303799300124,0.3128004790896719,-1.9058182103782588,0.3613990175304936
11.793931310436811,-1.9251901400752345,0.3150398382088376,-1.7438004548114279,0.5507402106211927
11.803934644881625,-1.9220273379512507,0.31720236251534817,-1.6865275652014087,0.1674988235212665
11.813937979326441,-1.9188427465377067,0.3192934818775773,-1.971682501780172,0.3913436262597842
11.823941313771256,-1.9156371195848534,0.32131843955466644,-1.5358514179235268,0.5433333201117538
11.833944648216072,-1.9124111916135438,0.32328229219652715,-1.7445016173137868,0.26511409886413356
11.843947982660886,-1.9091656779152373,0.3251899098438385,-2.041645622588506,0.4435260923513244
11.8539513171057,-1.9059012745519954,0.3270459759280492,-2.0710004641871493,0.2912805232810038
11.863954651550516,-1.9026186583564837,0.32885498727137685,-1.919835350706772,0.5677918006397981
11.87395798599533,-1.8993184869319737,0.3306212540868068,-1.9525230823759254,-0.035266191699085514
11.883961320440147,-1.8960013986523385,0.3323488999780945,-1.8203347015029683,0.22749562201250556
11.893964654884961,-1.8926680050223763,0.3340418359655506,-1.8862733513567143,0.32103613083923205
11.903967989329775,-1.889318528138839,0.3357024374349966,-1.9303741275115043,0.4542535247027022
11.913971323774591,-1.8859530397595197,0.3373322363677247,-2.1158827715124255,0.25978010262457063
11.923974658219405,-1.8825717017230212,0.33893300274205607,-1.7799660147554142,0.24682028644040083
11.93397799266422,-1.8791746730835126,0.3405064763156722,-2.120495679474008,0.4407897778041826
11.943981327109036,-1.8757621101107302,0.3420543666256138,-1.7072979155444994,0.3353050854791628
11.95398466155385,-1.8723341662899802,0.34357835298828004,-2.16646100606041,0.44947381499310246
11.963987995998664,-1.8688909923221342,0.3450800844994304,-2.1178741745350873,0.39139997602665527
11.97399133044348,-1.865432736123632,0.3465611800341834,-1.998552309834956,0.17258528716913862
11.983994664888295,-1.861959542826483,0.3480232282470163,-1.9282460453884365,0.32052859478292733
11.99399799933311,-1.858471554778261,0.34946778757176655,-1.9551027923362283,0.43777327930403914
12.004001333777925,-1.8549689115421113,0.35089638622163005,-1.9218793183109364,0.4979250169724033
12.01400466822274,-1.8514517498967438,0.3523105221891626,-1.8092757750502217,0.2476769411997164
12.024008002667555,-1.8479202038364366,0.3537116632462794,-1.9778111864112795,0.1065872183891636
12.03401133711237,-1.8443744045710377,0.35510124694425427,-1.8007644278910144,0.30191311485655054
12.044014671557186,-1.8408144805259599,0.3564806806137212,-2.196643809735487,0.27612344969831115
12.054018006002,-1.8372405573421864,0.3578513413646725,-1.9723956617304292,0.5942029801902715
12.064021340446814,-1.833652757876266,0.35921457608646074,-2.0890695496602625,0.14301195612635267
12.07402467489163,-1.8300512022003155,0.3605717014477975,-1.6635557557344605,0.564086175067392
12.084028009336444,-1.826436007602021,0.3619240038967532,-1.938183448410867,0.26711113047541657
12.094031343781259,-1.8228072885846347,0.3632727396607582,-1.7303719791016379,0.014207770118961682
12.104034678226075,-1.8191651568669762,0.364619134746602,-2.0983442095428098,0.3225091246189952
12.114038012670889,-1.815509721383435,0.36596438494043304,-1.583026136464066,0.3006048717154221
12.124041347115703,-1.8118410882839664,0.3673096558077595,-1.7967005695236933,0.5373780466923612
12.13404468156052,-1.808159360934093,0.36865608269344896,-1.492126650942371,0.2821288117212021
12.144048016005334,-1.8044646338515293,0.37000474886179624,-1.8069901424115433,0.6433130320632225
12.15405135045015,-1.800756675821211,0.3713555317124082,-2.029086567099925,0.5254926922954815
12.164054684894964,-1.7970352952138604,0.3727084084887235,-1.9497826250680492,0.38807926355419703
12.174058019339778,-1.7933004465987965,0.3740638829052022,-1.8296933037088376,0.23036214280001782
12.184061353784594,-1.7895520813560508,0.3754224540875662,-1.9370173705047922,0.4168846087256294
12.194064688229409,-1.7857901476763693,0.3767846165727983,-1.636459248451967,0.3573241860945228
12.204068022674225,-1.7820145905612073,0.3781508603091442,-1.7714976167512249,0.4638269702528013
12.214071357119039,-1.7782253518227344,0.3795216706561103,-1.9239681677746785,0.49047554691804873
12.224074691563853,-1.7744223700838315,0.3808975283844656,-1.6515209055248694,0.7714414731970272
12.23407802600867,-1.7706055807780907,0.3822789096762408,-1.827021209362028,0.31356663942602164
12.244081360453483,-1.7667749161498187,0.3836662861247276,-1.651430035413757,0.5065319114615483
12.254084694898298,-1.7629303052540322,0.38506012473448037,-1.843193378260539,0.32458572319497303
12.264088029343114,-1.7590716739564605,0.38646088792131517,-1.6779020482237543,0.26232325181111593
12.274091363787928,-1.7551989449335463,0.3878690335123091,-1.8167790431357986,0.4013079486175743
12.284094698232742,-1.7513120376724436,0.38928501474580174,-1.601921234949105,0.2985952223188706
12.294098032677558,-1.7474108684710175,0.39070928027139457,-2.0237685377756183,0.10321966014366296
12.304101367122373,-1.7434953504378476,0.3921422741499499,-1.9324073104437676,0.19516711641995932
12.314104701567189,-1.7395653934922237,0.39358443585359304,-1.7627570072852101,0.2152524128139523
12.324108036012003,-1.7356209043641495,0.3950362002657099,-1.84103414833733,0.27892331751840244
12.334111370456817,-1.7316617865943393,0.39649799768094907,-1.7977379657215384,0.5948736474094174
12.344114704901633,-1.7276879405342196,0.3979702538052208,-1.628395802119642,0.40038966609662135
12.354118039346448,-1.7236992633459312,0.3994533897556964,-1.7928532054330568,0.3344684912622432
12.364121373791264,-1.719695649002324,0.40094782206081,-1.6705336785095317,0.4885731830636535
12.374124708236078,-1.7156769882869634,0.40245396266025635,-1.8518196142020533,0.40792607600239106
12.384128042680892,-1.711643168794124,0.4039722189049931,-2.016386104093578,0.4357292865305826
12.394131377125708,-1.7075940749287937,0.4055029935572392,-1.5932716886349907,0.3634926995251079
12.404134711570522,-1.7035295879066736,0.40704668479047496,-1.4310505384856578,0.2748609176750674
12.414138046015337,-1.699449585754176,0.40860368618944304,-1.6668335234586868,0.4032299741895497
12.424141380460153,-1.6953539433084244,0.4101743867501481,-1.7103985934249357,0.393026061549436
12.434144714904967,-1.6912425322172568,0.4117591708798556,-1.6751767777158362,0.5389529823994106
12.444148049349781,-1.687115220939222,0.41335841839709353,-1.4804547854980104,0.41302088172146995
12.454151383794597,-1.68297187474358,0.41497250453165185,-1.560674463917835,0.3097074625916345
12.464154718239412,-1.6788123557103056,0.4166017999245814,-1.5639190378013708,0.30230307135053286
12.474158052684228,-1.674636522730083,0.41824667062819587,-1.5110375323168632,0.7498428022371818
12.484161387129042,-1.670444231504311,0.4199074781060696,-1.6887568147000198,0.09102595448495832
12.494164721573856,-1.6662353343676573,0.42158457911225916,-1.7484462743543807,0.6063658492556546
12.504168056018672,-1.6620090705351793,0.42327789950875044,-1.5790475524813925,0.46061493931000486
12.514171390463487,-1.6577647935182611,0.42498740371728166,-1.5064645401250352,0.49765541960454496
12.524174724908303,-1.6535024562418068,0.4267134682888451,-1.4708436781241363,0.5646270197858929
12.534178059353117,-1.6492220022512374,0.42845647940264164,-1.4209669343406937,0.4822758919885798
12.544181393797931,-1.6449233657124838,0.43021683286608314,-1.5091344554883905,0.38414777190321536
12.554184728242747,-1.6406064714119908,0.4319949341147914,-1.7308255931458416,0.6880100801776374
12.564188062687561,-1.636271234756718,0.4337911982125971,-1.603840533308315,0.554523283091954
12.574191397132376,-1.6319175617741364,0.4356060498515419,-1.613356559612428,0.34762870221354725
12.584194731577192,-1.6275453491122294,0.43743992335187737,-1.6258979152248692,0.6528390260170345
12.594198066022006,-1.6231544840394967,0.43929326266206414,-1.539868472897583,0.1825722887024953
12.60420140046682,-1.618744844444948,0.4411665213587736,-1.651031512931371,0.7085105902644804
12.614204734911636,-1.6143162988381066,0.4430601626468872,-1.6463858281156,0.17298835888676012
12.62420806935645,-1.609868706349011,0.44497465935949526,-1.3259113735356294,0.5473335358314142
12.634211403801267,-1.6054019167282099,0.4469104939578995,-1.61590384555013,0.39119783354558924
12.644214738246081,-1.6009157703467682,0.44886815853161005,-1.4385629808780078,0.3675706484976812
12.654218072690895,-1.5964100981962612,0.45084815479834817,-1.424171634518863,0.5321774476569866
12.664221407135711,-1.591884721888778,0.45285099410404495,-1.5551824330656754,0.4746782149043842
12.674224741580526,-1.5873394536569227,0.45487719742284044,-1.6135846591640495,0.6117232154542303
12.684228076025342,-1.5827740963538093,0.456927295357086,-1.7125755211690845,0.2136385263325546
12.694231410470156,-1.5781884434530682,0.45900182813734147,-1.486022425019197,0.5536875773474136
12.70423474491497,-1.5735822790488407,0.4611013456223778,-1.5015461061720758,0.5222606010650837
12.714238079359786,-1.5689553778557812,0.46322640729917586,-1.6170364346064134,0.5813488129570046
12.7242414138046,-1.5643075052090594,0.4653775822829253,-1.5711412242222405,0.3923105481606486
12.734244748249415,-1.5596384170643558,0.4675554493170269,-1.6064221139026658,0.7706514041334017
12.74424808269423,-1.554947859997864,0.46976059677309134,-1.8151942723046788,0.5447288124174612
12.754251417139045,-1.550235571206293,0.47199362265093797,-1.8021021353498505,0.455758621902492
12.76425475158386,-1.545501278506863,0.4742551345785975,-1.6105454012799911,0.16150089007661583
12.774258086028675,-1.5407447003373065,0.47654574981231046,-1.482389061772242,0.4195400404834811
12.78426142047349,-1.5359655457558725,0.47886609523652607,-1.850846497140059,0.6048013088526638
12.794264754918306,-1.5311635144413192,0.48121680736390515,-1.315912587742979,0.7047354587083909
12.80426808936312,-1.5263382966929213,0.4835985323353168,-1.4724948305952006,0.49050725312188415
12.814271423807934,-1.5214895734304643,0.4860119259198413,-1.3222660802960948,0.738369463720856
12.82427475825275,-1.5166170161942465,0.48845765351476894,-1.3465817107629028,0.3472270131802988
12.834278092697565,-1.5117202871450823,0.49093639014559864,-1.4815185591628441,0.556863811789313
12.84428142714238,-1.5067990390642956,0.493448820466041,-1.77824158440188,0.563852919409157
12.854284761587195,-1.5018529153537266,0.49599563875801467,-1.1609041414568182,0.5919860636281333
12.86428809603201,-1.4968815500357264,0.4985775489316498,-1.275869587819463,0.5260147584509556
12.874291430476825,-1.4918845677531591,0.5011952645252863,-1.5028673163507325,0.5583859730374326
12.88429476492164,-1.4868615837694044,0.5038495087054726,-1.6092355809670693,0.3592832306203143
12.894298099366454,-1.4818122039683526,0.506541014266969,-1.2918665203929478,0.7123923656969466
12.90430143381127,-1.4767360248544068,0.5092705236327448,-1.6254019721925093,0.6544703443158245
12.914304768256084,-1.4716326335524867,0.5120387888539786,-1.4846766298933898,0.5630100750275432
12.924308102700898,-1.4665016078080217,0.51484657161006,-1.3974688118927623,0.6639991418287077
12.934311437145714,-1.4613425159869546,0.5176946432085888,-1.4489347857074764,0.7292189425038792
12.944314771590529,-1.4561549170757437,0.5205837845853729,-1.409742991111755,0.6142114254558028
12.954318106035345,-1.4509383606813573,0.5235147863044326,-1.5759277494119441,0.8473136379101577
12.964321440480159,-1.44569238703128,0.5264884485579957,-1.3752186485505349,0.6334380623597606
12.974324774924973,-1.440416526973507,0.5295055811665017,-1.681644398655238,0.4061002777046365
12.98432810936979,-1.4351103019765468,0.5325670035786,-1.249427748788737,0.5756006713224907
12.994331443814604,-1.4297732241294232,0.5356735448711483,-1.7168401843537622,0.6914170342187211
13.00433477825942,-1.42440479614167,0.5388260437492163,-1.5059722167945784,0.7505235916307231
13.014338112704234,-1.4190045113433376,0.5420253485460819,-1.4321798631338925,0.5727313514491613
13.024341447149048,-1.4135718536849866,0.545272317223234,-1.2367286668962394,0.41064837159503464
13.034344781593864,-1.4081062977376912,0.5485678173703719,-1.557033318912782,0.5190930543106558
13.044348116038678,-1.4026073086930406,0.5519127262054029,-1.2785313887498573,0.35228113831337926
13.054351450483493,-1.3970743423631355,0.5553079305744459,-1.6472795323465,0.6788660696310148
13.064354784928309,-1.3915068451805885,0.5587543269518301,-1.481953592065639,0.4999204250137877
13.074358119373123,-1.3859042541985291,0.5622528214400925,-1.664425814489554,0.46040592428729515
13.084361453817937,-1.3802659970905968,0.565804329769982,-1.3814010915852695,0.7053610084134158
13.094364788262753,-1.3745914921509437,0.5694097773004574,-1.4902760170861395,0.8180161953353319
13.104368122707568,-1.3688801482942385,0.5730700990186857,-1.4715635519212087,0.47060632878090947
13.114371457152384,-1.3631313650556591,0.576786239540046,-1.1325277322709888,0.6085052623946337
13.124374791597198,-1.3573445325909002,0.5805591531081253,-1.4401482419426366,0.5572891834310363
13.134378126042012,-1.3515190316761665,0.5843898035947221,-1.1485579950448577,0.8043202265385744
13.144381460486828,-1.3456542337081765,0.5882791644998451,-1.4681732105987149,0.5819140929879788
13.154384794931643,-1.339748234562853,0.5922367665945764,-1.3262247104127172,0.44430075001708674
13.164388129376459,-1.3337987135278087,0.5962762649890468,-1.3421514714253078,0.5970746940568019
13.174391463821273,-1.3278055934814634,0.6003970008493525,-1.156774171640953,0.7815107550960327
13.184394798266087,-1.3217687744838607,0.6045983013173101,-1.3711501842377118,0.5725053297381884
13.194398132710903,-1.315688104022758,0.6088796736860924,-1.2160442587144127,0.5211014063470407
13.204401467155717,-1.3095633770136306,0.6132408054002267,-1.2212673542530201,0.6000548322948446
13.214404801600532,-1.3033943357996662,0.617681564055599,-1.4488041224604593,0.47415605712365205
13.224408136045348,-1.297180670151767,0.6222019973994518,-1.0801218657471017,0.5987387755279571
13.234411470490162,-1.2909220172685532,0.6268023333303815,-1.0448689031838065,0.549756894223145
13.244414804934976,-1.284617961776357,0.6314829798983433,-1.2409371816066328,0.9903844883510795
13.254418139379792,-1.2782680357292244,0.6362445253046494,-1.4368760474287163,0.35157235031968287
13.264421473824607,-1.2718717186089208,0.6410877379019653,-1.0788831989158358,0.5170663720930042
13.274424808269423,-1.2654284373249216,0.6460135661943168,-1.2685343919408567,0.558125834626579
13.284428142714237,-1.258937566214421,0.6510231388370826,-1.2187131490711236,0.5084427077592213
13.294431477159051,-1.2523984270423258,0.6561177646370004,-1.2793894402248218,0.7235900636204806
13.304434811603867,-1.2458102890012563,0.6612989325521644,-1.3970566219423957,0.5562863281052811
13.314438146048682,-1.239172368711552,0.6665683116920227,-1.2912797937513316,0.45224599655808095
13.324441480493498,-1.2324838302212624,0.6719277513173832,-1.2958679776410744,0.6897472323028185
13.334444814938312,-1.2257437850061563,0.6773792808404069,-1.2856761262444205,0.6366728069006482
13.344448149383126,-1.2189512919697145,0.6829251098246139,-1.2219365426057023,0.5845635904597668
13.354451483827942,-1.2121053574431317,0.6885676279848807,-1.1084459725631002,0.903964346705147
13.364454818272756,-1.2052049351853218,0.6943094051874376,-1.274861994014639,0.7670891399090936
13.37445815271757,-1.1982489263829095,0.700153191449874,-1.2341914996981065,0.7549762932056496
13.384461487162387,-1.1912361796502344,0.706101916941136,-0.9563692499697463,0.7824008483938508
13.394464821607201,-1.184165491029355,0.712158691981523,-1.4501776718508073,0.7802580366985669
13.404468156052015,-1.177035603990041,0.718326807042694,-0.9921060424936895,0.6850873815429787
13.414471490496831,-1.1698452094297758,0.7246097327476646,-1.0204999885121009,0.6210924015748727
13.424474824941646,-1.1625929456737627,0.7310111198708032,-1.3854238196021038,0.7521864726956993
13.434478159386462,-1.1552773984749145,0.7375347993378396,-1.4187489065868615,0.7015691474038008
13.444481493831276,-1.1478971010138637,0.7441847822258554,-0.9548707616170382,0.4577203463639133
13.45448482827609,-1.1404505338989537,0.7509652597632916,-1.3323750532860383,0.596160422989055
13.464488162720906,-1.132936125166243,0.7578806033299466,-1.1424341041228872,0.7030230854830152
13.47449149716572,-1.1253522502795095,0.7649353644569707,-0.9154817930250964,0.9080876138207253
13.484494831610537,-1.117697232130239,0.7721342748268764,-1.0434062902199492,0.793978821978459
13.494498166055351,-1.109969341037639,0.779482246273527,-1.0509848744899148,0.6501848929765208
13.504501500500165,-1.1021667947486276,0.7869843707821464,-0.9735852417151357,0.6201777326282663
13.514504834944981,-1.0942877584378368,0.7946459204893149,-0.9689812093525021,0.9725672958071396
13.524508169389795,-1.0863303447076187,0.8024723476829654,-1.0547006543944055,0.776040388838669
13.53451150383461,-1.0782926135880355,0.8104692848023911,-1.0182461273415846,0.38124152928729016
13.544514838279426,-1.0701725725368645,0.818642544438242,-1.0248338397640453,0.801639444762271
13.55451817272424,-1.0619681764396016,0.8269981193325199,-1.0695623933981502,0.932977996267194
13.564521507169054,-1.0536773276094542,0.8355421823785876,-1.0648926658441633,0.6645111538809139
13.57452484161387,-1.0452978757873437,0.8442810866211644,-1.0665082764111504,0.854414409233288
13.584528176058685,-1.036827618141911,0.8532213652563216,-1.019587531404759,0.8775092703490819
13.5945315105035,-1.028264299269506,0.8623697316314929,-0.8723589425317229,0.6994645486763708
13.604534844948315,-1.0196056111941993,0.8717330792454625,-0.9932505427694719,1.0652225340381987
13.61453817939313,-1.0108491933677723,0.8813184817483752,-1.2710409179083517,0.9082654838653833
13.624541513837945,-1.0019926326697206,0.8911331929417332,-1.0897994079656772,0.8355266352707674
13.63454484828276,-0.9930334634072597,0.9011846467783896,-1.128754588889423,0.875752039423323
13.644548182727576,-0.9839691673153135,0.9114804573625607,-0.7077808251512778,0.7218159031859787
13.65455151717239,-0.9747971735565272,0.9220284189498125,-1.1502386739283512,0.7267382334252868
13.664554851617204,-0.9655148587212559,0.9328365059470727,-0.7064021157270408,0.8634855501188796
13.67455818606202,-0.9561195468275697,0.9439128729126258,-0.9599654058797209,0.8834954317466899
13.684561520506834,-0.9466085093212586,0.9552658545561066,-1.0882719410817223,0.9199932575639412
13.694564854951649,-0.9369789650758222,0.9669039657385123,-0.5682424242153383,1.1757146038846507
13.704568189396465,-0.927228080392475,0.978835901472197,-1.0551687530613159,1.07597201693145
13.714571523841279,-0.9173529690001516,0.9910705369208646,-1.042081384900108,0.7246153910939315
13.724574858286093,-0.9073506920554962,1.0036169273995819,-0.7544240544058018,1.1776308543961145
13.73457819273091,-0.8972182581428679,1.0164843083747723,-0.7403104204856831,0.9460045209918364
13.744581527175724,-0.8869526232743457,1.029682095464209,-0.9119689833746436,1.1421469285129275
13.75458486162054,-0.8765506908897168,1.0432198844370308,-0.8178262852875008,0.9841742637424742
13.764588196065354,-0.86600931185649,1.0571074512137233,-1.1088700848742148,1.074188730335025
13.774591530510168,-0.8553252844698839,1.071354751866136,-0.6934738385844669,0.8917165085110124
13.784594864954984,-0.8444953544528313,1.085971922617475,-0.7486814472014347,1.135703176887529
13.794598199399799,-0.8335162149559863,1.100969279842295,-0.7209939754711362,1.231765604800146
13.804601533844615,-0.8223845065577097,1.1163573200665176,-0.9265542928465126,0.8738134100417756
13.814604868289429,-0.8110968172640849,1.1321467199674102,-0.8911247461165168,1.2655158175964614
13.824608202734243,-0.7996496825089046,1.1483483363736051,-0.8809502680378002,1.044241837794959
13.83461153717906,-0.7880395851536761,1.1649732062650908,-1.0612421364423719,1.4278703394477317
13.844614871623873,-0.7762629554876277,1.182032546773204,-0.6524059092738312,1.2975169439644187
13.854618206068688,-0.7643161712276962,1.1995377551806459,-0.6191573632107752,1.2860440094121561
13.864621540513504,-0.7521955575185336,1.2175004089214747,-0.788844885795463,1.1929357933031444
13.874624874958318,-0.7398973869325128,1.2359322655810963,-0.8040320416213316,1.6311433787433463
13.884628209403132,-0.7274178794697154,1.2548452628962816,-0.644031074774799,1.1852751966935664
13.894631543847948,-0.7147532025579375,1.2742515187551584,-0.6449286864329955,1.1226211810767108
13.904634878292763,-0.7018994710526969,1.294163331197201,-0.47622346326431286,1.19500296682613
13.914638212737579,-0.688851239074714,1.3145951391261348,-0.6136884241813442,1.474491783587605
13.924641547182393,-0.6755974961889042,1.335572575224566,-0.6178822145581553,1.3497430739975116
13.934644881627207,-0.6621316538669146,1.3571201369165955,-0.6605113411385124,1.3486539723835294
13.944648216072023,-0.648447580135227,1.3792613069795494,-0.7349523534743523,1.3118387925140937
13.954651550516838,-0.6345389691312966,1.4020191199307321,-0.41260041308365636,1.3857386250279586
13.964654884961654,-0.6203993411035363,1.4254161620274526,-0.7382687815109523,1.3479715224982263
13.974658219406468,-0.6060220424113356,1.4494745712669936,-0.44096644030675214,1.5508155662416654
13.984661553851282,-0.591400245525043,1.4742160373866395,-0.5073508687902044,1.4355878575501708
13.994664888296098,-0.5765269490259737,1.4996618018636647,-0.4905225785000319,1.4031276331210676
14.004668222740912,-0.5613949776064175,1.5258326579153199,-0.6003370823082838,1.6713033310240817
14.014671557185727,-0.5459969820696238,1.5527489504988579,-0.41485533023176413,1.4054624736062373
14.024674891630543,-0.5303254393298074,1.5804305763115227,-0.6586544072660937,1.596735899233534
14.034678226075357,-0.5143726524121591,1.608896983790532,-0.25545279621173267,1.3215622091201829
14.044681560520171,-0.49813075045282784,1.6381671731131087,-0.4563808095172522,1.4317606733771364
14.054684894964987,-0.4815916886989293,1.6682596961964646,-0.5767413377277611,1.6135954334868283
14.064688229409802,-0.4647472485085546,1.6991926566977862,-0.5278235000240882,1.619123265748905
14.074691563854618,-0.4475890373507498,1.73098371001427,-0.4465079782942943,1.6506953750196833
14.084694898299432,-0.43010848880553987,1.7636500632830807,-0.6494770965336627,1.880630505161497
14.094698232744246,-0.4122968625639075,1.7972084753813888,-0.2993660374915754,1.9236846218847892
14.104701567189062,-0.3941452444278017,1.8316752569263552,-0.625255418867414,1.876512979813978
14.114704901633877,-0.37564454631014804,1.867066270275112,-0.2742477179391095,1.7123859600091742
14.124708236078693,-0.35678550623482597,1.9033969295248052,-0.3554095190075066,1.8859569327282504
14.134711570523507,-0.33755868833669495,1.9406822005125455,-0.06123608955145543,2.2293566060644316
14.144714904968321,-0.31795448286157113,1.9789366008154512,-0.5676079418611013,2.3530256516746495
14.154718239413137,-0.29796310616623706,2.018174199750632,-0.4352469643392356,2.165275193899746
14.164721573857951,-0.27757460071845297,2.0584086183751666,-0.13199990358889335,1.9090550843488956
14.174724908302766,-0.2567788350969352,2.0996530294861424,-0.18278866602107036,2.083522967846233
14.184728242747582,-0.2355655039913665,2.1419201576206377,-0.1524160032965079,2.1765210029777315
14.194731577192396,-0.21392412820240742,2.185222279055698,-0.03447320539687038,2.1965322105276073
14.20473491163721,-0.19184405464167475,2.2295712218083814,-0.21702516505562144,2.3939808567669583
14.214738246082026,-0.16932478130782547,2.274908421301174,-0.08226538657903497,2.384680430449307
14.22474158052684,-0.14637155596479945,2.3211219246563473,-0.24605955680358899,2.1643325074465762
14.234744914971657,-0.1229651018644214,2.3682517446093962,-0.20812342335232664,2.275128536757308
14.244748249416471,-0.09908705433102383,2.416327368497199,0.018842835966913316,2.5627249760413067
14.254751583861285,-0.07472072313724008,2.465362751625511,-0.09799026656710014,2.6800006044491638
14.264754918306101,-0.04985109250401645,2.5153563172689424,0.155419316560753,2.5518661547290233
14.274758252750916,-0.024464821100625755,2.566290956670928,-0.14774858683208175,2.8025974540862593
14.284761587195732,0.0014497579553637285,2.6181340290437927,-0.007702844698897506,2.637058808508439
14.294764921640546,0.027902637098052324,2.6708373615686756,-0.02303811674293297,2.537368812624096
14.30476825608536,0.0549021343132409,2.724337249395598,-0.16539378023405288,2.819267497929191
14.314771590530176,0.08245489313841736,2.778554455643434,-0.03505526494607569,3.2374841399929575
14.32477492497499,0.11056588266274164,2.8333942113998805,-0.052345154729130206,2.644786840152675
14.334778259419805,0.13923839752707518,2.8887462157215174,0.21575920486909134,3.1181432375666116
14.34478159386462,0.1684740579239664,2.944484635633777,0.17816250646544965,3.030320998661868
14.354784928309435,0.19827280959763488,3.0004681061309135,-0.07825930302117157,2.8988413742771484
14.36478826275425,0.22863292384400252,3.056539730176066,0.06759056447336748,2.772282852683884
14.374791597199065,0.2595509975106783,3.1125270787012247,0.2770980326142613,2.77610293545966
14.38479493164388,0.29102195299694156,3.168242190607203,0.09269255808382426,3.0876631215051904
14.394798266088696,0.32303903825378044,3.2234815727637067,0.198346162861119,3.2829428480947667
14.40480160053351,0.3555938267838473,3.278026200009255,0.4014308555692193,3.412096011899574
14.414804934978324,0.3886762176414984,3.331641515151249,0.5015337775484001,3.5027634335554563
14.42480826942314,0.42227443543277654,3.384077428965943,0.42198667543141843,3.4295974640884435
14.434811603867955,0.4563750303153943,3.4350683201984156,0.533102085603273,3.4563168248070695
14.44481493831277,0.49096287799877414,3.484333035562633,0.43138373151121306,3.4344666554116676
14.454818272757585,0.5260211797440015,3.531574889741382,0.4033874199945067,3.5948174142278564
14.4648216072024,0.5615314623638665,3.5764816653863267,0.5474291862510932,3.477005602790812
14.474824941647215,0.5974735782228469,3.6187256131179817,0.49813685532415797,3.4371658039505633
14.48482827609203,0.633825705237087,3.657963451525693,0.780651906422667,3.669756101955461
14.494831610536844,0.6705643468744381,3.6938363671676817,0.5411443439384476,3.8151185296079846
14.50483494498166,0.7076643321544379,3.72597001457102,0.623597010685282,3.514994920519185
14.514838279426474,0.7450984378904065,3.7540980825645347,0.8982817812732764,3.673533534129618
14.524841613871288,0.7828171931625568,3.777930087820665,0.7214823296312384,3.7841070908730416
14.534844948316104,0.8207605890348094,3.797068234980811,0.9921489724533267,3.800073828610758
14.544848282760919,0.8588686628580979,3.8111561407462142,0.6790010939363134,3.8927376913630414
14.554851617205735,0.8970814986112196,3.8198788430913306,0.824333039971961,4.103067438820751
14.564854951650549,0.9353392269007816,3.822962801263812,0.9351712686010981,3.487707476579012
14.574858286095363,0.9735820249612486,3.8201758957845193,1.0271867707845996,4.111865564623553
14.58486162054018,1.0117501166549214,3.8113274284475116,1.2481381599367298,4.085970571760996
14.594864954984994,1.0497837724719183,3.796268122320057,0.8968197446646988,3.933090981716574
14.60486828942981,1.0876233095302206,3.7748901217426196,0.9793241285697138,3.8085335316551583
14.614871623874624,1.1252090915756203,3.7471269923288775,0.9342662272646605,3.65045862759647
14.624874958319438,1.162481528981766,3.7129537209657033,1.0610445243772237,3.847737012987096
14.634878292764254,1.199381078750143,3.6723867158131682,1.3194889470005915,3.713909675212791
14.644881627209068,1.2358482445100545,3.625483806304568,1.0332850318017466,3.57873789121211
14.654884961653883,1.271823576518659,3.572344243146382,1.15990610407725,3.7027956066505556
14.664888296098699,1.307247671660953,3.513108698318287,1.4839753995835305,3.6715665362229197
14.674891630543513,1.3420611734497494,3.447959265073197,1.2287782605371964,3.0370292967297754
14.684894964988327,1.376204772025719,3.3771194579371975,1.1111604873062109,3.590363504649529
14.694898299433143,1.4096192041573667,3.3008542127095732,1.349430963259393,3.1882455199698065
14.704901633877958,1.4422452532410182,3.2194698864628535,1.6886442972564533,3.4092438782861025
14.714904968322774,1.4740224792587564,3.1333648587231226,1.4776897875467243,3.0893543950635265
14.724908302767588,1.5048934304622479,3.043316799353445,1.4850782485402791,3.077391219111565
14.734911637212402,1.5348281876627787,2.9498614604123548,1.7748352798607199,3.0132315740479387
14.744914971657218,1.5638033426810192,2.853458527919427,1.6727076976368904,3.0288490442799527
14.754918306102033,1.5917986952551813,2.7545608785095705,1.4163472951015184,2.867790162380677
14.764921640546849,1.618797253041053,2.6536145794329027,1.5746119398418112,2.276200300066988
14.774924974991663,1.6447852316119609,2.5510588885548913,1.3255598003140892,2.3983412468270884
14.784928309436477,1.6697520544588014,2.44732625435623,1.7494355387476885,2.4643961891572745
14.794931643881293,1.6936903529900276,2.3428423159328924,1.7213453590663772,2.635483838335896
14.804934978326107,1.7165959665316368,2.2380259029961858,1.526232524302665,2.233910899868627
14.814938312770922,1.7384679423271958,2.1332890358726413,1.784133270749268,2.022848068391891
14.824941647215738,1.7593085355378273,2.029036925504071,1.7635575473002685,1.7890445253914196
14.834944981660552,1.7791232092421998,1.9256679734476208,1.990609141833454,1.8234257905680558
14.844948316105366,1.79792063443655,1.8235737718756602,2.1026306591533253,1.8187026232880419
14.854951650550182,1.8157126900346698,1.7231391035758397,1.9699207248445474,1.7151436732271665
14.864954984994997,1.8325144628678993,1.624741941951143,1.82790288802882,1.537137541967842
14.874958319439813,1.8483442476851477,1.5287534510197618,1.8662128370900894,1.5764532551818689
14.884961653884627,1.8632235471528684,1.4355379854152375,1.7455847708155914,1.416781323036255
14.894964988329441,1.8771770718550815,1.3454530903863373,1.7856622419465145,1.6904027008285631
14.904968322774257,1.8902327402933616,1.2588495017971129,1.8767731248066188,1.4906343245515967
14.914971657219072,1.9024216788868347,1.176071146126939,1.8730783292656814,1.2149642923571753
14.924974991663888,1.9137939873659948,1.0969847962371557,1.7155893766192045,1.029923907456976
14.934978326108702,1.924402533896756,1.0210543583637455,1.955982734515143,1.2589549330077254
14.944981660553516,1.93427538041753,0.9482436901704272,1.9675727970689707,1.155801744349377
14.954984994998332,1.9434402692111488,0.878515574647498,2.039549635741587,1.122625775567201
14.964988329443146,1.9519247671221156,0.8118281525690036,1.9430684345263574,1.1703615591667742
14.97499166388796,1.9597562655566148,0.7481349224926663,1.8869468351194962,0.633165647363016
14.984994998332777,1.9669619804825054,0.6873847407599226,1.7854540530291503,1.0370384414936331
14.994998332777591,1.9735689524293192,0.6295218214959545,2.096486088322004,0.5794037114889082
15.005001667222405,1.979604046488267,0.5744857366096235,2.1669574510192913,0.6776395643772908
15.015005001667221,1.985093952312235,0.5222114157935068,2.2800130730185737,0.29003649088252015
15.025008336112036,1.990065184115783,0.4726291465239215,1.9502611678686448,0.4032509389324977
15.035011670556852,1.9945440806751495,0.425664574060862,1.6984916792138594,0.5847136547778161
15.045015005001666,1.998556805328246,0.38123870144806893,1.9579973219577422,0.4921833821960533
15.05501833944648,2.002129345974662,0.3392678895129714,2.356095136124104,0.28628133573883013
15.065021673891296,2.005287515075662,0.2996638568667124,1.9421145676770888,0.3174634823253118
15.07502500833611,2.0080569496541862,0.26233367990416945,2.1561440526016975,0.17732672610764696
15.085028342780927,2.0104631112948503,0.227179792803905,1.9158188717250308,0.38575818334010986
15.095031677225741,2.012531286143946,0.19409998752822033,2.0693271847196515,-0.11260925192250276
15.105035011670555,2.0142865849094407,0.16298741382311066,1.8304778149890746,0.3881727933971922
15.115038346115371,2.0157539428609788,0.13373057921828546,2.0760431853228005,0.01940118956269811
15.125041680560185,2.0169525684869587,0.10620675107101382,1.9913911199017114,0.10819225199126435
15.135045015005,2.0178870169862506,0.08029536529982076,2.128247021028275,-0.12344414392899766
15.145048349449816,2.0185708097730553,0.055910893502458814,1.8924284389724866,0.09685425673196714
15.15505168389463,2.0190177248510466,0.032971852353476286,2.004042537776729,0.11875072974898276
15.165055018339444,2.019241072865128,0.011399347566711765,1.8348149632611885,0.06496864900740992
15.17505835278426,2.0192536971014334,-0.008882926104691824,2.1829912400080542,0.06413985596770068
15.185061687229075,2.0190679734873247,-0.02794868486827748,2.0399347344515633,-0.04233122525317311
15.19506502167389,2.0186958105913946,-0.04586905589229884,1.8934681376756692,-0.05666884475826711
15.205068356118705,2.018148649623464,-0.06271257730569293,2.2071045275555248,-0.08056685329571173
15.21507169056352,2.017437464434584,-0.07854519819810307,1.8839668660323223,-0.152382261512911
15.225075025008335,2.0165727615170344,-0.0934302786198685,2.046700306108424,-0.14945737819699553
15.23507835945315,2.015564580004326,-0.10742858958201723,2.088360072463797,-0.02900202546966267
15.245081693897966,2.014422477409325,-0.12059830163235682,2.1477699544700224,0.0929356192073981
15.25508502834278,2.013154253450037,-0.1329924700659141,2.1625330621058914,-0.2731283296881081
15.265088362787594,2.011766395668981,-0.14465662139550337,1.87623622868254,-0.15602234286447703
15.27509169723241,2.010265412015626,-0.15563390231512048,1.9425891084297138,-0.3263829113592619
15.285095031677224,2.008657562375709,-0.16596575067786637,1.94240379324976,-0.23714269072072222
15.295098366122039,2.006948858571233,-0.17569189549595843,1.9061716976070524,-0.22306031841920926
15.305101700566855,2.0051450643604696,-0.18485035694072444,2.1819126919082192,-0.15496465075333854
15.315105035011669,2.0032516954379562,-0.19347744634259806,2.374023056846277,-0.16790121843965067
15.325108369456483,2.001274019434498,-0.20160776619112847,1.9577641533439103,-0.20098783379289856
15.3351117039013,1.999217055917168,-0.2092742101349754,2.037690852683699,-0.14398611655931587
15.345115038346114,1.997085576389306,-0.2165079629819051,2.30859227526816,-0.34330603272854043
15.35511837279093,1.9948841042905183,-0.2233385006987999,2.1237410130171788,-0.19217591105668133
15.365121707235744,1.992616915068151,-0.22979359094848106,1.7569522536825584,-0.11418877363426658
15.375125041680558,1.9902881418901033,-0.23590060519376588,2.1804316760106888,-0.3644770657603803
15.385128376125374,1.987900952371036,-0.24168175043032322,1.9865608721872405,-0.5004848897314788
15.395131710570189,1.985457960108898,-0.24715550934442315,1.7966369911562474,-0.08995107270183528
15.405135045015005,1.9829617062073202,-0.2523397525366044,1.912999230306205,-0.4186601987773103
15.415138379459819,1.9804146592756204,-0.2572517385216668,2.014833713944385,-0.3356136032363203
15.425141713904633,1.9778192154287995,-0.26190811372867734,1.907195966762469,-0.15100920987744187
15.43514504834945,1.9751776982875422,-0.26632491250096785,1.8009176944473901,-0.40212969440324264
15.445148382794263,1.9724923589782197,-0.2705175570961324,1.99560435780055,-0.12510608848390162
15.455151717239078,1.9697653761328862,-0.27450085768603216,2.155489421356364,-0.3742601157402756
15.465155051683894,1.9669988558892795,-0.2782890123567929,2.1076054009272265,-0.39591035637735417
15.475158386128708,1.9641948318908244,-0.28189560710880296,2.2381262339268444,-0.45196126092176225
15.485161720573522,1.9613552652866282,-0.2853336158567177,2.1606270869053876,-0.3838065318795263
15.495165055018338,1.9584820447314826,-0.2886154004294567,2.2604690129506726,-0.19991729110158407
15.505168389463153,1.9555769863858654,-0.2917527105702029,1.803174506974632,-0.37008848250157894
15.515171723907969,1.9526418339159366,-0.29475668393640597,2.069819014699498,-0.13686002129407177
15.525175058352783,1.94967825722884,-0.2976378448979091,1.9390709184701707,-0.29093910275338913
15.535178392797597,1.9466875112762403,-0.30040523214529974,2.06044046617285,-0.28063546809367673
15.545181727242413,1.9436703393561239,-0.3030651575932925,1.7496446104553676,-0.4250112612893196
15.555185061687228,1.940627495927417,-0.3056233968757708,1.9758954874001669,-0.12330103440111675
15.565188396132044,1.9375597208931838,-0.30808557913302126,2.179957084517491,-0.19115616601730373
15.575191730576858,1.9344677396006307,-0.31045718701173075,1.9775613537560852,-0.1981351041143592
15.585195065021672,1.931352262841102,-0.3127435566649889,1.8313396353100737,-0.335728200703721
15.595198399466488,1.928213986850083,-0.314949877752287,1.8045943786491614,-0.5022612693584437
15.605201733911302,1.9250535933071995,-0.31708119343951685,1.9750859450526301,-0.2892541974518053
15.615205068356117,1.9218717493362163,-0.31914240039897324,2.025019622012568,-0.23722562576510614
15.625208402800933,1.9186691075050382,-0.32113824880935243,1.9550657482036176,-0.23764574895771928
15.635211737245747,1.9154463058257114,-0.3230733423557514,1.90904384139159,-0.2611396330723913
15.645215071690561,1.9122039677544205,-0.3249521382296698,1.8032823073514666,-0.2694962493838003
15.655218406135377,1.9089427021914902,-0.3267789471290089,2.009205354984392,-0.42723116133983935
15.665221740580192,1.905663103481387,-0.32855793325807087,1.9134379183303138,-0.4220983097024748
15.675225075025008,1.9023657514127144,-0.33029311432756064,1.823389746935297,-0.4990325175928838
15.685228409469822,1.8990512112182192,-0.33198836155458367,2.0889174499932026,-0.1721355853465765
15.695231743914636,1.895720033574786,-0.333647399662648,1.9763351117088865,-0.03781800687107595
15.705235078359452,1.8923727546034392,-0.3352738068816633,1.8639859001181804,0.11949055538493181
15.715238412804267,1.889009895869345,-0.3368710149479401,1.854880483564862,-0.2985920121845376
15.725241747249083,1.8856319506158188,-0.33844225909054326,1.8259652635247876,-0.28259342508149754
15.735245081693897,1.882239015929025,-0.33998917707767384,2.007581255111962,-0.35707663603563644
15.745248416138711,1.8788311163392664,-0.3415129236548719,2.1453390934069096,-0.3056405309598528
15.755251750583527,1.875408359978517,-0.34301491656606053,1.915981167895047,-0.4793645707431181
15.765255085028341,1.8719708528135974,-0.34449655168628696,1.934745713996155,-0.3646006348076918
15.775258419473156,1.868518698646172,-0.3459592030217243,1.777282739245579,-0.4624303642439789
15.785261753917972,1.86505199911275,-0.3474042227096705,2.265816506076253,-0.3869258102365258
15.795265088362786,1.8615708536846876,-0.3488329410185479,1.6430230405674975,-0.45356615997843375
15.8052684228076,1.858075359668184,-0.35024666634790463,1.850340183746752,-0.2682466114554319
15.815271757252416,1.8545656122042837,-0.3516466852284137,1.9377850904630807,-0.2501545024619349
15.82527509169723,1.8510417042688778,-0.3530342623218725,1.7543126582732784,-0.3019681957966407
15.835278426142047,1.8475037266727006,-0.35441064042120435,1.7160948070561137,-0.4473570878733061
15.845281760586861,1.843951768061333,-0.3557770404504566,1.7062954218862942,-0.5340353686401971
15.855285095031675,1.8403859149152004,-0.35713466146480244,2.000017338243902,-0.2538429063179693
15.865288429476491,1.8368062515495718,-0.3584846806505399,1.9833060570462913,-0.3525877207468954
15.875291763921306,1.8332128601145639,-0.35982825332509144,1.9497340149443358,-0.6240216640214732
15.885295098366122,1.8296058205951362,-0.3611665129370054,1.9590689483019395,-0.33459853843625087
15.895298432810936,1.8259852108110952,-0.36250057106595424,1.92005165083347,-0.3054970762086623
15.90530176725575,1.8223511064170907,-0.3638315174227361,1.6742928332365579,-0.5885374837313931
15.915305101700566,1.8187035809026182,-0.36516041984927416,1.7118954559751738,-0.28042282765833737
15.92530843614538,1.815042705592019,-0.36648832431861594,1.9185564178683283,-0.5716796659258954
15.935311770590195,1.8113685496444787,-0.36781625493493453,1.6642036445242465,-0.4763016078260604
15.94531510503501,1.8076811800540273,-0.3691452139335281,1.7540854210140049,-0.5734528385614259
15.955318439479825,1.8039806616495417,-0.37047618168081925,1.5906728967285217,-0.49375147614195236
15.96532177392464,1.8002670570947423,-0.3718101166743561,1.8132051325284932,-0.5488992676373796
15.975325108369455,1.7965404268881946,-0.37314795554281194,1.7791699003924297,-0.21436503312153962
15.98532844281427,1.7928008221299678,-0.374490587754771,1.5975338615179413,-0.40545745151635193
15.995331777259086,1.7890479615055188,-0.3758377134365784,1.9427614715681347,-0.4385779719911498
16.0053351117039,1.7852816384035652,-0.37718925216043137,1.6992311847748025,-0.2026648800144603
16.015338446148714,1.7815017978495484,-0.37854565497527676,1.7355714860038163,-0.2128714011944416
16.02534178059353,1.7777083812525856,-0.37990736926270685,1.8420531899216654,-0.4313340671991824
16.035345115038346,1.7739013264054673,-0.38127483873695944,1.8458549059950968,-0.33320741166005374
16.04534844948316,1.770080567484664,-0.38264850344491663,1.923212990635035,-0.4649003341246694
16.055351783927975,1.7662460350503166,-0.384028799766107,1.7724269450675596,-0.3932561517068026
16.06535511837279,1.7623976560462429,-0.3854161604127042,1.8680198772922105,-0.5391930395793305
16.075358452817603,1.7585353537999353,-0.3868110144295273,1.9110819110356136,-0.31686169860396485
16.08536178726242,1.7546590480225601,-0.3882137871940412,1.5571202869776182,-0.20697436337196615
16.095365121707236,1.7507686548089632,-0.38962490041635456,2.0858826169286226,-0.2393498049839434
16.10536845615205,1.7468640866376608,-0.3910447721392231,1.9609118017216312,-0.3782390648988349
16.115371790596864,1.7429452523708462,-0.3924738167380473,1.4937195144100697,-0.669091884413176
16.12537512504168,1.7390120572543872,-0.39391244492087313,1.777274363834551,-0.4827092660803701
16.135378459486493,1.7350644029178273,-0.3953610637283918,1.5978779611687246,-0.4047730663236931
16.14538179393131,1.7311021873743833,-0.3968200765339405,1.8234399805535766,-0.6147337085482626
16.155385128376125,1.7271253050209512,-0.39828988304350027,1.6597936619788936,-0.171809280575453
16.16538846282094,1.7231336466380984,-0.39977087929569893,1.5618403896048922,-0.26930670122095546
16.175391797265753,1.7191270993900682,-0.4012634576618093,1.6464174851577191,-0.31939439368431644
16.185395131710568,1.7151055468247796,-0.40276800684574965,1.8797046729052096,-0.2915757417979964
16.195398466155385,1.7110688688738245,-0.404284911884084,1.8474428092059059,-0.5770239418952774
16.2054018006002,1.7070169418524748,-0.4058145541460202,1.8740658978636695,-0.5337185213412432
16.215405135045014,1.7029496384596732,-0.407357311333413,1.741880903295404,-0.36862038328382896
16.225408469489828,1.6988668277780385,-0.4089135574807622,1.7716352116084757,-0.3583700560717336
16.235411803934642,1.694768375273865,-0.4104836629552128,1.5681968784951565,-0.6129637747995702
16.245415138379457,1.6906541427971216,-0.4120679944565553,1.821506444791387,-0.38419280782871795
16.255418472824275,1.6865239885814516,-0.41366691501722597,1.8589305147251243,-0.4203768551454062
16.26542180726909,1.6823777672441769,-0.41528078400230495,1.4716031131426328,-0.27036133185168904
16.275425141713903,1.678215329786291,-0.41690995710951934,1.6226597383371248,-0.3656094384963662
16.285428476158717,1.674036523592463,-0.41855478636924115,1.576917609320535,-0.17190952983418759
16.29543181060353,1.6698411924310381,-0.4202156201444876,1.5383564688035585,-0.4708300832604138
16.30543514504835,1.665629176454034,-0.4218928031309221,1.6817464818586316,-0.5857201521939658
16.315438479493164,1.6614003121971495,-0.42358667635685143,1.7109782414852888,-0.18180010473672792
16.325441813937978,1.657154432579752,-0.4252975771832297,1.5835851084756956,-0.36602615432847085
16.335445148382792,1.6528913669048872,-0.4270258393036558,1.240476058999104,-0.4328652193763819
16.345448482827607,1.648610940859275,-0.4287717927443739,1.6016545979703443,-0.5515464331059317
16.355451817272424,1.6443129765133093,-0.43053576386427417,1.8065305469575892,-0.4794723161078484
16.36545515171724,1.6399963010982386,-0.432318926168126,1.6133746780342004,-0.48889785738648667
16.375458486162053,1.6356597618142241,-0.4341224094395485,1.3481373810494626,-0.6039203754510927
16.385461820606867,1.6313033729395865,-0.4359463382343805,1.775467395857619,-0.7524389352663763
16.39546515505168,1.626927137282721,-0.4377908592391815,1.5119798348403652,-0.49774886768264603
16.4054684894965,1.622531045364553,-0.4396561419780072,1.8840743254582877,-0.32436557715355185
16.415471823941314,1.6181150754185438,-0.4415423788124068,1.534539496360579,-0.24586532424507415
16.425475158386128,1.6136791933906818,-0.4434497849414274,1.5026018203155138,-0.2920848143813266
16.435478492830942,1.6092233529394877,-0.44537859840161065,1.4053917660510353,-0.28438992363323706
16.445481827275756,1.6047474954360141,-0.44732908006699407,1.5438274486153662,-0.6016047162081846
16.45548516172057,1.6002515499638448,-0.4493015136491107,1.5676800080023976,-0.4076998866910785
16.46548849616539,1.5957354333190934,-0.45129620569699,1.5215231687402366,-0.36820317979769146
16.475491830610203,1.5911990500104096,-0.4533134855971548,1.5037499674607995,-0.3602576265074511
16.485495165055017,1.5866422922589698,-0.45535370557362564,1.6529756015644597,-0.4644921637798159
16.49549849949983,1.5820650399984837,-0.4574172406879181,1.5158576931435912,-0.43468612132312817
16.505501833944646,1.5774671608751916,-0.45950448883904327,1.6600052223302464,-0.15023461592930204
16.515505168389463,1.5728485102478644,-0.4616158707635086,1.7137615735175915,-0.3152173782911324
16.525508502834278,1.5682089311878085,-0.46375183003531484,2.031485760416851,-0.3863580585201382
16.535511837279092,1.5635482544788575,-0.4659128330659608,1.636244781175613,-0.3603105719177127
16.545515171723906,1.5588662986173778,-0.46809936910444,1.4075214019791398,-0.5346846145672535
16.55551850616872,1.554162869812267,-0.4703119502372416,1.4782374798084168,-0.3731698536543073
16.565521840613535,1.5494377619849538,-0.47255111138835026,1.523311577651774,-0.45181759756720485
16.575525175058353,1.5446907567693975,-0.4748174103192473,1.707808949791667,-0.3453447995136265
16.585528509503167,1.5399216235120932,-0.47711142762890696,1.5156634730559062,-0.5776106921606403
16.59553184394798,1.5351301192720626,-0.47943376675380167,1.7054213290200408,-0.36335008961732185
16.605535178392795,1.5303159888208602,-0.4817850539678987,1.289377466076553,-0.5287581448041409
16.61553851283761,1.525478964642572,-0.48416593838266087,1.5503062839450863,-0.3673414808145062
16.625541847282427,1.5206187669338136,-0.4865770919470473,1.6571339911747793,-0.44399119177072627
16.63554518172724,1.5157351036037376,-0.4890192094475104,1.603522233307566,-0.4793986890907873
16.645548516172056,1.5108276702740222,-0.49149300850800065,1.409749917046938,-0.5306826671641888
16.65555185061687,1.5058961502788792,-0.4939992295899633,1.5087448282748954,-0.4992011170927518
16.665555185061685,1.5009402146650515,-0.49653863599233916,1.2181042789985308,-0.5561611362317538
16.675558519506502,1.4959595221918118,-0.4991120138515657,1.5043903701551846,-0.5413175126374208
16.685561853951317,1.4909537193309692,-0.501720172141573,1.4539301500042314,-0.42852146652088496
16.69556518839613,1.4859224402668592,-0.5043639426737899,1.324078862209564,-0.7485702747664715
16.705568522840945,1.4808653068963502,-0.5070441800971394,1.428639838270849,-0.3924270192718709
16.71557185728576,1.4757819288288423,-0.5097617618980406,1.728914884751838,-0.39244252603382956
16.725575191730577,1.470671903386265,-0.5125175884004088,1.2504323394059378,-0.5473726743069245
16.73557852617539,1.4655348156030845,-0.5153125827656524,1.504029972765314,-0.48867391522711356
16.745581860620206,1.460370238226293,-0.5181476909926779,1.5412659211677242,-0.655705032961792
16.75558519506502,1.4551777317154166,-0.5210238819178867,1.464919194848028,-0.4579754574514674
16.765588529509834,1.4499568442425115,-0.5239421472151757,1.5738074872380603,-0.6447998722070946
16.77559186395465,1.4447071116921661,-0.5269035013959376,1.3929335816057316,-0.9324761534069386
16.785595198399466,1.4394280576614984,-0.5299089818090614,1.3462087625248322,-0.6085712157547178
16.79559853284428,1.434119193460163,-0.5329596486409289,1.2811815172350465,-0.5081178261060312
16.805601867289095,1.4287800181103405,-0.5360565849154205,1.4203882033035502,-0.8749386665520622
16.81560520173391,1.4234100183467446,-0.5392008964939111,1.455736213742008,-0.6784495161122652
16.825608536178724,1.418008668616621,-0.5423937120752714,1.4908620124951981,-0.7346713992345713
16.83561187062354,1.4125754310797436,-0.5456361831958687,1.4170764118593846,-0.5881106825288446
16.845615205068356,1.4071097556084247,-0.5489294842295626,1.4525750383509741,-0.5302248925818606
16.85561853951317,1.4016110797875019,-0.5522748123877115,1.3633364535342838,-0.7827156594943482
16.865621873957984,1.3960788289143455,-0.5556733877191685,1.1744976343951907,-0.6432564285830014
16.8756252084028,1.390512415998858,-0.5591264531102823,1.38927043340942,-0.6503636451901499
16.885628542847613,1.3849112417634728,-0.5626352742848971,1.4786930313503925,-0.6045184121666497
16.89563187729243,1.3792746946431529,-0.566201139804354,1.2345227859262264,-0.6079155837525404
16.905635211737245,1.3736021507853984,-0.569825361067486,1.4074811262328812,-0.5210926532437984
16.91563854618206,1.3678929740502355,-0.5735092723106254,1.6496498438492049,-0.6738456733111383
16.925641880626873,1.3621465160102226,-0.5772542306075988,1.3511247167716627,-0.5133356385846849
16.935645215071688,1.3563621159504509,-0.5810616158697287,1.3528486720703286,-0.6561543377680267
16.945648549516505,1.3505391008685397,-0.5849328308458341,1.1181505244169032,-0.6615580147037865
16.95565188396132,1.3446767854746464,-0.588869301122226,1.1836214235669762,-0.8478603032907928
16.965655218406134,1.338774472191454,-0.5928724751227148,1.2194226459408661,-0.749936233237683
16.97565855285095,1.3328314511541781,-0.5969438241086052,1.4203994329481204,-0.5067800484964612
16.985661887295763,1.3268470002105666,-0.6010848421786975,1.1912651067734354,-0.6401191367631657
16.99566522174058,1.3208203849208957,-0.6052970462692893,1.0420839856040154,-0.6794480387966934
17.005668556185395,1.31475085855798,-0.6095819761541689,1.3745981436633317,-0.48584129271205345
17.01567189063021,1.308637662107159,-0.6139411944446252,1.2016805998534619,-0.4561629653654973
17.025675225075023,1.302480024266306,-0.6183762865894409,1.0751262360392853,-0.8055204564610098
17.035678559519837,1.2962771614458246,-0.6228888608748943,1.4027264412915061,-0.3722206765904072
17.045681893964655,1.2900282777686491,-0.6274805484247611,1.3640430759962034,-0.6335319064048629
17.05568522840947,1.283732565070251,-0.6321530032003077,0.9544550030919197,-0.9355200616068295
17.065688562854284,1.2773892028986262,-0.6369079020003007,1.2968006334330067,-0.6906173024359769
17.075691897299098,1.2709973585143048,-0.6417469444610011,1.1051220811914872,-0.6319170573364935
17.085695231743912,1.2645561868903483,-0.6466718530561655,1.2818258920165198,-0.5050094727751246
17.095698566188727,1.2580648307123492,-0.6516843730970454,1.2785551731642544,-0.46742521784688773
17.105701900633544,1.2515224203784296,-0.6567862727323908,1.2527215248107517,-0.6740865219534912
17.11570523507836,1.2449280739992492,-0.6619793429484411,1.4045749019363265,-0.8087454749546562
17.125708569523173,1.2382808973979926,-0.6672653975689369,1.6604480153879169,-0.6109767758439265
17.135711903967987,1.2315799841103785,-0.6726462732551126,1.2887043720360294,-0.593881877159223
17.1457152384128,1.224824415384656,-0.6781238295056986,1.5063948866844021,-0.5592477177548076
17.15571857285762,1.2180132601816038,-0.6836999486569224,0.9772548633310153,-0.47317939094179673
17.165721907302434,1.2111455751745397,-0.6893765358825013,1.1600110882577872,-0.6733032749566027
17.175725241747248,1.2042204047493046,-0.6951555191936541,1.0123323089230145,-0.6162252164750698
17.185728576192062,1.1972367810042737,-0.7010388494390936,1.099530637494141,-0.6860134037400725
17.195731910636876,1.1901937237503537,-0.7070285003050276,1.1475788729462362,-0.41827658004464985
17.20573524508169,1.1830902405109827,-0.7131264683151599,1.4804292855328212,-0.7061494927829487
17.21573857952651,1.1759253265221274,-0.7193347728306922,1.1855219832274557,-0.7753512177831196
17.225741913971323,1.168697917488787,-0.7256558066320463,1.334598861214205,-0.7749937871820529
17.235745248416137,1.1614044338294987,-0.7321111546019433,1.0982038426326437,-0.5853222250521987
17.24574858286095,1.1540427791829033,-0.7387129825773838,1.0732979148854058,-0.7443762377446634
17.255751917305766,1.1466123891422049,-0.7454620320348219,0.909415771915556,-0.6398334802663468
17.265755251750583,1.1391126005489274,-0.7523593737853348,1.4302426414262077,-0.644175567865366
17.275758586195398,1.1315426514929252,-0.7594064079746139,1.350812526625021,-0.8863217284012135
17.285761920640212,1.1239016813123666,-0.7666048640829792,1.1593503236165967,-0.9080788527383876
17.295765255085026,1.1161887305937457,-0.7739568009253692,1.0820238987565443,-0.6581250793224935
17.30576858952984,1.108402741171878,-0.7814646066513439,1.1236758331373728,-0.9933607600415271
17.31577192397466,1.1005425561298994,-0.7891309987450871,0.9032881902992363,-0.9963055884687031
17.325775258419473,1.0926069197992763,-0.7969590240253955,1.166324808290215,-0.4873748436768953
17.335778592864287,1.0845944777597887,-0.8049520586456954,1.2889632143598206,-1.089349838517605
17.3457819273091,1.0765037768395425,-0.8131138080940317,1.2896651675500101,-0.6726537455418347
17.355785261753915,1.0683332651149655,-0.82144830719307,0.8365382732856519,-0.8669285496996447
17.365788596198733,1.0600812919108047,-0.8299599201001008,1.224409653635176,-0.747394893459883
17.375791930643548,1.051746107800139,-0.8386533403070262,0.8553818499419412,-0.7470420169375971
17.385795265088362,1.0433258646043606,-0.8475335906403788,0.7227007751922725,-0.8809569170039605
17.395798599533176,1.0348186153931864,-0.8566060232613094,1.2055121308031937,-0.8538468909256114
17.40580193397799,1.0262223144846563,-0.8658763196655901,0.9513816819903644,-0.7324743815997377
17.415805268422805,1.0175348174451326,-0.8753504906836139,1.1637475897081198,-0.6788445367535714
17.425808602867622,1.0087538810892966,-0.8850348764803988,1.1399052453562548,-0.7228286573898268
17.435811937312437,0.9998771634801614,-0.8949361465555736,1.1098134470957917,-0.8551068491881029
17.44581527175725,0.9909022239290531,-0.9050612997433984,1.0043285738936252,-0.9406502576080087
17.455818606202065,0.9818265229956235,-0.9154176642127514,0.7999712790366647,-1.0587143905357226
17.46582194064688,0.9726474224878462,-0.9260128974671318,0.9303452501975648,-0.8897950735267673
17.475825275091697,0.9633621854620146,-0.9368549863446639,1.179484075162654,-0.9431245705259907
17.48582860953651,0.9539679762227538,-0.9479522470180818,1.1044894198544033,-0.7860548985532637
17.495831943981326,0.9444618603230018,-0.9593133249947522,0.9097448406696832,-0.8701097932892247
17.50583527842614,0.9348408045640222,-0.9709471951166592,0.898311598305293,-0.7726268110048876
17.515838612870954,0.9251016769954006,-0.982863161560408,1.0204781777352905,-1.1614357247636613
17.52584194731577,0.9152412469150453,-0.9950708578372252,0.9394699447381223,-0.7478540335636432
17.535845281760587,0.9052561848691834,-1.0075802467929633,0.8780715296871782,-0.9404229922787031
17.5458486162054,0.8951430626523751,-1.020401620608082,0.9770248883132469,-1.175895055482772
17.555851950650215,0.8848983533074919,-1.033545600797676,0.9615045456895189,-1.2426208736028699
17.56585528509503,0.8745184311257318,-1.0470231382114568,0.7806748151655224,-0.885664693087328
17.575858619539844,0.8639995716466148,-1.0608455130337566,0.9175130151928684,-1.1065171841957357
17.58586195398466,0.8533379516579795,-1.075024334783535,0.9203071048447576,-1.0840381719468049
17.595865288429476,0.8425296491959984,-1.0895715423143564,0.8444164245487734,-0.9910487633063357
17.60586862287429,0.8315706435451551,-1.1044994038144222,0.7224654824462853,-1.0984489429812185
17.615871957319104,0.8204568152382588,-1.1198205168065498,0.7736165860472608,-1.3576610229965882
17.62587529176392,0.8091839460564417,-1.135547808148178,0.6711155826190468,-0.9003168410886032
17.635878626208736,0.7977477190291542,-1.1516945340313722,0.8554562162169393,-1.3502327792415807
17.64588196065355,0.7861437184341811,-1.168274279982802,0.5550905620569195,-1.1850988649993897
17.655885295098365,0.7743674297976172,-1.185300960863776,1.0085454097740896,-1.2133146810844289
17.66588862954318,0.762414239893884,-1.2027888208702169,0.9584641729044864,-1.1499992052474182
17.675891963987993,0.7502794367457255,-1.2207524335326698,0.8209670054226096,-1.4211105099283552
17.68589529843281,0.7379582096242034,-1.2392067017163075,0.8785866478866671,-1.2894465073073487
17.695898632877626,0.7254456490487152,-1.2581668576209035,0.8549095170903515,-1.3802923549188204
17.70590196732244,0.7127367467869674,-1.2776484627808729,0.7392941489134542,-1.224848019690228
17.715905301767254,0.6998263958549931,-1.2976674080652453,0.6767213983686131,-1.2369856291023218
17.72590863621207,0.6867093905171483,-1.3182399136776715,0.646749829238272,-1.4155988766338634
17.735911970656883,0.673380426286111,-1.3393825291564234,0.9142029337052056,-1.182039599202207
17.7459153051017,0.6598340999228768,-1.361112133374402,0.5457043881656503,-1.27584548753521
17.755918639546515,0.646064909436778,-1.3834459345391066,0.534663081231605,-1.5611486310884553
17.76592197399133,0.632067254085455,-1.4064014701926797,0.7871386702953015,-1.6620164140397906
17.775925308436143,0.6178354343748758,-1.429996607211879,0.756863821411357,-1.4679049540978377
17.785928642880958,0.6033636520593298,-1.454249541808082,0.5716316615972505,-1.3927868588645886
17.795931977325775,0.5886460101414245,-1.4791787995272974,0.6758258319405623,-1.6031302760516335
17.80593531177059,0.5736765128721047,-1.5048032352501273,0.6813353541846142,-1.4877976545463438
17.815938646215404,0.5584490657506224,-1.5311420331918226,0.37004084682041666,-1.5566232057287834
17.825941980660218,0.5429574755245571,-1.5582147069022465,0.7501493278583959,-1.3067254871653922
17.835945315105032,0.5271954501898103,-1.5860410992658824,0.6347977188311119,-1.764592622491138
17.845948649549847,0.5111565989906064,-1.6146413825018362,0.5847476343589896,-1.4870122469229572
17.855951983994665,0.4948344324194863,-1.6440360581638445,0.6036906299172946,-1.5262929148606568
17.86595531843948,0.4782223622173303,-1.6742459571402346,0.5327118241044599,-1.685107807964816
17.875958652884293,0.46131370137332417,-1.7052922396539856,0.37005857698772143,-1.98998256742921
17.885961987329107,0.444098488529244,-1.7371736893567271,0.4950447535362466,-1.7092657628088987
17.89596532177392,0.4265635363592232,-1.7698978516047252,0.5101999127829456,-1.9705294055986593
17.90596865621874,0.4086981701626568,-1.8035047193596925,0.5054506735599158,-1.4953229551665759
17.915971990663554,0.39049181604750693,-1.8380299325298843,0.40225933566419364,-1.8472797304108655
17.925975325108368,0.3719339930484412,-1.8735046980232235,0.41828434646129636,-1.5686541443166728
17.935978659553182,0.35301431312685766,-1.9099557897472539,0.19946714887187403,-1.879474749738168
17.945981993997997,0.33372248117087877,-1.9474055486091515,0.21377386782623214,-2.0294562567359007
17.955985328442814,0.31404829499534437,-1.9858718825157382,0.3066097488130535,-1.7837733962737043
17.96598866288763,0.29398164534183946,-2.0253682663734276,0.56413023544515,-1.9581469446794217
17.975991997332443,0.27351251587865244,-2.0659037420883055,0.21702330742512965,-1.6919929120925277
17.985995331777257,0.2526309832008033,-2.107482918566078,0.18849781100137528,-2.1931533057200387
17.99599866622207,0.23132721683003582,-2.150105971712082,-0.03491423985677322,-1.9406922363253702
18.00600200066689,0.20959147921481075,-2.193768644431303,0.35482831807050486,-1.831097814013836
18.016005335111704,0.18741412573033633,-2.238462246628312,-0.021014377102382548,-2.0197366255064457
18.026008669556518,0.16478560467852166,-2.2841736552073595,0.17530593243344075,-2.163258622687339
18.036012004001332,0.14169645728800817,-2.3308853140723116,-0.10547011387766247,-2.110673040672517
18.046015338446146,0.11813731771416175,-2.378575234126668,0.2361148304139363,-2.3844117393446007
18.05601867289096,0.09409891303907203,-2.427216993273559,0.19086581618824022,-2.542041288429896
18.06602200733578,0.0695720632715448,-2.476779736415767,-0.0173439495657101,-2.5462964284595766
18.076025341780593,0.04454768134713605,-2.5272281754556523,-0.23336149790640565,-2.3979644013251473
18.086028676225407,0.019016773128099962,-2.5785225892952606,0.19775581525548488,-2.683724211759837
18.09603201067022,-0.0070295625965760555,-2.6306188238362527,0.04520088979514676,-2.670449895030638
18.106035345115036,-0.03360013411118057,-2.683468291979922,0.015640960200974004,-2.7776048781615765
18.116038679559853,-0.06070365677328726,-2.7370179736272124,-0.19321743018643264,-2.579206740723651
18.126042014004668,-0.0883487530137167,-2.791210415678643,-0.09792934078239059,-2.487894073050622
18.136045348449482,-0.11654082972709492,-2.845992222004341,-0.10959433500797393,-2.984903928056915
18.146048682894296,-0.1452728035345742,-2.901307247655744,0.03876832793081664,-2.806687223033841
18.15605201733911,-0.17455248364439527,-2.9569999474942645,-0.06552155408993174,-2.778409845664077
18.166055351783925,-0.20438753787621394,-3.01289480452228,-0.30230698195308314,-3.031982800870073
18.176058686228743,-0.23478276690763034,-3.068806592542371,-0.2605002416307993,-3.2624185730797137
18.186062020673557,-0.2657401042741456,-3.124540376157244,-0.30527862679788215,-2.9240834574757204
18.19606535511837,-0.29725861636922646,-3.1798915107698495,-0.2616579008001494,-3.3818007099465976
18.206068689563185,-0.3293345024442628,-3.234645642583303,-0.562710414194003,-2.9849292337710622
18.216072024008,-0.36196109460857767,-3.288578708600904,-0.37550894614684716,-3.3856902394561468
18.226075358452817,-0.3951288578294395,-3.341456936626156,-0.43622762256399,-3.563053099773756
18.23607869289763,-0.4288253899320148,-3.393036845262691,-0.21536111750527184,-3.4519947859005953
18.246082027342446,-0.46303542159943883,-3.443065243914382,-0.2579251924386755,-3.4353174867472847
18.25608536178726,-0.49774081637276857,-3.4912792327852666,-0.2833110201875026,-3.452775057928804
18.266088696232075,-0.5329205706509943,-3.537406202879569,-0.4049356712206329,-3.4295422459663185
18.276092030676892,-0.5685508136910533,-3.5811638360017124,-0.4750571537532577,-3.528973664424306
18.286095365121707,-0.604604807607777,-3.6222601047562577,-0.6395324150251147,-3.3349449010203287
18.29609869956652,-0.6410529473739692,-3.6603932725479984,-0.7770934951383544,-3.6597471261965246
18.306102034011335,-0.6778627608203543,-3.6952518935818963,-0.675629879539215,-3.634885780580368
18.31610536845615,-0.71499890863559,-3.7265148128630985,-0.7794198055197652,-3.6793028670246604
18.326108702900967,-0.7524231843662812,-3.7538511661969447,-0.7777495721467261,-3.9911440438126298
18.33611203734578,-0.7900945144169256,-3.7769203801889315,-0.7886616714783986,-3.9420051801434544
18.346115371790596,-0.827968958049995,-3.79537217224477,-1.0881268224173302,-3.774841174141362
18.35611870623541,-0.8659997073858814,-3.808846550570345,-0.7928172060829464,-3.7298418442546586
18.366122040680224,-0.9041370874029093,-3.8169738141717264,-0.8190614813499552,-4.106862167312818
18.37612537512504,-0.942328555937338,-3.8193745528551695,-1.1464810951234585,-3.523346337333119
18.386128709569856,-0.9805189276805937,-3.8156567647918846,-1.1376002416921491,-3.7240306101213814
18.39613204401467,-1.018669223811973,-3.8052158908563634,-1.12170986706185,-3.793264979966229
18.406135378459485,-1.0567149391006971,-3.787908458156633,-1.1517030694417363,-3.7036772849636863
18.4161387129043,-1.094574806361235,-3.7638897817694636,-1.0740586887637302,-3.8311332478160987
18.426142047349114,-1.132171318366044,-3.7333291192412514,-1.2896971363181506,-3.6931629896173748
18.43614538179393,-1.1694307278455813,-3.696409670588001,-1.35133854770197,-3.6322875142698754
18.446148716238746,-1.2062830474882538,-3.6533285782953824,-0.8123103111327188,-3.4508030706060806
18.45615205068356,-1.242662049940495,-3.604296927318651,-1.1349098669063706,-3.617138021979823
18.466155385128374,-1.2785052678067135,-3.5495397450826984,-1.5693181618572423,-3.747882704467726
18.47615871957319,-1.3137539936493057,-3.48929600148204,-1.1213350652338987,-3.6077594135007574
18.486162054018003,-1.3483532799886557,-3.4238186088808167,-1.4532410947132628,-3.44866618023342
18.49616538846282,-1.3822519393031476,-3.3533744221127657,-1.5415588781301308,-3.537389732295511
18.506168722907635,-1.4154025440291176,-3.278244238481325,-1.4229736549463308,-3.41197365668213
18.51617205735245,-1.4477614265609258,-3.1987227977594825,-1.55891421352776,-3.3159014516815333
18.526175391797263,-1.479288679250908,-3.1151187821898754,-1.4009346471757376,-3.149937635764179
18.536178726242078,-1.5099481544093878,-3.027754816484763,-1.5367339495934658,-2.938212931888431
18.546182060686895,-1.5397074643046873,-2.936967467825997,-1.5610134055396283,-2.978705533094573
18.55618539513171,-1.5685379811630853,-2.843107245865151,-1.4979704278275596,-2.7428775693315064
18.566188729576524,-1.5964148371688796,-2.746538602723325,-1.6184758620951702,-2.734447436380247
18.57619206402134,-1.6233169244643455,-2.6476399329912765,-1.7405854589243448,-2.7767423894659555
18.586195398466153,-1.6492268951497466,-2.5468035737293855,-1.5338547698547256,-2.4800622643476924
18.59619873291097,-1.6741311612833425,-2.4444358044676213,-1.605836395520856,-2.402307652158793
18.606202067355785,-1.6980198948813545,-2.3409568472056845,-1.6910894035091115,-2.2364950635822693
18.6162054018006,-1.7208870279180186,-2.2368008664127927,-1.5806207137646011,-2.1001166656341956
18.626208736245413,-1.7427302504534061,-2.1324159955358337,-1.757846937845304,-1.9243670860495081
18.636212070690227,-1.7635258334106636,-2.0286483655839,-1.7292567311508154,-1.9337919366990304
18.646215405135045,-1.7832682632025139,-1.9262317276200644,-1.740955079577282,-1.8891807214974383
18.65621873957986,-1.8019841372141312,-1.8254569592976955,-1.9123469357516791,-1.7202543335459715
18.666222074024674,-1.8197002371314486,-1.72659013163085,-1.3929060778953026,-1.7828093928493625
18.676225408469488,-1.836443528941128,-1.6298725089944206,-1.8257943216273858,-1.69680329864651
18.686228742914302,-1.852241162930569,-1.535520549124096,-1.9254441481648592,-1.303853127406295
18.696232077359117,-1.8671204736879081,-1.4437259031163643,-1.9680661263470278,-1.5148379741213185
18.706235411803934,-1.8811089801020229,-1.3546554154284796,-2.119232903661718,-1.4682971741098167
18.71623874624875,-1.894234385362514,-1.2684511238785876,-2.150494369305516,-1.1736804189967982
18.726242080693563,-1.9065245769597339,-1.185230259645537,-1.4865699936841374,-1.2402320786931154
18.736245415138377,-1.9180076266847665,-1.1050852472690071,-2.168021316633302,-0.9700852976045472
18.74624874958319,-1.9287117906294329,-1.0280837046494742,-2.0377505344689566,-0.8331816650664432
18.75625208402801,-1.9386655091862943,-0.9542684430481863,-1.9809698663547861,-1.0490407964106034
18.766255418472824,-1.9478974070486392,-0.8836574670872679,-1.9745910404104923,-0.7699909529468398
18.776258752917638,-1.956436293210503,-0.8162439747495631,-1.9905493878238516,-0.890752680168619
18.786262087362452,-1.9643111609666546,-0.7519963573787385,-1.9941359014134854,-0.9427746350538713
18.796265421807266,-1.9715511879126,-0.69085819967926,-1.911996447568503,-0.9588671887559965
18.80626875625208,-1.978185735944582,-0.6327482797163908,-2.044803954099409,-0.5188404983917794
18.8162720906969,-1.9842443512595827,-0.5775605689161734,-1.938787108819675,-0.4890124829682148
18.826275425141713,-1.9897594187424807,-0.525179996627879,-1.9995162696503022,-0.34971806948005146
18.836278759586527,-1.9947685798047718,-0.4755386161967271,-1.856063700289303,-0.4086174655595759
18.84628209403134,-1.9992972117238301,-0.428538181785361,-1.8601653451267988,-0.3159746486248245
18.856285428476156,-2.0033690351103286,-0.3840765508176987,-2.0692885621123622,-0.5856613875713987
18.866288762920973,-2.0070072171340447,-0.34205231783505696,-1.9439528982576513,-0.26013893321034265
18.876292097365788,-2.0102343715238535,-0.30236481449621044,-1.8466635728530687,-0.4428130057530045
18.886295431810602,-2.013072558567736,-0.26491410957730177,-2.1490372174593104,-0.1959290696311362
18.896298766255416,-2.015543285112773,-0.22960100897190244,-2.026218333440736,-0.5124652505575716
18.90630210070023,-2.017667504565149,-0.19632705569099707,-1.9614012800020204,-0.47419049293934024
18.91630543514505,-2.01946561689015,-0.1649945298629732,-2.1612540996711562,0.03775767606604288
18.926308769589863,-2.0209574686121616,-0.13550644873366435,-1.7472256159410944,-0.3178549040044586
18.936312104034677,-2.022162352814675,-0.10776656666628398,-2.071571083426579,-0.10137318820447808
18.94631543847949,-2.023099009140281,-0.08167937514147,-1.755914970003046,-0.15560971731513024
18.956318772924305,-2.0237856237906735,-0.05715010275727417,-2.095318227245665,0.1751587310121551
18.966322107369123,-2.024239640252516,-0.03408412279028753,-2.080458013160255,0.0742461335546811
18.976325441813938,-2.0244742880409854,-0.012387047527987693,-2.2460457328078496,-0.03807195914183663
18.986328776258752,-2.0245006039009295,0.008017031736230258,-2.2734401296498903,-0.1502980354071254
18.996332110703566,-2.024329570171305,0.027198433161165866,-1.8984493668984657,0.01971262449815897
19.00633544514838,-2.023971853873257,0.04522519269588038,-2.071837714956203,-0.06708725090125726
19.016338779593195,-2.023437806710116,0.06216306407969667,-2.0565362176963085,0.10733003914480072
19.026342114038012,-2.0227374650673995,0.07807551884220479,-1.8753000340981352,-0.3156964837723155
19.036345448482827,-2.0218805500128125,0.0930237463032397,-2.146644726152234,0.11688818263159056
19.04634878292764,-2.020876467296246,0.10706665357291512,-2.035705934690589,0.16757308995192385
19.056352117372455,-2.019734307349778,0.1202608655516006,-1.979603264430795,0.0745306861025895
19.06635545181727,-2.0184628452876736,0.1326607249299274,-2.09749082468575,0.09583550146960226
19.076358786262087,-2.0170705409063836,0.1443182921887924,-1.8447591884329722,0.03451710225293525
19.0863621207069,-2.015565538684547,0.15528334559934187,-2.02498654715614,0.18278467769910503
19.096365455151716,-2.013955667782988,0.16560338122299642,-1.7799030283018196,0.12055714248754944
19.10636878959653,-2.0122484330116843,0.17532360094600438,-1.8684274346100402,0.36012051143575774
19.116372124041344,-2.0104490592983018,0.1844832482084305,-2.020012199046899,0.15287540134691613
19.12637545848616,-2.0085614728460484,0.19311463914392624,-2.057919523653281,0.15474116900753887
19.136378792930977,-2.0065902527424404,0.20124912718540683,-1.8784542736559156,0.23590062377373391
19.14638212737579,-2.004539815318461,0.20891685701062498,-1.9692463589429807,0.04013333045364975
19.156385461820605,-2.0024144141485527,0.21614676454218817,-2.147537925754838,0.5376637882587352
19.16638879626542,-2.0002181400506234,0.22296657694754685,-2.0268919988439267,0.10675077761079282
19.176392130710234,-1.9979549210860432,0.2294028126389976,-1.7832900462476486,0.2716740949415304
19.18639546515505,-1.995628522559646,0.23548078127368494,-1.9089052850299677,0.2147737199814549
19.196398799599866,-1.9932425470197301,0.24122458375359324,-2.0410435106062508,0.2157866278789997
19.20640213404468,-1.9908004342580559,0.24665711222555914,-2.1982111598028498,0.23346800081257452
19.216405468489494,-1.9883054613098468,0.2518000500812633,-1.9439004997534541,0.5293695351578265
19.22640880293431,-1.9857607424537898,0.25667387195723235,-1.9728608827030074,-0.09345268437431337
19.236412137379126,-1.983169229212035,0.26129784373484033,-1.9972670441297282,0.6722234637010862
19.24641547182394,-1.9805337433886714,0.26569074834292533,-1.8505788081409154,0.14405740677163703
19.256418806268755,-1.977856414600238,0.2698679418928726,-1.8891904374356545,0.15856592815941156
19.26642214071357,-1.975138880693949,0.273841361123547,-2.1782100086259777,0.2215859566384362
19.276425475158383,-1.9723827384855575,0.2776225684144739,-1.9586537725997282,-0.003200756950535455
19.2864288096032,-1.969589546110234,0.2812227713783086,-2.1419634396910294,0.2827731058556618
19.296432144048016,-1.9667608230225688,0.2846528228608314,-2.027986799420912,0.343874513532745
19.30643547849283,-1.963898049996568,0.2879232209409552,-2.146098299092852,0.3950402832239503
19.316438812937644,-1.9610026691256557,0.2910441089307204,-2.138566533684685,0.537454254221365
19.32644214738246,-1.9580760838226738,0.29402527537529616,-2.2154398264794213,0.13014213481778428
19.336445481827273,-1.9551196588198823,0.29687615405298035,-1.8925140383651078,0.546511141777626
19.34644881627209,-1.9521347201689574,0.29960582397520064,-1.9048782647515319,0.3840345120025593
19.356452150716905,-1.9491225552409965,0.3022230093865105,-1.9464920199900377,0.1482632412692315
19.36645548516172,-1.9460844127265118,0.304736079764595,-2.0196051649624187,0.12294962176740348
19.376458819606533,-1.9430215026354334,0.3071530498202672,-2.134827997801964,0.3674153877182292
19.386462154051348,-1.9399349962971097,0.3094815794974688,-2.108411693610304,0.357414680505973
19.396465488496165,-1.9368260263603063,0.311728973973271,-2.132099439193471,0.3561864269907842
19.40646882294098,-1.9336956867932085,0.3139021836578714,-2.006998072137653,0.5248945137054681
19.416472157385794,-1.9305449711531355,0.31600761147850015,-1.8819871368162757,0.5013750454276213
19.426475491830608,-1.9273742858312832,0.3180492953541775,-2.040721293295062,0.32647079639080256
19.436478826275422,-1.9241839846008775,0.32003049497822167,-2.0713470583183193,0.25798970856655895
19.446482160720237,-1.920974456283527,0.3219544893152865,-1.9602900896952213,0.21307575621221558
19.456485495165055,-1.9177460835323492,0.3238244872675675,-2.1000715123592033,0.11179688871966961
19.46648882960987,-1.9144992428319747,0.3256436276747996,-2.2654614601880843,0.16719165814928091
19.476492164054683,-1.91123430449854,0.32741497931426056,-1.8171102199977633,0.08764019951226812
19.486495498499497,-1.9079516326796928,0.32914154090076886,-2.113170059617689,0.5977763265857061
19.49649883294431,-1.9046515853545898,0.330826241086684,-2.000125992831828,0.3789831424614094
19.50650216738913,-1.9013345143338969,0.3324719384619073,-1.8049869423588227,0.43185085792909933
19.516505501833944,-1.8980007652597928,0.33408142155387943,-2.1263478998510017,0.2994224695689559
19.526508836278758,-1.894650677605962,0.33565740882758394,-2.1373847680337206,0.7026050876641324
19.536512170723572,-1.8912845846776,0.33720254868554494,-2.13051587427994,0.18002651585507193
19.546515505168387,-1.8879028136114127,0.3387194194678278,-2.0439929418376384,0.11422034795939576
19.556518839613204,-1.8845056853756135,0.34021052945203945,-1.6816165989121317,0.7035777146145639
19.56652217405802,-1.881093514769929,0.34167831685332645,-1.9524558826668217,0.14361484482666495
19.576525508502833,-1.8776666104255926,0.34312514982437803,-2.213205435234496,0.3065088420460628
19.586528842947647,-1.8742252748053478,0.3445533264554241,-1.9216800882795644,0.24685890750140238
19.59653217739246,-1.8707698042034482,0.34596507477423566,-1.8375635161070139,0.4052410461965586
19.60653551183728,-1.8673004887456557,0.3473625527461255,-1.8188380000549706,0.2999438219508524
19.616538846282094,-1.8638176123892454,0.3487478482739459,-2.0290608868253845,0.44862281294495326
19.626542180726908,-1.860321452922998,0.3501229791980918,-1.8584443890097686,0.48337660792328935
19.636545515171722,-1.8568122030761083,0.3514895825561737,-1.7383008706552736,0.13822527219910635
19.646548849616536,-1.8532896724156134,0.35284771651619246,-2.068423003534254,0.2395166087051132
19.65655218406135,-1.8497538369721258,0.35419804155451845,-2.008193648215726,0.46748580795093353
19.66655551850617,-1.8462047055272912,0.3555413430503726,-1.7935082541291036,0.5204189421181692
19.676558852950983,-1.8426422849581967,0.3568783971491019,-1.783169262346559,0.3881758344301073
19.686562187395797,-1.8390665802373642,0.35820997076218203,-1.6591071131857387,0.4286690717224393
19.69656552184061,-1.8354775944327553,0.35953682156721545,-1.8252624499170975,0.5816047766568182
19.706568856285426,-1.8318753287077687,0.36085969800793205,-1.8145981962348503,0.3152086072702438
19.716572190730243,-1.8282597823212414,0.36217933929418955,-1.953933271137889,0.46763315815100126
19.726575525175058,-1.8246309526274513,0.36349647540197144,-1.639073371351081,0.35590836518695695
19.736578859619872,-1.820988835076111,0.36481182707339016,-1.624801491509135,0.06930957227765377
19.746582194064686,-1.8173334232123728,0.36612610581668475,-1.82565142943356,0.3601118690010193
19.7565855285095,-1.813664708676827,0.36744001390622183,-1.922713864537929,0.7250191696035029
19.766588862954315,-1.8099826812055018,0.3687542443824952,-1.819911576108816,0.30759462864183024
19.776592197399133,-1.8062873286298624,0.3700694810521265,-1.8023930116148366,0.0696474202732521
19.786595531843947,-1.8025786368768166,0.3713863984878633,-1.916558825678554,0.518872393904674
19.79659886628876,-1.7988565899687055,0.3727056620285819,-1.8931983932086216,0.2483743876085412
19.806602200733575,-1.7951211700233105,0.37402792777928545,-1.5986923245461504,0.5750660879220598
19.81660553517839,-1.791372357253851,0.37535384261110444,-1.7138237864296797,0.30708624250530436
19.826608869623207,-1.7876101299689826,0.3766840441612972,-1.8235307897364312,0.25606154992505337
19.83661220406802,-1.783834464572804,0.3780191608332479,-1.9330504324271007,0.22135668758698304
19.846615538512836,-1.7800453355648473,0.37935981179646944,-1.8727534965826285,0.2241516631937577
19.85661887295765,-1.7762427155400846,0.38070660698660175,-2.010798483321557,0.4136170074496876
19.866622207402465,-1.7724265751889263,0.3820601471054119,-1.7372372380549108,0.6371790608696595
19.876625541847282,-1.7685968832972188,0.3834210236207949,-1.8688476385504242,0.42783611206428546
19.886628876292097,-1.7647536067462515,0.38478981876677154,-1.7178467198550311,0.34671418459794157
19.89663221073691,-1.7608967105127478,0.3861671055434914,-1.6492466722002963,0.5024514835710985
19.906635545181725,-1.7570261576688702,0.387553447717231,-1.7079144933892392,0.3492074919600617
19.91663887962654,-1.7531419093822196,0.38894939982039406,-1.8067714256654,0.18378631500083517
19.926642214071357,-1.749243924915834,0.39035550715151235,-1.8701315917084878,0.29705437856625916
19.93664554851617,-1.7453318799708717,0.391771521604559,-1.9139276443352868,0.45776011660770866
19.946648882960986,-1.7414054034265587,0.3931970120492406,-1.5619112230785073,0.2569876471998681
19.9566522174058,-1.7374644292700134,0.3946323792569587,-1.6949482139083178,0.23951570832750219
19.966655551850614,-1.7335088863956647,0.39607802342457105,-1.779247212036539,0.2925285865479047
19.97665888629543,-1.7295386983538759,0.39753434348641387,-1.6392543510629096,0.29571611741008713
19.986662220740246,-1.7255537833509442,0.3990017371143021,-1.5738047212949473,0.3621436210649722
19.99666555518506,-1.7215540542491063,0.4004806007175275,-1.818994610688331,0.21248481136575306
20.006668889629875,-1.7175394185665294,0.4019713294428616,-1.6795587420222269,0.5362540897767887
20.01667222407469,-1.7135097784773168,0.4034743171745538,-1.6725115899967857,0.7392990671367173
20.026675558519504,-1.709465030811507,0.4049899565343317,-1.4949969129409442,0.3588607918267793
20.03667889296432,-1.7054050670550718,0.4065186388814017,-1.7531091821261322,0.47697314680420466
20.046682227409136,-1.7013297733499229,0.4080607543124472,-1.8270326504137757,0.5830040002923202
20.05668556185395,-1.6972390304939016,0.4096166916616311,-1.642998952217364,0.44808552829041104
20.066688896298764,-1.6931327139407866,0.4111868385005943,-1.590089663775164,0.6696113210059531
20.07669223074358,-1.689010693800291,0.4127715811384559,-1.6633673909721651,0.39581552550774823
20.086695565188393,-1.6848728348380626,0.41437130462181343,-1.4585648913396758,0.5595038670204837
20.09669889963321,-1.6807189964756835,0.4159863927347431,-1.7288659725332418,0.41676436003359607
20.106702234078025,-1.6765490327906745,0.41761722799879786,-1.6472418953998547,0.4718891696895453
20.11670556852284,-1.6723627925164872,0.41926419167301054,-1.8758527701573544,0.18789150050277653
20.126708902967653,-1.6681601190425095,0.4209276637538919,-1.8012686223428775,0.27621689730219057
20.136712237412468,-1.6639408504140643,0.42260802297543076,-1.7605144525099397,0.5178146192889314
20.146715571857285,-1.6597048193324078,0.424305646809095,-1.6850441927811186,0.45376483756062325
20.1567189063021,-1.6554518531547362,0.4260209114638289,-1.8390973646610753,0.35677458102568715
20.166722240746914,-1.6511817738941756,0.4277541918860569,-1.5630931246324495,0.5169970606125771
20.17672557519173,-1.6468943982197886,0.4295058617596812,-1.7555804724479747,0.45375521971661426
20.186728909636543,-1.6425895374565729,0.4312762935060821,-1.312762359434223,0.42863660411773635
20.19673224408136,-1.6382669975854596,0.43306585828411903,-1.7422450395068263,0.407001499879795
20.206735578526175,-1.6339265792433193,0.43487492599012767,-1.6201000131142944,0.41219966888654525
20.21673891297099,-1.629568077722953,0.4367038652579241,-1.6342712828244284,0.22018684571739816
20.226742247415803,-1.6251912829730983,0.4385530434588018,-1.769585854235991,0.41615275789807715
20.236745581860617,-1.6207959795984275,0.4404228267015327,-1.645586175101793,0.3554944354725326
20.246748916305435,-1.6163819468595462,0.44231357983236774,-1.6429339847710116,0.45146580814449855
20.25675225075025,-1.611948958673,0.4442256664350341,-1.4785369401943211,0.42934390615112644
20.266755585195064,-1.6074967836112648,0.44615944883073916,-1.5476313028165267,0.364919403615651
20.276758919639878,-1.6030251849027526,0.4481152880781681,-1.5172108263629802,0.5044748327200216
20.286762254084692,-1.5985339204318108,0.4500935439734843,-1.4686613699548379,0.5571126133401575
20.296765588529507,-1.594022742738721,0.45209457505032946,-1.505712399306549,0.43733196375166244
20.306768922974324,-1.5894913990196993,0.4541187385798243,-1.552750514963029,0.6136450778475533
20.31677225741914,-1.5849396311269004,0.4561663905705657,-1.6827508165373195,0.36190522376603584
20.326775591863953,-1.5803671755684099,0.45823788576863095,-1.5531524658758555,0.520529839308449
20.336778926308767,-1.5757737635082498,0.46033357765757493,-1.6993897383978505,0.4491191931455787
20.34678226075358,-1.5711591207663766,0.46245381845843087,-1.5852589369006944,0.13016180111791026
20.3567855951984,-1.5665229678186812,0.464598959129711,-1.5994620662074952,0.44100128420244106
20.366788929643214,-1.561865019796993,0.4667693493674036,-1.5859089612204458,0.6791564905539939
20.376792264088028,-1.557184986489072,0.46896533760497755,-1.7395547312654034,0.34527195192428567
20.386795598532842,-1.5524821730382303,0.47118830324311534,-1.9443115427861304,0.3990508033169942
20.396798932977656,-1.5477557052538993,0.47344032624295573,-1.6071022383727993,0.3969437497928173
20.40680226742247,-1.5430054686501276,0.4757217023186819,-1.3768538677275635,0.6048143306692264
20.41680560186729,-1.5382313467670037,0.47803272845366823,-1.526552838126908,0.4224407704226889
20.426808936312103,-1.5334332078845903,0.4803737356028612,-1.3795047576685606,0.4774100566274834
20.436812270756917,-1.5286109050229133,0.48274508869278426,-1.651351410860682,0.22530778707010152
20.44681560520173,-1.5237642759419698,0.4851471866215347,-1.5899614500263222,0.5983437291974261
20.456818939646546,-1.5188931431417259,0.4875804622587844,-1.1774123397102625,0.4968220141872058
20.466822274091363,-1.513997313862115,0.4900453824457805,-1.6288006411301605,0.3123006012031484
20.476825608536178,-1.5090765800830443,0.49254244799534225,-1.4262833456372046,0.227850040137702
20.486828942980992,-1.5041307185243853,0.49507219369186595,-1.421578953313652,0.6177289346313027
20.496832277425806,-1.49915949064598,0.4976351882913217,-1.4337175726610503,0.4646859375005381
20.50683561187062,-1.4941626426476393,0.5002320345212541,-1.409421544615617,0.525872790190499
20.51683894631544,-1.4891399054691417,0.5028633690807832,-1.6058584817482304,0.7804252174370371
20.526842280760253,-1.4840909947902394,0.505529862640601,-1.5368429017318168,0.6218927077080874
20.536845615205067,-1.4790156110306492,0.5082322198429765,-1.8418077534350064,0.6997028522601159
20.54684894964988,-1.4739134393500577,0.5109711793017528,-1.2535988776518705,0.5154462473707486
20.556852284094695,-1.4687841496481209,0.5137475136023472,-1.3849684944374572,0.5975247908434815
20.566855618539513,-1.4636273965644624,0.5165620293017527,-1.560044932010571,0.5986303751176537
20.576858952984328,-1.4584428194786798,0.5194155669285336,-1.579737389959563,0.4281020283817347
20.586862287429142,-1.4532300425103342,0.5223090009828324,-1.2841885710284893,0.6685076545878628
20.596865621873956,-1.4479886745189576,0.5252432399363646,-1.5539449998363266,0.4152067884112085
20.60686895631877,-1.4427183091040514,0.5282192262324202,-1.5395577994727023,0.6381151612022439
20.616872290763585,-1.4374185246050852,0.5312379362858642,-1.5874162417266449,0.5847448321412572
20.626875625208402,-1.4320888841014967,0.534300380483137,-1.3200618625063525,0.521063562939172
20.636878959653217,-1.4267289354126975,0.5374076031822502,-1.2752193808829584,0.49176107775878136
20.64688229409803,-1.4213382110980628,0.5405606827127934,-1.45341655124715,0.393973748043015
20.656885628542845,-1.4159162284569384,0.5437607313759298,-1.2633396263139076,0.4287826643290993
20.66688896298766,-1.4104624895286402,0.5470088954443967,-1.3579967168713813,0.5363114853755064
20.676892297432477,-1.4049764810924494,0.5503063551625076,-1.5628939405591988,0.4589408835890095
20.68689563187729,-1.3994576746676235,0.5536543247461467,-1.1920268388115134,0.5839029561413188
20.696898966322106,-1.3939055265133826,0.5570540523827766,-1.545278077718409,0.6028532954850804
20.70690230076692,-1.3883194776289178,0.560506820231433,-1.4102365823680996,1.0786137805680602
20.716905635211734,-1.3826989537533894,0.5640139444227262,-1.3399303775520486,0.5069202173627716
20.72690896965655,-1.3770433653659262,0.5675767750588413,-1.1640391776978605,0.2914213499649145
20.736912304101367,-1.3713521076856243,0.5711966962135391,-1.3572040842284596,0.8703609704157
20.74691563854618,-1.365624560671555,0.5748751259321508,-1.383054453325518,0.31487996923493905
20.756918972990995,-1.3598600890227523,0.5786135162315867,-1.419247783684342,0.7967912223754423
20.76692230743581,-1.3540580421782216,0.5824133531003298,-1.2976476027301058,0.4565849366734521
20.776925641880624,-1.3482177543169367,0.5862761564984378,-1.4510041753937903,0.5023211158259657
20.78692897632544,-1.3423385443578388,0.5902034803575443,-1.2881588617497395,0.7909329002983423
20.796932310770256,-1.3364197159598443,0.5941969125808537,-1.1785562640399687,0.662598739897223
20.80693564521507,-1.330460557521832,0.5982580750431485,-1.5302072715304544,0.3990681979441324
20.816938979659884,-1.3244603421826524,0.6023886235907848,-1.244472539000588,0.4005679589008507
20.8269423141047,-1.3184183278211243,0.6065902480416933,-1.352253380981415,0.6522128149696198
20.836945648549516,-1.312333757056034,0.6108646721853803,-1.4829728563604374,0.4572253220315508
20.84694898299433,-1.3062058572461428,0.6152136537829226,-1.3203240169313155,0.6907611969115307
20.856952317439145,-1.3000338404901746,0.6196389845669759,-1.1408060249281111,0.7106969997825586
20.86695565188396,-1.2938169036268248,0.6241424902417692,-1.2827684143779956,0.5122132772082117
20.876958986328773,-1.2875542282347576,0.6287260304831054,-1.4481902776114355,0.5520944672337332
20.88696232077359,-1.2812449806326036,0.6333914989383644,-1.2197546428855186,0.6838850549324659
20.896965655218406,-1.27488831187897,0.6381408232264953,-1.5898736097377384,0.5202892689863698
20.90696898966322,-1.268483357772425,0.6429759649380267,-1.0878072250315016,0.6548582221086476
20.916972324108034,-1.2620292388515095,0.6478989196350603,-1.4745805758169575,1.001272096874783
20.92697565855285,-1.2555250603947323,0.6529117168512721,-1.2598663202419471,0.7105618107482833
20.936978992997663,-1.2489699124205718,0.6580164200919129,-1.1890411990138017,0.602877100167885
20.94698232744248,-1.2423628696874727,0.6632151268338098,-1.3514989219606819,0.9814663745937009
20.956985661887295,-1.2357029916938558,0.6685099685253589,-1.0852221112511933,0.7918005486916604
20.96698899633211,-1.2289893226781041,0.6739031105865365,-1.1425459439203725,0.5234055020322839
20.976992330776923,-1.222220891618572,0.6793967524088915,-1.030591362857531,0.5529268537071291
20.986995665221738,-1.2153967122335825,0.6849931273555474,-1.1729036925109857,0.4390846415358621
20.996998999666555,-1.2085157829814253,0.6906945027612043,-1.5146446105785532,0.7384381831591714
21.00700233411137,-1.2015770870603666,0.6965031799321308,-1.3229419771396027,0.3981280442375399
21.017005668556184,-1.1945795924086342,0.7024214941461762,-1.1134881669665728,1.0204336098037945
21.027009003000998,-1.1875222517044275,0.708451814652762,-0.9790882129174182,0.6698541318629111
21.037012337445812,-1.1804040023659144,0.7145965446728846,-1.1790772063613726,0.8477524831904716
21.047015671890627,-1.1732237665512322,0.720858121399115,-1.0049045635759961,0.6693277635752601
21.057019006335445,-1.1659804511584848,0.7272390159956008,-1.1608537937997987,0.7723312370102813
21.06702234078026,-1.1586729478257523,0.7337417335980576,-1.0755914997839275,0.7137802672963676
21.077025675225073,-1.1512990818745534,0.7403753318480957,-1.1693118686348651,0.9473501813112539
21.087029009669887,-1.1438551422699008,0.7471595022822362,-0.9624270369034679,0.8187710882976494
21.0970323441147,-1.1363404208874617,0.7540962729073002,-0.8784740603840224,0.6961294085733376
21.10703567855952,-1.1287542819465375,0.7611869316793685,-0.8853082646521304,0.842564248209701
21.117039013004334,-1.1210959832387308,0.7684331009070862,-0.6304420649065424,0.5895608118897145
21.127042347449148,-1.1133646761279286,0.7758367372516787,-1.2167664639605298,0.8386564114817608
21.137045681893962,-1.1055594055503128,0.7834001317269409,-1.045974297603464,1.0759209793531936
21.147049016338777,-1.0976791100143581,0.79112590969924,-1.1979353125092882,0.9268636875033227
21.157052350783594,-1.0897226216008293,0.7990170308875184,-0.91535317089853,0.9047142057206156
21.16705568522841,-1.081688665962792,0.8070767893632823,-1.22583811725144,1.018240610151412
21.177059019673223,-1.0735758623255953,0.8153088135506188,-0.8891771226282833,0.9052464915191754
21.187062354118037,-1.065382723486885,0.8237170662261841,-1.0347305704055418,0.8576332677328398
21.19706568856285,-1.0571076558165982,0.832305844519207,-1.0689180246525047,0.9284236146571032
21.20706902300767,-1.0487489592569623,0.8410797799114917,-1.0440787313152158,0.7138010336085956
21.217072357452484,-1.0403048273225062,0.8500438382374054,-1.197593574046645,0.7372384001895615
21.227075691897298,-1.031773347100042,0.8592033196838965,-0.9984535107176243,0.8551599442186154
21.237079026342112,-1.023152499248678,0.8685638587904831,-0.9908509302553656,0.9436858288223998
21.247082360786926,-1.0144401579998148,0.8781314244492555,-1.1085382968873467,1.0979804497010577
21.25708569523174,-1.005634091157145,0.8879123199048761,-1.0457907152142663,0.8228982721876498
21.26708902967656,-0.9967319600966519,0.8979131827545831,-0.924374024496784,0.6224366523983222
21.277092364121373,-0.9877313197666194,0.9081409849481767,-1.1063114872250572,1.0553019047519516
21.287095698566187,-0.9786296186876157,0.9186030327880398,-1.2392429080469323,1.0862391623280132
21.297099033011,-0.9694241989525039,0.9293069669291238,-0.7427537139986337,0.8738886662555616
21.307102367455816,-0.9601122962264402,0.9402607623789531,-0.9163403811124937,1.108123825106607
21.317105701900633,-0.9506910397468699,0.9514727284976277,-1.0207094179533978,1.0816390565765548
21.327109036345448,-0.9411574523235408,0.9629515089978081,-1.0418297715931415,0.8913111649978313
21.337112370790262,-0.9315084503384832,0.9747060819447393,-1.0514089199872292,1.0261031618239598
21.347115705235076,-0.9217408437460237,0.9867457597562344,-0.7480454858611914,0.9591288199386597
21.35711903967989,-0.9118513360727811,0.9990801892026788,-1.1025387100596415,0.8366741658596565
21.367122374124705,-0.9018365244176669,1.0117193514070304,-0.8426466112120858,1.2883368134161708
21.377125708569523,-0.8916928994518818,1.0246735618448235,-0.8326341495547221,0.9666390792471355
21.387129043014337,-0.8814168454189292,1.0379534703441515,-0.7664892503913866,1.0020286750061396
21.39713237745915,-0.8710046401345952,1.0515700610856937,-0.9277474227392262,0.9078011952314042
21.407135711903965,-0.8604524549869614,1.0655346526026968,-0.6491851283500081,0.6846534649783472
21.41713904634878,-0.8497563549364022,1.0798588977809798,-0.7300774748945118,1.0102971571113493
21.427142380793597,-0.8389122985155808,1.0945547838589398,-0.9004634082333227,1.3484020572766116
21.43714571523841,-0.8279161378294645,1.1096346324275301,-0.9350358016594722,1.0076242593232687
21.447149049683226,-0.8167636185553016,1.125111099430292,-0.8363227543932311,1.1871882073021278
21.45715238412804,-0.8054503799426367,1.1409971751633337,-0.8717287472865671,0.9049183355829509
21.467155718572855,-0.7939719548133071,1.157306184275336,-0.9238266819455718,1.349506262745014
21.477159053017672,-0.7823237695614389,1.1740517857675579,-0.7711072511911122,1.241714878323131
21.487162387462487,-0.7705011441534623,1.1912479729938126,-0.8097143252294179,1.092323318567822
21.4971657219073,-0.7584992921280886,1.2089090736605037,-0.5068638746467771,1.1806802951028417
21.507169056352115,-0.7463133205963254,1.2270497498266013,-0.8128188025253944,1.3914711047799022
21.51717239079693,-0.7339382302414728,1.245684997903647,-0.8422922840715805,1.1564758963375477
21.527175725241747,-0.7213689153191192,1.2648301486557625,-0.7198319127165844,1.2648706642689895
21.53717905968656,-0.7086001636571587,1.284500867199621,-0.6696584614716765,1.5982512306089443
21.547182394131376,-0.695626656655765,1.3047131530044878,-0.6451894197029094,0.9480050585918678
21.55718572857619,-0.6824429692874086,1.325483339892195,-0.6334981277726744,1.3311653390656348
21.567189063021004,-0.6690435700968524,1.3468280960371453,-0.6625260664441338,1.383720192446571
21.57719239746582,-0.6554228212011526,1.368764423966315,-0.6597245643523725,1.3608726100080066
21.587195731910636,-0.641574978289652,1.3913096605592608,-0.5496183468240341,1.3099975409800857
21.59719906635545,-0.6274941906240014,1.4144814770480867,-0.7696471409698777,1.8680486949414452
21.607202400800265,-0.6131745010381295,1.4382978790174936,-0.7205531176053146,1.453319315886505
21.61720573524508,-0.5986098459382623,1.4627772064047466,-0.8229588835695674,1.4802474686624598
21.627209069689894,-0.5837940553029182,1.487938133499683,-0.7237778879063184,1.4215671920721815
21.63721240413471,-0.5687208526829031,1.513799668944722,-0.4119611528172345,1.584601104201433
21.647215738579526,-0.5533838552013316,1.5403811557348268,-0.4681224265151087,1.2747004299760474
21.65721907302434,-0.5377765735535943,1.5677022712175612,-0.26224229807924243,1.38892007457628
21.667222407469154,-0.5218924120073805,1.5957830270930515,-0.29260828986330073,1.7490146069902743
21.67722574191397,-0.5057246684026716,1.6246437694139968,-0.4191247571349696,1.4963960522777395
21.687229076358783,-0.4892665341517415,1.6543051785856675,-0.46652805742881304,1.5836669669889385
21.6972324108036,-0.47251109423915116,1.6847882693659193,-0.4681551585133574,1.6473074305030853
21.707235745248415,-0.4554513272217713,1.7161143908651453,-0.7612429032076324,1.8843820135128335
21.71723907969323,-0.4380801052287483,1.7483052265463441,-0.45024617871115247,1.6755851666210086
21.727242414138043,-0.4203901939615263,1.7813827942250768,-0.5044392788859915,1.835151730680092
21.737245748582858,-0.40237425269384197,1.8153694460694758,-0.5364377034380128,1.4770931122983693
21.747249083027675,-0.38402483427171885,1.8502878686002584,-0.32295536379047746,1.9281533182937816
21.75725241747249,-0.365333965889512,1.886158031073143,-0.39527873959115695,1.7139725997946416
21.767255751917304,-0.34628612141929355,1.922959715977082,-0.33294579028590077,1.7032798607300437
21.77725908636212,-0.3268674997027066,1.9607133206471694,-0.4809520892058555,1.8481086301715453
21.787262420806933,-0.30706651057750967,1.9994515566376196,-0.18047564994377627,1.9450599140720821
21.79726575525175,-0.28687181840567394,2.039200831737218,-0.354051780172143,2.332404709048905
21.807269089696565,-0.2662723420734125,2.079981249969264,-0.2134029674951054,2.130830426540488
21.81727242414138,-0.24525725499113682,2.1218066115916554,-0.30071236677245305,2.0323508614461385
21.827275758586193,-0.22381598509348555,2.164684413096834,-0.5517769510960582,2.3099954928853674
21.837279093031007,-0.2019382148393176,2.2086158472117967,-0.13469175897586072,2.181740948229785
21.847282427475825,-0.1796138812117036,2.253595802898115,-0.20019788648714196,2.364017442237273
21.85728576192064,-0.15683317571795843,2.299612865351867,-0.3900396866799364,2.211130665618796
21.867289096365454,-0.13358654438959303,2.3466493160037363,-0.3040319738234726,2.612375708376748
21.877292430810268,-0.10986468778234648,2.3946811325189477,0.021483641995648617,2.064277236348643
21.887295765255082,-0.0856585609761778,2.4436779887972815,-0.31272280497217414,2.4238261377936587
21.897299099699897,-0.06095937357526604,2.4936032549730767,-0.13182540538612975,2.2949459237615435
21.907302434144714,-0.035758589708001276,2.544413997415244,0.2559557459395721,2.591294984512631
21.91730576858953,-0.010047928027020814,2.5960609787272,0.06117452040244291,2.492258736342368
21.927309103034343,0.01618063829084526,2.6484886577469693,0.12452176036754563,2.5914237435996674
21.937312437479157,0.04293488154453745,2.701635189547117,0.00043340548841254434,2.793285483520906
21.94731577192397,0.07022231950877633,2.7554324254347633,-0.17412731525026862,2.9949866044124107
21.95731910636879,0.0980502154340725,2.8098059129516058,0.12540859764265386,3.0019475442686696
21.967322440813604,0.12642557804668692,2.86467489587384,-0.034887385446135843,2.726200127269611
21.977325775258418,0.15535516154868967,2.919952314212276,-0.018929871691282157,2.9574969651120018
21.987329109703232,0.1848383989843928,2.975564198560811,0.19473589427212973,2.9059024256761337
21.997332444148046,0.21487302045949683,3.031379555798419,0.06276264152670491,2.841390115338793
22.00733577859286,0.24546375101022377,3.087201100027038,0.2381911659396254,3.017363083088748
22.01733911303768,0.27661241459178953,3.1428220112679153,0.1737713657380502,3.374885434187657
22.027342447482493,0.30831790247351387,3.198026073927229,0.2959690507446038,3.3885325140162674
22.037345781927307,0.34057617323888656,3.252587676796205,0.26058834583648205,3.2893041193660033
22.04734911637212,0.3733802527855238,3.3062718130510387,0.3650588503470735,3.0516284666233204
22.057352450816936,0.4067202343251787,3.3588340802529157,0.6209709802647656,3.3385610391980536
22.067355785261753,0.4405832783837533,3.410020680348028,0.5525460113286973,3.297216371978794
22.077359119706568,0.4749536128012513,3.459568419667502,0.4502269555642866,3.329540565678999
22.087362454151382,0.5098125327318488,3.5072047089275085,0.6952123051463578,3.5539161110451096
22.097365788596196,0.5451384006438472,3.5526475632291894,0.6001964296459804,3.756375185294936
22.10736912304101,0.5809066463196855,3.5956056020586753,0.7543578408545389,3.710406982479118
22.11737245748583,0.617089766855952,3.6357780492870995,0.4038306648003326,3.531426181359597
22.127375791930643,0.6536573266633336,3.672854733170543,0.5030741062616307,3.781984787214413
22.137379126375457,0.6905759574666936,3.7065160863501183,0.7161737487292014,3.497939221305529
22.14738246082027,0.7278093583050185,3.736433145851913,0.6994977263533343,3.5123162954940965
22.157385795265085,0.7653182955314325,3.7622675530870042,0.7573448223209686,3.5139616774889264
22.167389129709903,0.8030606028132103,3.7836715538514634,0.8823847268209023,3.8403659477565744
22.177392464154718,0.8409911811317231,3.800287998326332,1.1271834551337554,3.927468991750933
22.187395798599532,0.8790619987825201,3.8117503410776603,0.8156248604091447,3.934460855068833
22.197399133044346,0.9172220913752732,3.817682641056482,0.7075725092334965,3.673311750504319
22.20740246748916,0.9554243449511637,3.817664060611411,1.00539572476243,3.493926611199222
22.217405801933975,0.9936317353761417,3.811290509214041,0.9880576176360593,3.6582510153962775
22.227409136378792,1.031767345173105,3.798506110746065,1.0469634034460946,3.6368456570389753
22.237412470823607,1.0697530114666998,3.7793113133590017,1.133390232084978,3.7822104269091104
22.24741580526842,1.1075137490590694,3.7537340410564948,1.3175686365912689,3.754744221171738
22.257419139713235,1.1449777504298027,3.7218296936943256,1.0296813296855827,3.684796815320233
22.26742247415805,1.1820763857359458,3.683681146980412,0.980440926183436,3.7446017351862277
22.277425808602867,1.2187442028120157,3.63939875247479,1.3072217397593064,4.009778157978713
22.28742914304768,1.2549189271699484,3.589120337589681,1.1616435285792877,3.5489511515384033
22.297432477492496,1.2905414619991764,3.5330112055893954,1.204177683333444,3.564828260759079
22.30743581193731,1.3255558881665772,3.4712641355903937,1.3828094683385193,3.463257908926117
22.317439146382124,1.3599094642164868,3.4040993825612724,1.5228583517474417,3.3115524569980557
22.32744248082694,1.3935526263706979,3.3317646773227643,1.5414787335543048,3.4125393553689265
22.337445815271757,1.4264389885284732,3.2545352265477088,1.4246345005436312,3.207294730434137
22.34744914971657,1.458525342266498,3.1727137127611655,1.8225255060762036,3.0501624151498534
22.357452484161385,1.4897716568389514,3.0866302943402464,1.5344616333842136,2.9740974338039265
22.3674558186062,1.5201410791774572,2.996642605514228,1.7879841914706531,3.1296665548341087
22.377459153051014,1.5495999338910984,2.9031357563645215,1.4478474520649267,2.980025005379206
22.38746248749583,1.5781177232664247,2.806522332824639,1.616772081457908,2.7290286185284285
22.397465821940646,1.6056671272674146,2.707242396680332,1.7193917598516406,2.7656382053459936
22.40746915638546,1.6322240035355335,2.605763485569386,1.6645788106184263,2.599475528883037
22.417472490830274,1.6577673873896952,2.502580612981755,1.7224255612796429,2.536988762205624
22.42747582527509,1.6822766409294665,2.3982526142198215,1.691140640883219,2.302100226821687
22.437479159719906,1.705715995049522,2.293665639815141,1.9597809311638958,2.136102648312859
22.44748249416472,1.7280909734318406,2.1893396362972712,1.7922364062638023,2.1413035249520562
22.457485828609535,1.749417927334454,2.085658767805853,2.013350017751849,1.950136387222277
22.46748916305435,1.769714171617168,1.982980710245728,1.6594246823531182,1.8375080007564542
22.477492497499163,1.7889979847415733,1.8816366512868998,1.8375177423841649,1.6756790523516036
22.48749583194398,1.8072886087710502,1.7819312903645008,1.7355093345573853,1.4590764169363581
22.497499166388796,1.8246062493707436,1.6841428386789323,1.8606694524899572,1.609110609865493
22.50750250083361,1.8409720758076016,1.5885230191956512,1.6177635642178236,1.75136442964176
22.517505835278424,1.8564082209503496,1.4952970666453151,1.6602581861926087,1.6148386201495475
22.52750916972324,1.870937781269497,1.4046637275237424,1.7657816576713263,1.6448994342080563
22.537512504168053,1.8845848168373365,1.316795260091916,1.9970173976762584,1.1655880794608118
22.54751583861287,1.8973743513279493,1.231837434375952,1.7598119684964033,1.3226662151595985
22.557519173057685,1.9093323720171869,1.1499095321672188,1.8699756524106619,1.124508156114014
22.5675225075025,1.9204858297826983,1.0711043470221577,2.111321659048513,0.9588010160166642
22.577525841947313,1.9308626391039114,0.9954881842624033,1.9445567049302297,1.1386823533102493
22.587529176392128,1.9404916780620383,0.9231008609747531,2.0618593013198785,0.8991589608466523
22.597532510836945,1.9494027883400777,0.8539557060111438,1.9060669062121791,0.5931333866330041
22.60753584528176,1.9576267752228025,0.7880395599887486,1.7991900263230232,0.8357934439749587
22.617539179726574,1.9651964967169422,0.7253076720197581,1.9445141683756069,0.736546733804692
22.627542514171388,1.972156978044993,0.6656258104466982,2.128045019490102,0.4875273440873571
22.637545848616202,1.9785398456957288,0.6088867189421108,1.9431128003608313,0.6371933634537934
22.647549183061017,1.9843714895443636,0.5550010326972299,1.8787474989081863,0.7697225997863424
22.657552517505835,1.9896778144673348,0.503878324106337,2.125965834709307,0.5473983231696503
22.66755585195065,1.9944842403422955,0.45542710276683285,2.2636190072415836,0.23059281082531152
22.677559186395463,1.9988157020481259,0.4095548154791276,1.9976567598822736,0.46450536081923677
22.687562520840277,2.0026966494649248,0.36616784624671567,1.8655133924458365,0.4112750275193749
22.69756585528509,2.006151047474013,0.3251715162761562,1.8401636734058315,0.42875511401729416
22.70756918972991,2.009202375957934,0.28647008397706003,2.1678775911772696,0.32732009414630925
22.717572524174724,2.0118736298004483,0.24996674496214383,1.7339539575407064,0.10494771678723866
22.727575858619538,2.0141873188865413,0.21556363204714757,2.0988938193685156,0.21874342857400245
22.737579193064352,2.016165468102419,0.1831618152508906,1.612065075448546,0.3695863728311266
22.747582527509167,2.0178296173355084,0.15266130179525694,2.038328093273583,0.0298001021952502
22.757585861953984,2.019200821474458,0.12396103610518594,2.1684441611094574,0.02233003416915111
22.7675891963988,2.020299650409137,0.09695889980871253,1.9170318327685045,0.15071179746081795
22.777592530843613,2.0211424919023258,0.07155043769187648,2.28829826078867,0.31508851438780944
22.787595865288427,2.0217406754828793,0.047643964301988154,2.075697400318495,0.11700181312953611
22.79759919973324,2.0221074615864327,0.025159193810319794,2.1408323013991564,-0.16338835749508257
22.80760253417806,2.0222556801271416,0.004018436092893568,2.118877930699939,-0.10609258412863565
22.817605868622874,2.0221977211144773,-0.01585341771979376,2.0699694311339645,-0.049973561860894355
22.827609203067688,2.0219455346532262,-0.03452889524281599,2.097126783720358,-0.01681337549184698
22.837612537512502,2.0215106309434887,-0.052077942836786906,1.5605560903202937,-0.025244186081009815
22.847615871957316,2.020904080280681,-0.06856792560786792,2.1172270231255705,-0.001678673357099869
22.85761920640213,2.0201365130555344,-0.08406362740776827,2.0047486211242473,0.16226062638179264
22.86762254084695,2.019218119754094,-0.09862725083374987,2.065924089122343,-0.03297625580478393
22.877625875291763,2.0181586509577225,-0.11231841722860716,2.1748324350653077,-0.057929467274117345
22.887629209736577,2.016967417343095,-0.12519416668069785,1.8822647543309645,-0.4909447787476412
22.89763254418139,2.0156532341041515,-0.13730890073368215,1.9440850988014393,-0.023167071851514676
22.907635878626206,2.0142229936541285,-0.14871122386195978,1.9612585439414576,-0.02853446801970036
22.917639213071023,2.01268266933806,-0.1594430063041101,2.034991895726101,0.03376690423521761
22.927642547515838,2.0110382195864642,-0.16954416939672012,1.966755713518365,-0.09940194541156692
22.937645881960652,2.0092953776280598,-0.17905304751063747,2.0851781373083638,0.04618723338404149
22.947649216405466,2.0074596514897665,-0.1880063880509546,1.7514640555396248,-0.25676762923392826
22.95765255085028,2.0055363239967066,-0.19643935145701302,2.1328137398049822,0.035445120509784184
22.967655885295095,2.0035304527722033,-0.20438551120240323,2.0395411796685154,-0.24829113586562626
22.977659219739913,2.001446870237781,-0.21187685379496707,2.1150146255389477,-0.08157145251021464
22.987662554184727,1.9992901836131671,-0.2189437787767876,1.945340931813071,-0.16939768195015567
22.99766588862954,1.9970647749162886,-0.22561509872420488,2.174143864278084,0.05795375026696287
23.007669223074355,1.994774800963275,-0.23191803924780502,2.1061655448485688,-0.22529720474796605
23.01767255751917,1.9924241933684568,-0.23787823899242316,1.9843129169627705,-0.15426875541337973
23.027675891963987,1.9900167421777997,-0.243520799676728,1.972665815805882,-0.21507472482336976
23.0376792264088,1.9875554171431555,-0.24886665231431035,1.8288739774635243,-0.05430807284063649
23.047682560853616,1.9850425637029852,-0.25393253500534463,1.8140148546306833,-0.3187492990732965
23.05768589529843,1.9824804626266925,-0.2587346302219522,1.9971194517544646,0.039913401761343614
23.067689229743245,1.9798713321290344,-0.2632885808392162,1.9164688844011852,-0.36319095293327563
23.077692564188062,1.9772173278701195,-0.2676094901351831,1.8945947902700504,-0.01877491499348624
23.087695898632877,1.9745205429554125,-0.2717119217908567,1.5526684939295092,-0.4221226236131447
23.09769923307769,1.9717830079357281,-0.27560989989020707,2.381476314309661,-0.18697758886646154
23.107702567522505,1.9690066908072357,-0.27931690892016464,1.8031089484063527,-0.28560460624638034
23.11770590196732,1.9661934970114565,-0.2828458937706215,1.9763116819216358,-0.15592710688478065
23.127709236412137,1.9633452694352644,-0.286209259734433,2.239270569858649,-0.2279265075425507
23.13771257085695,1.9604637884108898,-0.2894188725074124,1.8794955429589457,-0.17135620619268174
23.147715905301766,1.957550771715912,-0.2924860581883385,1.8528128671864827,-0.4474866825866929
23.15771923974658,1.9546078745732653,-0.29542160327895073,1.6906215437797987,-0.5301908624540108
23.167722574191394,1.9516366896512363,-0.29823575468395036,1.8171699162325954,-0.47490421983908104
23.17772590863621,1.948638747063465,-0.30093821971100027,1.9956242261696726,-0.4808484935846056
23.187729243081026,1.9456154047571836,-0.3035378952609359,1.4740654594534721,-0.4601246614493557
23.19773257752584,1.9425673715524687,-0.3060410269043763,1.8717884243942557,-0.39685845008517107
23.207735911970655,1.9394952852844414,-0.30845271655124357,2.167423987180819,-0.4004841004446161
23.21773924641547,1.9363997869891256,-0.3107779493163445,2.0685383064690055,-0.31362533926847375
23.227742580860284,1.933281505866868,-0.31302158731975765,1.9269357970159782,-0.4383286306469632
23.2377459153051,1.9301410592823365,-0.3151883696868345,1.9213236615452214,-0.42995278872144704
23.247749249749916,1.926979052764526,-0.31728291254819596,1.9524826999027116,-0.3527203574417492
23.25775258419473,1.92379608000675,-0.3193097090397374,1.78210189002801,-0.1705255580846481
23.267755918639544,1.9205927228666457,-0.3212731293026251,1.9846187948698595,-0.3884825394239623
23.27775925308436,1.9173695513661742,-0.3231774204832975,1.9391935084214706,-0.33575079870859204
23.287762587529173,1.914127123691618,-0.32502670673346495,1.7839884831021269,-0.3144522723802904
23.29776592197399,1.910865986193582,-0.3268249892101103,1.8177142229724759,-0.4685650645531252
23.307769256418805,1.9075866733869968,-0.32857614607548635,1.6641715738470182,-0.38236724910628095
23.31777259086362,1.904289707951113,-0.33028393249711996,1.9893353068886714,-0.4344828355039489
23.327775925308433,1.900975600729504,-0.33195198064780923,2.2790819045531996,-0.1990991325998994
23.337779259753248,1.8976448507300672,-0.3335837997056241,2.0932943706291387,-0.21429734789456029
23.347782594198065,1.8942979451250206,-0.33518277585390704,2.1722276913658067,-0.45323307337478835
23.35778592864288,1.8909353592509088,-0.33675217228127086,1.5068247514021156,-0.4036710135342033
23.367789263087694,1.8875575566085958,-0.33829512918160193,1.9712903429407265,-0.31556758341940516
23.37779259753251,1.884164988863269,-0.339814663754058,1.9254858805084365,-0.14167816335357716
23.387795931977323,1.8807580635468977,-0.34131354799132946,1.9380666997162725,-0.22147660885267623
23.39779926642214,1.877336768477231,-0.3427928338357062,1.7364023571993172,-0.5071018872181117
23.407802600866955,1.8739011179832303,-0.3442535223958217,2.1160182064369035,-0.32911829212376154
23.41780593531177,1.8704511895799465,-0.3456968304957812,1.7769668120630262,-0.43890600452784895
23.427809269756583,1.8669870588806,-0.3471239575084496,1.7696185906348614,-0.4534678106653259
23.437812604201397,1.8635087995965796,-0.34853608535545216,1.6710366292060306,-0.5735991456885284
23.447815938646215,1.8600164835374406,-0.3499343785071749,1.8307658268892777,-0.43887325905523483
23.45781927309103,1.8565101806109106,-0.3513199839827626,2.0225840734274048,-0.3073584859927251
23.467822607535844,1.8529899588228813,-0.35269403135012184,1.8927876108345787,-0.46416209248328943
23.477825941980658,1.8494558842774138,-0.35405763272591906,1.8313016219104175,-0.299907467181203
23.487829276425472,1.8459080211767378,-0.3554118827755809,1.953337382133639,-0.36949565675333573
23.497832610870287,1.8423464318212504,-0.3567578587132944,2.0042149987198816,-0.355559462377103
23.507835945315104,1.8387711766095158,-0.35809662030200723,1.9576982443871678,-0.43157445159037977
23.51783927975992,1.8351823140382706,-0.359429209853426,1.5632940590529745,-0.31917536165064764
23.527842614204733,1.8315799007024154,-0.36075665222801906,1.9403785101744093,-0.27445455245688366
23.537845948649547,1.82796399129502,-0.36207995483501454,1.891291990510636,-0.41436799972826266
23.54784928309436,1.8243346386073231,-0.3634001076324009,1.7033227008904843,-0.2806408672758338
23.55785261753918,1.820691893528729,-0.3647180831269273,1.8846590059584702,-0.4488529467535012
23.567855951983994,1.8170358050468154,-0.3660348363741017,1.9834494334256239,-0.4984646635562418
23.577859286428808,1.8133664202473232,-0.36735130497819407,1.7258379134286672,-0.12188752312694434
23.587862620873622,1.809683784314163,-0.3686684090922339,1.93997107497425,-0.4223698049758873
23.597865955318436,1.8059879405294144,-0.369987051418011,1.8490950469759468,-0.34676821473943525
23.60786928976325,1.8022789302733235,-0.37130811720607576,1.3904368505267168,-0.5072792096270831
23.61787262420807,1.798556793024305,-0.37263247425573887,1.7909298004579126,-0.4261241957396348
23.627875958652883,1.7948215663589442,-0.37396097291507036,1.8318869510835072,-0.2045386259728824
23.637879293097697,1.7910732859519916,-0.3752944460809015,1.7428429182539025,-0.5339426654993312
23.64788262754251,1.7873119855763664,-0.3766337091988239,1.8360397343530233,-0.4256272092339944
23.657885961987326,1.7835376185073857,-0.37797929228166444,1.7601280933841004,-0.4217453501546262
23.667889296432143,1.779749797417408,-0.3793305304090097,2.116025467419056,-0.7154361695587015
23.677892630876958,1.7759484169313569,-0.38068768878289566,1.71769833146146,-0.38124104263015446
23.687895965321772,1.7721334161821272,-0.38205119238130064,1.6549620423397104,-0.2470773175620582
23.697899299766586,1.7683047303650163,-0.3834214630016603,1.8902933821729622,-0.3905846557749414
23.7079026342114,1.7644622907377259,-0.3847989192608679,1.7238612274361718,-0.4015924443956149
23.71790596865622,1.7606060246203579,-0.3861839765952748,1.7448880265731863,-0.3979399308141392
23.727909303101033,1.7567358553954215,-0.3875770472606886,1.7285359901679016,-0.3497096500718297
23.737912637545847,1.752851702507825,-0.3889785403323759,1.8658335122320047,-0.5735175624721625
23.74791597199066,1.7489534814648806,-0.3903888617050605,1.5913538965799083,-0.652666566127589
23.757919306435475,1.745041103836303,-0.3918084140929238,1.875000713889943,-0.3542599201143543
23.767922640880293,1.7411144772542089,-0.3932375970296055,1.8169046046441244,-0.6076623327841257
23.777925975325108,1.7371735054131217,-0.39467680686820117,2.0049157238451425,-0.4860044430900048
23.787929309769922,1.7332180880699632,-0.3961264367812658,1.7584489591366517,-0.26796873767951
23.797932644214736,1.72924812104406,-0.3975868767608113,1.5812011576746492,-0.4795355305377113
23.80793597865955,1.725263496217141,-0.3990585136183073,1.752139262407272,0.029562447701398598
23.817939313104365,1.7212641015333379,-0.4005417309846811,1.7664328129611415,-0.15958755839007338
23.827942647549182,1.717249820999184,-0.4020369093103181,1.8981007927779774,-0.3468354038361403
23.837945981993997,1.7132205346836198,-0.40354442586505984,1.564841168939018,-0.2445813842423246
23.84794931643881,1.7091761187179841,-0.405064654738207,1.484459567470777,-0.16493338618664324
23.857952650883625,1.7051164452960201,-0.4065979668385174,1.7351172415287583,-0.8041314989332438
23.86795598532844,1.7010413826738737,-0.4081447298942065,1.6499654684190979,-0.3100525567557655
23.877959319773257,1.696950795170092,-0.409705308452948,1.661397214214127,-0.30245443680391204
23.88796265421807,1.6928445431656298,-0.41128006388187144,1.5653409180087854,-0.6071774198000126
23.897965988662886,1.6887224831038397,-0.4128693543675658,1.6780056726466988,-0.40813450427407855
23.9079693231077,1.6845844674904789,-0.4144735349160771,1.6323268148311307,-0.2303798629197482
23.917972657552514,1.6804303448937075,-0.41609295735290897,1.5528992386228488,-0.36911811625305657
23.92797599199733,1.6762599599440884,-0.41772797032302267,1.6864554556186322,-0.6512353631434351
23.937979326442147,1.6720731533345854,-0.4193789192908378,1.4742186257843086,-0.4175922668535431
23.94798266088696,1.6678697618205702,-0.4210461465402297,1.9650497616236149,-0.3341556747554081
23.957985995331775,1.6636496182198124,-0.42272999117453314,1.4048043944481174,-0.8893032009424338
23.96798932977659,1.659412551412486,-0.42443078911654,1.769370590363143,-0.43886281155576984
23.977992664221404,1.6551583863411679,-0.4261488731084997,1.8263482817677232,-0.5582565612152159
23.98799599866622,1.6508869440108365,-0.42788457271212005,1.7034188186896153,-0.30095855325794063
23.997999333111036,1.6465980414888768,-0.4296382143085645,1.5794784957579044,-0.49355104984322434
24.00800266755585,1.6422914919050728,-0.43141012109845617,1.6460809165698314,-0.35000866911440687
24.018006002000664,1.6379671044516129,-0.433200613101875,1.6358170037748263,-0.28710116243795203
24.02800933644548,1.6336246843830877,-0.4350100071583587,1.5643344059930333,-0.6342692879778251
24.038012670890296,1.6292640330164894,-0.4368386169269032,1.9258103382334664,-0.5275336774082702
24.04801600533511,1.6248841598531236,-0.4386883744100322,1.5396178472954616,-0.44855887257085986
24.058019339779925,1.620483433711676,-0.4405625660975355,1.6305606001597732,-0.49856511247077795
24.06802267422474,1.6160618554323665,-0.4424611568683188,1.613446770890015,-0.44842549158254486
24.078026008669553,1.6116194562033817,-0.4443840532848163,1.6378423552565027,-0.7980071721329136
24.08802934311437,1.6071562528386587,-0.4463311951626601,1.8892876988898362,-0.46842444219284374
24.098032677559186,1.6026722477778907,-0.4483025555706775,1.6897656406949386,-0.6550177568007811
24.108036012004,1.5981674290865184,-0.45029814083089487,1.527517389899131,-0.5511455207789571
24.118039346448814,1.5936417704557353,-0.45231799051853505,1.814100335132017,-0.5401900315439174
24.12804268089363,1.5890952312024869,-0.4543621774620182,1.7028072292435006,-0.5519252453629975
24.138046015338443,1.5845277562694704,-0.45643080774296135,1.5166349153213787,-0.49326333252306426
24.14804934978326,1.5799392762251332,-0.45852402069617965,1.7725160452495283,-0.7420019195506975
24.158052684228075,1.5753297072636787,-0.46064198890968305,1.3779801739725137,-0.7527377637631556
24.16805601867289,1.5706989512050582,-0.462784918224681,1.4075736332408406,-0.584524925903497
24.178059353117703,1.5660468954949756,-0.4649530477355791,1.3238747073814172,-0.5750752097277795
24.188062687562518,1.5613734132048867,-0.46714664978998044,1.2591662410648743,-0.6198449583551326
24.198066022007335,1.556678363031997,-0.4693660299886858,1.736741423018527,-0.4088278194465204
24.20806935645215,1.5519615892992695,-0.4716115271856909,1.5800817401251488,-0.622028310627558
24.218072690896964,1.5472229219554134,-0.47388351348819074,1.316810178098705,-0.6447569248183328
24.228076025341778,1.5424621765748914,-0.47618239425657694,1.535980702540489,-0.3459558772975767
24.238079359786592,1.5376791543579178,-0.47850860810443807,1.6730342669282159,-0.3839167537319381
24.248082694231407,1.532873642130459,-0.4808626268985601,1.4222401125202673,-0.4771801520379619
24.258086028676225,1.528045412344231,-0.4832449557589267,1.4798440328386442,-0.5134234202831393
24.26808936312104,1.5231942230767068,-0.4856561330587163,1.8287634076206787,-0.7499561686092582
24.278092697565853,1.5183198180311062,-0.488096730424307,1.483118295642767,-0.3063343943448835
24.288096032010667,1.513421926536402,-0.4905673527352732,1.2935382022813713,-0.5871294665252107
24.29809936645548,1.508500263547319,-0.4930686381243865,1.4291444889121732,-0.5265620964324842
24.3081027009003,1.5035545296443322,-0.4956012579776165,1.2641609557033997,-0.4063083489269106
24.318106035345114,1.4985844110336735,-0.49816591693412715,1.598527503410645,-0.421909618181435
24.328109369789928,1.4935895795473204,-0.5007633528862825,1.3630335284036583,-0.4877867342681882
24.338112704234742,1.4885696926430052,-0.5033943369796425,1.353653656707642,-0.5532838360953695
24.348116038679557,1.483524393404211,-0.5060596736129646,1.8065445824798427,-0.4917053669735262
24.358119373124374,1.4784533105401712,-0.508760200438204,1.3003243241420952,-0.48170989933861696
24.36812270756919,1.4733560583858765,-0.5114967883605107,1.27058666947638,-0.6913483472377625
24.378126042014003,1.4682322369020633,-0.514270341538234,1.3120637665097448,-0.5809167593675866
24.388129376458817,1.4630814316752223,-0.5170817973829201,1.6036267810136025,-0.43032206768039427
24.39813271090363,1.4579032139175951,-0.519932126559312,1.5363525131546945,-0.6847708113978933
24.40813604534845,1.452697140467174,-0.5228223329853507,1.3714999871518267,-0.4820221669528725
24.418139379793264,1.447462753787708,-0.5257534538321716,1.353214755979446,-0.5675084198773364
24.428142714238078,1.4421995819686926,-0.5287265595241103,1.508403385848185,-0.5810424617043056
24.438146048682892,1.4369071387253767,-0.5317427537386983,1.4708160770906804,-0.29283348533576303
24.448149383127706,1.4315849233987608,-0.5348031734066643,1.4058061035507112,-0.35790250194878337
24.45815271757252,1.4262324209555974,-0.5379089887119344,1.5101379310517011,-0.7579952877349494
24.46815605201734,1.4208491019883889,-0.5410614030916326,1.2555285475988602,-0.666100785552117
24.478159386462153,1.4154344227153945,-0.5442616532360771,1.287209185175477,-0.5578051151520993
24.488162720906967,1.4099878249806204,-0.5475110090887862,1.5021844321928937,-0.3592372465830779
24.49816605535178,1.4045087362538256,-0.5508107738464746,1.450734999562588,-0.617662707254456
24.508169389796596,1.398996569630521,-0.5541622839590538,1.08666038308604,-0.5435738476464531
24.518172724241413,1.3934507238319678,-0.5575669091296338,1.3973162528862164,-0.5301275960987901
24.528176058686228,1.387870583205184,-0.5610260523145183,1.703806627860684,-0.3749365703855575
24.538179393131042,1.382255517722934,-0.5645411497232115,1.500014655460432,-0.7088527192339514
24.548182727575856,1.3766048829837358,-0.5681136708184137,1.2996556706042244,-0.582340361857689
24.55818606202067,1.370918020211859,-0.5717451183160223,1.254606951610306,-0.49667543956825455
24.568189396465485,1.365194256257325,-0.5754370281851318,1.4187305836396806,-0.7386831971433356
24.578192730910303,1.3594329035959045,-0.5791909696480353,1.538955409960323,-0.5638444195767063
24.588196065355117,1.353633260329127,-0.5830085451802189,1.0942725883177893,-0.5907099739319643
24.59819939979993,1.3477946101842664,-0.5868913905103701,1.3899755785727022,-0.440972536295009
24.608202734244745,1.3419162225143515,-0.5908411746203719,1.291294762045359,-0.4666504345032908
24.61820606868956,1.335997352298162,-0.5948595997453044,1.3640686503136945,-0.7921177911009414
24.628209403134377,1.3300372401402278,-0.5989484013734471,1.1177622241178509,-0.43056442085104474
24.63821273757919,1.3240351122708365,-0.603109348246271,1.503432739028102,-0.5546729636855626
24.648216072024006,1.3179901805460208,-0.6073442423584497,1.542346188723025,-0.4488527650022087
24.65821940646882,1.311901642447568,-0.6116549189578521,1.4144459518695263,-0.7483516422679029
24.668222740913635,1.3057686810830167,-0.616043246545544,1.5654829937378683,-0.5355980317143031
24.678226075358452,1.299590465185655,-0.6205111268757902,1.2417146489939117,-0.720751627671585
24.688229409803267,1.293366149114529,-0.6250604949560481,1.3318837163416075,-0.8757193576818163
24.69823274424808,1.2870948728544311,-0.6296933190469766,1.3920458641573605,-0.7727289412510806
24.708236078692895,1.2807757620159061,-0.6344116006624303,1.336366978339549,-0.7126546512661542
24.71823941313771,1.2744079278352518,-0.6392173745694609,1.2347451209265463,-0.7527538554842207
24.728242747582527,1.2679904671745144,-0.6441127087883194,1.2438060524973942,-0.3607057768857163
24.73824608202734,1.2615224625214996,-0.649099704592448,1.4692814065787956,-0.5959278613431296
24.748249416472156,1.2550029819897575,-0.654180496508492,1.2512088421550147,-0.5275503179045592
24.75825275091697,1.2484310793185922,-0.6593572523162914,1.4179266384347258,-0.7838300096474208
24.768256085361784,1.2418057938730593,-0.6646321730488841,1.230189963728229,-0.9379259074840962
24.7782594198066,1.235126150643967,-0.6700074929925044,1.4035914671831013,-0.36025385433737606
24.788262754251416,1.2283911602478716,-0.6754854796865863,1.2404035539413345,-0.9942369984220387
24.79826608869623,1.2215998189270896,-0.6810684339237548,1.3129333964136443,-0.8166818088461169
24.808269423141045,1.214751108549681,-0.6867586897498381,1.115248692300012,-0.5927722312811875
24.81827275758586,1.2078439966094603,-0.6925586144638591,1.246027115436369,-0.7657749307646494
24.828276092030674,1.2008774362259937,-0.6984706086180388,1.103436591335744,-0.6795952003349138
24.83827942647549,1.1938503661445974,-0.7044971060177962,1.1324305332677422,-0.8708826760582473
24.848282760920306,1.186761710736345,-0.7106405737217423,1.1368772335145911,-0.6597016802334646
24.85828609536512,1.179610379998056,-0.7169035120416907,1.152894859975111,-0.9289298017789185
24.868289429809934,1.1723952695523034,-0.7232884545426506,1.3207549627586344,-1.1341101700841505
24.87829276425475,1.1651152606474127,-0.7297979680428279,1.0981604873931474,-0.8228277362259153
24.888296098699563,1.1577692201574594,-0.7364346526136262,1.1799960518381716,-0.6521853814432159
24.89829943314438,1.15035600058227,-0.7432011415796482,1.3193707218214252,-0.8500618725824722
24.908302767589195,1.1428744400474293,-0.7501001015186869,1.2308617906474515,-0.7207273433364677
24.91830610203401,1.1353233623042671,-0.7571342322617391,0.8785924560267837,-0.4720531939466227
24.928309436478823,1.1277015767298662,-0.764306266892997,0.9118853076438362,-0.7013816760465397
24.938312770923638,1.1200078783270624,-0.7716189717498492,1.1785018699567245,-0.7302734544004876
24.948316105368455,1.1122410477244393,-0.7790751464228851,1.038054515400198,-0.6549872487518098
24.95831943981327,1.1043998511763418,-0.7866776237558823,0.8703447300848774,-0.7965519420569708
24.968322774258084,1.096483040562857,-0.7944292698458242,1.011901839079988,-0.8960239611558789
24.9783261087029,1.0884893533898272,-0.8023329840428883,1.152801521507859,-0.6407112026349359
24.988329443147713,1.0804175127888462,-0.8103916989504494,1.0289291485133163,-0.6932895354615828
24.99833277759253,1.072266227517257,-0.8186083804250823,1.0797273273339467,-0.9525182118107836
25.008336112037345,1.0640341919581622,-0.8269860275765504,1.0253413779720026,-0.8719089111952926
25.01833944648216,1.0557180544340605,-0.8355410612760065,0.9512190675582436,-0.7712686219776315
25.028342780926973,1.047313639191465,-0.8442956523520652,1.0825105673471789,-1.0828931070924779
25.038346115371787,1.0388195323511769,-0.8532537164564513,0.7910906330652732,-0.7895510484755881
25.048349449816605,1.030234221370764,-0.8624194212651464,0.9079412570515839,-0.8171132480000978
25.05835278426142,1.0215560748976085,-0.8717973181618006,1.1386958116139867,-1.0624402437726346
25.068356118706234,1.012783342768885,-0.8813923422377529,0.8010527545824573,-0.6302275898784586
25.078359453151048,1.0039141560115767,-0.8912098122920181,1.0566497734559457,-0.9540959107930087
25.088362787595862,0.9949465268424685,-0.90125543083129,0.8548554589455291,-0.9778215581673819
25.098366122040677,0.9858783486681502,-0.9115352840699412,0.8072924982511536,-0.7790234579563526
25.108369456485494,0.9767073960850109,-0.9220558419300272,0.8601947230440627,-0.7580256536975871
25.11837279093031,0.9674313248792534,-0.9328239580412709,0.9073369869137518,-1.089326485583868
25.128376125375123,0.9580476720268742,-0.9438468697410858,0.894102433824804,-1.3374718863662982
25.138379459819937,0.9485538556936769,-0.9551321980745603,0.9304385691925758,-0.9806500767440841
25.14838279426475,0.9389471752352678,-0.9666879477944617,1.062658587217463,-1.2496336869919686
25.15838612870957,0.929224811197054,-0.9785225073612408,1.1035047653265861,-0.8554326131115924
25.168389463154384,0.9193838253142562,-0.9906446489430145,1.1071903598690556,-0.9985528553436351
25.178392797599198,0.9094211605118881,-1.0030635284155913,1.0615056856273015,-1.223750133651627
25.188396132044012,0.8993336409047707,-1.0157886853624547,1.0062907756854507,-1.1314630996774464
25.198399466488826,0.8891179717975284,-1.0288300430747663,0.641407696934088,-1.1974511207994205
25.20840280093364,0.878770739684589,-1.042197908551368,0.8796004104789795,-1.1658427897840085
25.21840613537846,0.8682884122501799,-1.0559029724987843,0.9246994420045499,-1.3271386057493868
25.228409469823273,0.8576673383683437,-1.069956309331205,0.5386027068259645,-0.8640981942096686
25.238412804268087,0.846903748102915,-1.0843693771705125,0.9824737675131302,-1.2417639025575837
25.2484161387129,0.8359937527075358,-1.0991540178462642,0.8355438061869549,-0.9462279588160656
25.258419473157716,0.8249333446256515,-1.1143224568956958,0.8878134358692423,-1.092088992468174
25.268422807602533,0.8137183974905068,-1.129887303563728,0.9779915096873963,-1.239494174843911
25.278426142047348,0.8023446661251623,-1.1458615508029435,0.8070214334248567,-1.1485388465468023
25.288429476492162,0.79080778654247,-1.1622585752736205,0.7498934793918136,-1.2207294019867334
25.298432810936976,0.7791032759450893,-1.1790921373437109,0.790033511619363,-1.1739310129458818
25.30843614538179,0.7672265327254834,-1.1963763810888453,0.6099623863453045,-1.0761069946037782
25.31843947982661,0.7551728364659143,-1.21412583429234,0.6087150553009755,-1.2468608509744161
25.328442814271423,0.7429373479384604,-1.232355408445171,0.6986452770304528,-1.1786398665462887
25.338446148716237,0.7305151091049913,-1.2510803987460117,0.41264951807239136,-1.117443926506593
25.34844948316105,0.717901043117184,-1.2703164841012091,0.6163524909753593,-1.087321989884651
25.358452817605865,0.7050899543165189,-1.2900797271247888,0.6333652156390958,-1.2974062649848903
25.368456152050683,0.6920765282342753,-1.310386574138462,0.9791444342445389,-1.3519873054575122
25.378459486495498,0.6788553315915504,-1.3312538551715982,0.8646828142925692,-1.3253970923369143
25.388462820940312,0.6654208122992306,-1.3526987839612665,0.727733636843254,-1.3422049955495603
25.398466155385126,0.6517672994580102,-1.3747389579522087,0.7789450434030287,-1.4775686998801665
25.40846948982994,0.6378890033583875,-1.3973923582968446,0.4902817249055097,-1.4931787868533979
25.418472824274755,0.6237800154806643,-1.4206773498552736,0.6387365719292779,-1.453800167687823
25.428476158719572,0.6094343084949403,-1.4446126811952826,0.7159755399656168,-1.2489029262220546
25.438479493164387,0.5948457362611345,-1.4692174845923118,0.44846998567588314,-1.5793098033344017
25.4484828276092,0.5800080338289539,-1.4945112760295056,0.36457212108202586,-1.18995532741564
25.458486162054015,0.5649148174379146,-1.520513955197679,0.6106152423061886,-1.4485436071899422
25.46848949649883,0.5495595845173351,-1.547245805495326,0.34852832676267786,-1.5474213038463571
25.478492830943647,0.5339357136863332,-1.5747274940286293,0.610322911348296,-1.6126411476087932
25.48849616538846,0.5180364647538457,-1.6029800716114218,0.6793923084778049,-1.2562054027649974
25.498499499833276,0.5018551025559758,-1.6320232553722858,0.359795678491883,-1.7853363422687902
25.50850283427809,0.48539072002483363,-1.661788016342316,0.35372731019554715,-1.4208581423398423
25.518506168722904,0.46863569770726393,-1.6922766199333656,0.6249889952617166,-1.712605792602413
25.52850950316772,0.4515776789380439,-1.7235509498913535,0.45706162859817506,-1.8460324938208617
25.538512837612537,0.4342045387408841,-1.7556672302912892,0.5677086124023617,-1.8126525039075723
25.54851617205735,0.416504383828453,-1.7886760255372285,0.3774929029102031,-1.6973575598078399
25.558519506502165,0.3984655526023402,-1.82262224036234,0.370266311889857,-1.857867139387017
25.56852284094698,0.38007661515308067,-1.8575451198288615,0.3816628959824419,-1.7382418077599
25.578526175391794,0.3613263732601491,-1.8934782493281106,0.608300334582724,-1.8056553144911982
25.58852950983661,0.3422038603919525,-1.9304495545804974,0.46270099393559255,-1.9604276638956661
25.598532844281426,0.3226983417058579,-1.9684813016354723,0.2165286622305504,-1.870383366800205
25.60853617872624,0.30279931404815147,-2.0075900968716054,0.3284854377382372,-2.2209843941840677
25.618539513171054,0.28249650595406545,-2.0477868869965326,0.23328606244022573,-2.0602214405187658
25.62854284761587,0.26177987764777166,-2.0890769590469707,0.18521119759349985,-1.8668166198656515
25.638546182060686,0.24063962104237363,-2.13145994038873,0.31261547657770616,-1.9254837027054328
25.6485495165055,0.21906615973993704,-2.174929798716657,0.258579948987761,-2.1627216232528954
25.658552850950315,0.19705014903144458,-2.2194748420547215,0.056560476389907216,-2.2176854120752365
25.66855618539513,0.1745824758968258,-2.2650777187559585,0.17654056474814184,-2.4701448013610934
25.678559519839943,0.1516542590049496,-2.311715417502483,0.07072513853939037,-2.3602078072799375
25.68856285428476,0.12825684871361598,-2.3593592673055075,0.1902787803219742,-2.2901567505076517
25.698566188729576,0.10438182706958954,-2.4079749375052715,0.01718405477480882,-2.3376444971239887
25.70856952317439,0.08002100780854926,-2.457522437771147,0.05270916840627171,-2.8879654414993903
25.718572857619204,0.05516643635512192,-2.507956118101567,-0.017538868437609434,-2.34610782208021
25.72857619206402,0.029810389822873873,-2.5592246688240463,-0.22246047367127808,-2.5423209887617153
25.738579526508833,0.003945377014310303,-2.6112711205951773,0.24173455914210334,-2.7253630635467494
25.74858286095365,-0.022435861579132577,-2.664032844400653,-0.022113499514979696,-2.8596352829848413
25.758586195398465,-0.04934035377705204,-2.7174415515551886,0.19474431747248377,-2.729941445604681
25.76858952984328,-0.07677489571013318,-2.771423293702636,-0.06978086929103046,-2.5682782238767925
25.778592864288093,-0.10474605182011243,-2.825898462815906,-0.005524292623290267,-2.957242772690417
25.788596198732908,-0.13326015485978726,-2.880781791196994,-0.23035184347288462,-2.806542095518499
25.798599533177725,-0.16232330589302546,-2.935982351476988,-0.25594146415246644,-3.253568848295067
25.80860286762254,-0.1919413742947249,-2.991403556616003,-0.19992749409058658,-3.2134354557847247
25.818606202067354,-0.22211999775087432,-3.0469431599032903,0.020322265283684554,-3.0204250142388176
25.828609536512168,-0.2528645822585134,-3.10249325495716,-0.3886408407700497,-3.207288117156528
25.838612870956982,-0.28419036734325714,-3.1581229056169717,-0.5676000055243452,-3.323042188634047
25.848616205401797,-0.3161270026856265,-3.214160934719231,-0.16367852230452162,-2.879393012895372
25.858619539846615,-0.348658824868603,-3.2701447256001717,-0.23969934788875924,-3.283951106393326
25.86862287429143,-0.3817649432463094,-3.3255704526737997,-0.44655884959439685,-3.469044824710254
25.878626208736243,-0.4154227113007778,-3.3799566594529464,-0.10645782639981671,-3.4082689647326028
25.888629543181057,-0.4496077266419036,-3.4328442585491876,-0.132263252132528,-3.2238163321076785
25.89863287762587,-0.48429383100745693,-3.483796531672865,-0.745413295709398,-3.583689391036759
25.90863621207069,-0.5194531102630953,-3.5323991296331023,-0.6198098788891686,-3.544376084248963
25.918639546515504,-0.5550558944023133,-3.578260072337738,-0.5641030323693763,-3.1288242080280164
25.928642880960318,-0.5910707575465177,-3.6210097487934254,-0.7526549387177315,-3.586664258443767
25.938646215405132,-0.6274645179449777,-3.660300917105569,-0.5349883565748073,-3.6605367177759485
25.948649549849947,-0.6642022379748371,-3.6958087044783365,-0.6476751513076334,-3.8525300386243244
25.958652884294764,-0.7012472241411281,-3.727230607214672,-0.6852742949507258,-3.650520757788516
25.96865621873958,-0.7385610270767171,-3.7542864907162503,-0.6894209394360479,-3.6687563551294367
25.978659553184393,-0.776103441542386,-3.7767185894835493,-0.5642122564469512,-3.636173608196398
25.988662887629207,-0.8138325064267772,-3.794291507115797,-0.8031383144021617,-3.970055259898289
25.99866622207402,-0.8517045047464087,-3.806792216310989,-0.9417052959530766,-3.8397368890986012
26.00866955651884,-0.8896739636456862,-3.8140300588658858,-0.8518220889444691,-3.885779973090795
26.018672890963654,-0.9276936543968497,-3.8158367456760076,-1.0680536342745024,-3.9940665490440583
26.028676225408468,-0.9657145924000549,-3.8120663567356488,-1.2133912562583844,-3.847308962301834
26.038679559853282,-1.0036860371833183,-3.8025953411378652,-1.224135853493864,-3.952674193761474
26.048682894298096,-1.041555492402531,-3.787322517074478,-1.1006407733291763,-3.987710113483193
26.05868622874291,-1.0792687058414598,-3.766169071836073,-1.0223058775666554,-3.6551356122952203
26.06868956318773,-1.1167696694117581,-3.739078561811992,-1.199183722378068,-3.8046326579534924
26.078692897632543,-1.1540006191529155,-3.7060169124903704,-1.073386153632054,-3.8131161770755724
26.088696232077357,-1.1909020352323356,-3.6669724184580827,-1.3083121219719298,-3.487497646730139
26.09869956652217,-1.2274126419452833,-3.6219557434007754,-1.0947844811383654,-3.5317232430491874
26.108702900966986,-1.2634694077148985,-3.570999920102863,-1.1246227145057845,-3.8675917289079673
26.118706235411803,-1.2990075450922087,-3.5141603504475007,-1.0959322130732425,-3.4553510329599395
26.128709569856618,-1.3339605107560777,-3.4515148054166733,-1.1823433031552175,-3.393440538549219
26.138712904301432,-1.368260005513282,-3.383163425091071,-1.3609212818112586,-3.424459806945379
26.148716238746246,-1.4018359742984616,-3.3092287186501665,-1.3467643177655308,-3.355990904985849
26.15871957319106,-1.4346166061741297,-3.2298555643722,-1.3044351911643628,-3.4678240610550297
26.168722907635875,-1.4665287271677698,-3.1452234449294894,-1.5477651064369116,-2.8384999576579926
26.178726242080693,-1.4975303782504543,-3.0562825544198153,-1.5914424477863132,-3.092085112879337
26.188729576525507,-1.5276025526020844,-2.963868531893717,-1.6599896926045958,-2.9134916809608433
26.19873291097032,-1.5567218684457178,-2.868434395354268,-1.667161601967047,-2.8962760355753256
26.208736245415135,-1.5848680600899676,-2.770426698015813,-1.457538079684707,-2.8752412108380354
26.21873957985995,-1.6120239779290162,-2.670285528303933,-1.493732310039233,-2.5469511309698794
26.228742914304767,-1.638175588442622,-2.568444509855409,-1.4799321742347278,-2.547363360617703
26.23874624874958,-1.663311974196084,-2.4653308015183684,-1.177123112649566,-2.3071507470370562
26.248749583194396,-1.6874253338402976,-2.3613650973520683,-1.6386936901792737,-2.4927537594643288
26.25875291763921,-1.7105109821117161,-2.256961626627039,-1.7250698509928373,-2.043012580092034
26.268756252084025,-1.732567349832361,-2.1525281538250476,-1.4761371574884208,-1.9307787887590133
26.278759586528842,-1.753595983909829,-2.048465978639062,-1.635817137900386,-2.2368150095833976
26.288762920973657,-1.7736015473372622,-1.9451699359733974,-1.7005272746634117,-2.131380292681347
26.29876625541847,-1.7925918191933936,-1.843028395943497,-2.0157124982005072,-1.8071545932569113
26.308769589863285,-1.8105776946425165,-1.7424232638760762,-1.7320977775520539,-1.6069166991039554
26.3187729243081,-1.827573184934492,-1.6437299803090903,-1.753002748876578,-1.563992082447678
26.328776258752917,-1.8435954174047546,-1.547317520991695,-1.991293305153611,-1.563064023694395
26.33877959319773,-1.85866463547429,-1.4535483968843883,-2.084732153319463,-1.7540537662944176
26.348782927642546,-1.8728041986496688,-1.3627786541588012,-1.7617077921732078,-1.475747313227445
26.35878626208736,-1.886040582523024,-1.275357874197837,-1.755165807201566,-1.1091057375158313
26.368789596532174,-1.8984033787720564,-1.191629173595635,-1.9913009774655361,-1.1030825094123402
26.37879293097699,-1.9099278588971293,-1.1118614834210119,-2.0091013681891754,-1.3887433146150354
26.388796265421806,-1.920677473149896,-1.035465735654745,-1.9021810624835271,-1.106096817612109
26.39879959986662,-1.930689289135021,-0.9621954378094691,-1.9967026407230906,-0.6658939701326403
26.408802934311435,-1.9399906738445263,-0.8920106483784369,-2.168869221254427,-0.8345799780727162
26.41880626875625,-1.9486088306959182,-0.8248672719449623,-2.097829916267631,-0.6886280605548637
26.428809603201064,-1.9565707995321904,-0.7607170591823946,-1.9118061141059306,-0.7038154068053026
26.43881293764588,-1.9639034566218263,-0.6995076068540957,-2.1056368992621652,-0.8143457938473443
26.448816272090696,-1.9706335146587892,-0.641182357813527,-1.8315459385569064,-0.37556269955439253
26.45881960653551,-1.976787522762538,-0.5856806010041178,-1.9047413501789099,-0.7202937091198327
26.468822940980324,-1.9823918664780165,-0.5329374714593554,-1.9315510881087061,-0.16881666480871405
26.47882627542514,-1.9874727677756552,-0.48288395030276077,-1.9721093461678185,-0.26360782139372085
26.488829609869953,-1.992056285051373,-0.4354468647478891,-2.1031056899271796,-0.4417597724933471
26.49883294431477,-1.9961683131265777,-0.39054888809831556,-1.9032335322077463,-0.330949641858886
26.508836278759585,-1.9998345832481597,-0.34810853974769584,-2.114792885264834,-0.4695361583172858
26.5188396132044,-2.0030806630885016,-0.3080401851796728,-1.8548380026231028,-0.12930756328215104
26.528842947649213,-2.0059319567454725,-0.2702540359679395,-1.7791104230271846,0.0003355365199906313
26.538846282094028,-2.0084137047424284,-0.23465614977622395,-1.988220789294039,-0.28133603641096294
26.548849616538845,-2.0105509840282134,-0.20114843035827712,-1.8079023432114432,-0.09418803808053912
26.55885295098366,-2.0123687079771577,-0.16962862755791863,-2.1597369967772964,-0.3246739773857553
26.568856285428474,-2.0138916263890803,-0.13999033730896793,-1.940102096185634,-0.16658153653156788
26.57885961987329,-2.015144020935402,-0.11212243500326022,-2.019108514146507,0.04875756970326897
26.588862954318103,-2.0161350252841763,-0.08589355621262441,-1.902279453536421,0.11358743105014034
26.59886628876292,-2.016873025330208,-0.06120367728065683,-2.306603441286213,-0.023193989697476707
26.608869623207735,-2.017371723181404,-0.03797149927359937,-1.913168444821823,-0.26695937777675194
26.61887295765255,-2.017644367160186,-0.01611828017628325,-2.1158787133566817,-0.14219105452562109
26.628876292097363,-2.0177037518034893,0.0044321651078353536,-2.014449026144502,0.2486102604119449
26.638879626542177,-2.0175622178627655,0.023753464756684356,-1.7141738071630304,-0.09838966820430797
26.648882960986995,-2.0172316523039795,0.04191669002958215,-1.9382480647299434,0.1257363678509294
26.65888629543181,-2.0167234883076115,0.058990355267211914,-1.9585796225803993,0.11883730047809701
26.668889629876624,-2.0160487052686564,0.07504041789166074,-1.9704873299009573,0.32817593601262374
26.678892964321438,-2.0152178287966245,0.09013027840639293,-1.8498478516414159,-0.06889280623334715
26.688896298766252,-2.0142409307155393,0.10432078039625695,-1.8948827685834568,0.23817678657297475
26.698899633211067,-2.013127629063941,0.11767021052748544,-1.9658825359911725,0.28738386610289485
26.708902967655884,-2.0118868808024692,0.13023402049253557,-1.9836757756576138,0.16030417865397317
26.7189063021007,-2.0105254169842617,0.14206066890478006,-1.9923393352827052,-0.16067594396517024
26.728909636545513,-2.0090495805363435,0.15319321536846944,-2.0211093396222246,0.052955629200283835
26.738912970990327,-2.0074656071283883,0.16367298576553269,-2.185432803857272,0.37877572847646107
26.74891630543514,-2.005779491397496,0.17353964319600598,-1.9301483636173273,0.1690649810543238
26.75891963987996,-2.0039969869481946,0.18283118797803583,-2.0887174896135585,0.22725662567234686
26.768922974324774,-2.0021236063524435,0.19158395764786618,-1.8534081923548165,0.06753908111582506
26.778926308769588,-2.0001646211496267,0.19983262695985823,-2.000888876991118,0.3300426017875341
26.788929643214402,-1.998125061846559,0.20761020788647677,-2.2885252312091784,0.19897474352566616
26.798932977659216,-1.996009717917482,0.21494804961829403,-2.0604034234996127,0.19487357095503893
26.80893631210403,-1.993823137804067,0.22187583856398918,-2.0690674212598523,0.24251952934508353
26.81893964654885,-1.991569628915412,0.22842159835035106,-1.7030255458520043,0.1798332272610684
26.828942980993663,-1.9892532863354486,0.23461191741066123,-1.9454966349713327,0.5338238801720281
26.838946315438477,-1.9868779619128836,0.24047271911719525,-2.069380298668767,0.5126740214565406
26.84894964988329,-1.9844464150287215,0.2460235004189044,-1.9836479640346554,0.5133079342986433
26.858952984328106,-1.981961146712696,0.2512819242780299,-1.8694309779707483,0.2973481786653932
26.868956318772923,-1.9794245889439006,0.25626506752506584,-1.9892691912268885,0.16265885154318427
26.878959653217738,-1.9768391046507914,0.260989420858752,-1.9654703721561384,0.3955936397117556
26.888962987662552,-1.9742069877111823,0.26547088884608466,-1.976173702360683,0.21797746808680601
26.898966322107366,-1.9715304629522488,0.26972478992230925,-2.0091478430789147,0.4185962819597672
26.90896965655218,-1.9688116861505258,0.2737658563909223,-1.7850374678855474,0.17369327932566675
26.918972990997,-1.9660527440319087,0.27760823442367266,-2.066340922649032,0.3345120723737395
26.928976325441813,-1.963255654271655,0.28126548406055624,-1.7341258445580667,0.45316403030744024
26.938979659886627,-1.9604223654943804,0.28475057920982405,-2.1482001973213674,0.24513918371104473
26.94898299433144,-1.957554757274062,0.28807590764797675,-2.0971452904774885,0.24794902936068802
26.958986328776255,-1.9546546401340361,0.2912532710197661,-1.713993140728733,0.07786317370231355
26.968989663221073,-1.9517237555469997,0.29429388483819596,-2.194553549539028,0.1700107618231556
26.978992997665888,-1.9487637759350123,0.2972083784845179,-1.9056671855486134,0.39032160158063145
26.988996332110702,-1.9457762918180799,0.3000067750162795,-1.88015902658885,0.47635958550093194
26.998999666555516,-1.942762368484244,0.3026972140786575,-2.2072252076193335,0.4809476948324981
27.00900300100033,-1.9397227008449147,0.30528550534703247,-1.9865369988518584,0.4150096518177626
27.019006335445145,-1.936658006217406,0.3077771562999605,-2.1351718202318866,0.308520660851321
27.029009669889962,-1.9335689881681675,0.3101775355658741,-1.8981283725798155,0.4835401911906368
27.039013004334777,-1.93045633651279,0.3124918729230781,-2.168244529903955,0.3171047552033137
27.04901633877959,-1.9273207273159978,0.31472525929975537,-2.090106020987319,0.3905496659309966
27.059019673224405,-1.9241628228916532,0.3168826467739628,-1.8075803424232342,0.5099581831501759
27.06902300766922,-1.9209832718027557,0.3189688485736325,-2.001237689949012,0.45805282142695103
27.079026342114037,-1.9177827088614405,0.3209885390765726,-1.7136474707398826,0.07450149359825259
27.08902967655885,-1.914561755128984,0.32294625381046416,-1.8227100171142163,0.4667229418774801
27.099033011003666,-1.9113210179157951,0.3248463894528655,-1.9501299758739108,0.1432303528240992
27.10903634544848,-1.9080610907814224,0.3266932038312094,-1.7666177273649728,0.1467668796975459
27.119039679893294,-1.9047825535345502,0.32849081592280394,-1.9315352687111855,0.3224722072523046
27.12904301433811,-1.9014859722330009,0.33024320585483224,-1.794155264477401,0.23624847192795234
27.139046348782927,-1.898171899183732,0.3319542149043532,-2.0008594525079104,0.3467915367188198
27.14904968322774,-1.8948408729428423,0.333627545498299,-1.7438823012998799,0.676745045596271
27.159053017672555,-1.8914934183155638,0.3352667612134789,-2.11761559828238,0.38256806388146564
27.16905635211737,-1.8881300463562667,0.3368752867765768,-2.0511103002914104,0.4896969732575882
27.179059686562184,-1.8847512543684586,0.33845640806415156,-2.0255329364648436,0.237259175336803
27.189063021007,-1.881357514034038,0.34001322899025166,-1.9697481428936374,0.32858338818228106
27.199066355451816,-1.877948911501432,0.3415473058707343,-1.829469271972626,0.41410251491201133
27.20906968989663,-1.8745254567956156,0.3430597121788719,-1.875390588723033,0.14357605881278468
27.219073024341444,-1.8710872477712484,0.3445518014475263,-1.76191932522472,0.3366080018980721
27.22907635878626,-1.8676343801387536,0.34602490665128016,-1.6933741616365487,0.23986408972928966
27.239079693231076,-1.8641669474643179,0.34748034020643737,-2.104508156566967,0.3423764398039761
27.24908302767589,-1.8606850411698963,0.348919393971021,-1.6662921379272566,0.37306071446342864
27.259086362120705,-1.8571887505332034,0.3503433392447765,-1.887139220409132,0.21979128659616154
27.26908969656552,-1.8536781626877203,0.3517534267691695,-1.590013192685597,0.1973130375364526
27.279093031010333,-1.8501533626226916,0.35315088672738637,-1.9589625012669276,0.4386560161399898
27.28909636545515,-1.8466144331831253,0.35453692874433484,-2.1250175366661437,0.5457255285515358
27.299099699899966,-1.8430614550697975,0.3559127418866418,-1.749432487937194,0.49079740265830823
27.30910303434478,-1.8394945068392445,0.3572794946626564,-1.7557769550467963,0.3331109670442009
27.319106368789594,-1.8359136649037682,0.3586383350224481,-1.9953859714270816,0.337627018838704
27.32910970323441,-1.8323190035314352,0.3599903903578071,-1.9786044502943303,0.4329136868692646
27.339113037679223,-1.8287105948460753,0.36133676750224436,-1.7076936202638602,0.5828580621819754
27.34911637212404,-1.8250885088272826,0.36267855273099203,-1.7693233627443532,0.5013648562202699
27.359119706568855,-1.8214528133104184,0.36401681176100165,-1.8660245238949398,0.29227524105977243
27.36912304101367,-1.817803573986605,0.3653525897509469,-1.7467527903640847,0.3073816588434106
27.379126375458483,-1.8141408544027295,0.36668691130122183,-1.7737629860785808,0.2075080829009087
27.389129709903298,-1.810464715961444,0.36802078045394104,-1.9427088683328892,0.46333217560668455
27.399133044348115,-1.8067752179211631,0.3693551806929406,-1.6737717066102487,0.22150675534793854
27.40913637879293,-1.80307241739607,0.37069107494377584,-1.7024802708201068,0.29078072398848465
27.419139713237744,-1.7993563693561077,0.37202940557372416,-1.7968805929260612,0.5845710679423212
27.429143047682558,-1.7956271266269852,0.3733710943917834,-1.674504041523543,0.4927518925951123
27.439146382127372,-1.7918847398901756,0.374717042648672,-1.5055661861216305,0.2691351414912023
27.449149716572187,-1.7881292576829164,0.3760681310368293,-1.9360105039317983,0.26774979050254066
27.459153051017005,-1.7843605435356098,0.37742458891085384,-1.8225357015466022,0.02424199676706984
27.46915638546182,-1.7805782613124552,0.37878591596154765,-1.8116924968169767,0.29710030617731087
27.479159719906633,-1.7767823489243473,0.3801525383138852,-1.6592183838146775,0.4330154451653912
27.489163054351447,-1.772972746440151,0.38152489891802926,-1.8630772406055516,0.47001902572246484
27.49916638879626,-1.769149390143397,0.38290343729619114,-1.6606599311698316,0.26762156882747956
27.50916972324108,-1.76531221253228,0.38428858954263134,-1.8392658508396427,0.05048411147793397
27.519173057685894,-1.7614611423196649,0.3856807883236576,-1.9250601384750576,0.27431035426012085
27.529176392130708,-1.757596104433078,0.3870804628776277,-1.7464711779421747,0.24527306097365542
27.539179726575522,-1.753717020014712,0.3884880390149476,-1.8307348180720784,0.20468843677755774
27.549183061020337,-1.7498238064214264,0.38990393911807203,-1.724156721641736,0.45376112830580817
27.559186395465154,-1.7459163772247444,0.3913285821415047,-1.685561574961771,0.3931827519272936
27.56918972990997,-1.7419946422108583,0.3927623836117966,-1.9731555916860675,0.299769334027869
27.579193064354783,-1.7380585073806234,0.3942057556275488,-1.799154508228396,0.333711458689455
27.589196398799597,-1.7341078749495606,0.3956591068594106,-1.7228606922510852,0.6094903127150634
27.59919973324441,-1.7301426433478575,0.39712284255007985,-1.6083282114451676,0.24899517557277567
27.60920306768923,-1.7261627072203654,0.3985973645143038,-1.6244022759258703,0.4946427196641642
27.619206402134044,-1.7221679574266056,0.4000830711388764,-1.8430780783693403,0.5274129595341923
27.629209736578858,-1.718158281040761,0.4015803573826423,-1.7422147764325504,0.19008733388047558
27.639213071023672,-1.714133561351681,0.40308961477649385,-1.6458531526561098,0.4356338883186725
27.649216405468486,-1.7100936778628817,0.4046112314233724,-1.744245322240756,0.3989932686758775
27.6592197399133,-1.7060385062925438,0.40614559199826766,-1.8139013281258132,0.4976651675678341
27.66922307435812,-1.701967918573513,0.40769307774821884,-1.708485513749852,0.432660404340453
27.679226408802933,-1.6978817828533042,0.4092540664923119,-1.6443104941889732,0.23606622432836316
27.689229743247747,-1.6937799634940944,0.4108289326216832,-1.8279224167764023,0.07933726367925181
27.69923307769256,-1.689662321072727,0.41241804709951724,-1.604950982299166,0.2305865435375023
27.709236412137376,-1.6855287123807121,0.4140217774610472,-1.6656432558963643,0.4696700112019801
27.719239746582193,-1.6813789904242225,0.41564048781355534,-1.5910260645903445,0.23503795073814646
27.729243081027008,-1.6772130044241025,0.41727453883637106,-1.686987247145206,0.6678166019545334
27.739246415471822,-1.6730305998158568,0.418924287780874,-1.4158833978182093,0.5670227518849166
27.749249749916636,-1.6688316182496572,0.42059008847049184,-1.6182076474268312,0.2698241301436852
27.75925308436145,-1.6646158975903418,0.42227229130070115,-1.5568226537816838,0.39856910698867504
27.769256418806265,-1.6603832719174139,0.42397124323902685,-1.5763040306264873,0.32904472501120935
27.779259753251083,-1.656133571525041,0.42568728782504334,-1.6820735384510304,0.45030939183650703
27.789263087695897,-1.6518666229220607,0.42742076517037175,-1.6149249091979818,0.501479172339409
27.79926642214071,-1.6475822488319716,0.42917201195868376,-1.7344614965107066,0.22767934414215335
27.809269756585525,-1.6432802681929402,0.430941361445699,-1.399562512207971,0.8043294867992027
27.81927309103034,-1.638960496157798,0.4327291434591859,-1.5718473894774412,0.23413032924966934
27.829276425475157,-1.634622743474499,0.43453568620900296,-1.7506020110009306,0.5109033215666483
27.83927975991997,-1.6302654478259642,0.4363653381989699,-1.4290981060737713,0.25443174301769145
27.849283094364786,-1.6258873506558018,0.4382216381630437,-1.644537273783137,0.4676114478296391
27.8592864288096,-1.6214885329952895,0.44010422610172434,-1.4918017653024083,0.3885640619416674
27.869289763254415,-1.6170690604755562,0.4420127813326921,-1.851641264173845,0.5351924152506274
27.879293097699232,-1.6126289833275804,0.4439470224908082,-1.4439095885518947,0.4315583032290341
27.889296432144047,-1.6081683363821968,0.4459067075281119,-1.5473823226862322,0.3747330231140513
27.89929976658886,-1.6036871390700866,0.4478916337138249,-1.7305530582789708,0.6018554857959078
27.909303101033675,-1.5991853954217838,0.4499016376343482,-1.5410610182496147,0.5234569275446306
27.91930643547849,-1.5946630940676743,0.4519365951932632,-1.3693458218684822,0.2937102450454772
27.929309769923307,-1.5901202082379926,0.45399642161133213,-1.672924148461906,0.4776864239365365
27.93931310436812,-1.5855566957628302,0.45608107142649534,-1.6702036814270165,0.5735515517173628
27.949316438812936,-1.5809724990721246,0.45819053849387553,-1.6090823822077223,0.3093106173692971
27.95931977325775,-1.5763675451956667,0.4603248559857748,-1.5665017939175174,0.48587567160679296
27.969323107702564,-1.5717417457630982,0.4624840963916756,-1.4315394363286487,0.5214552318637893
27.97932644214738,-1.5670949970039123,0.4646683715182404,-1.497923038299937,0.5127121241193241
27.989329776592196,-1.562427179747452,0.466877832489313,-1.5906605579412416,0.3594449652226233
27.99933311103701,-1.5577381594229163,0.4691126697459147,-1.51441240667401,0.4191439548633686
28.009336445481825,-1.5530277860593507,0.47137311304624957,-1.2995543929931983,0.6727004572622324
28.01933977992664,-1.5482958942856535,0.47365943146570105,-1.4533700244329122,0.5304294723596489
28.029343114371454,-1.5435423033305746,0.47597193339683275,-1.5567361609777512,0.2868033736947625
28.03934644881627,-1.5387668170227131,0.47831096654938937,-1.5711926505210079,0.4935209715601779
28.049349783261086,-1.5339692237905247,0.4806769179502933,-1.4995507526238254,0.5511073730026672
28.0593531177059,-1.5291492966623115,0.4830702139436498,-1.3909497669806588,0.3792471031897197
28.069356452150714,-1.5243067932662282,0.4854913201907432,-1.62676813434758,0.703119822152217
28.07935978659553,-1.5194414558302811,0.48794074167003826,-1.403794217451309,0.42932510035004007
28.089363121040343,-1.514553011182328,0.4904190226771799,-1.5306346865251634,0.4750119306759451
28.09936645548516,-1.5096411707500754,0.4929267468249941,-1.504905052407868,0.5638292106607861
28.109369789929975,-1.5047056305610873,0.4954645370434845,-1.1244567186461127,0.5239280212178823
28.11937312437479,-1.499746071242773,0.49803305557983746,-1.4003563486789854,0.24506154965131605
28.129376458819603,-1.4947621580223958,0.5006330039984188,-1.567497156939221,0.6849552544059095
28.139379793264418,-1.489753540727069,0.5032651231807744,-1.4294062320235765,-0.15510206454895104
28.149383127709235,-1.4847198537837567,0.5059301933256315,-1.3836163734363272,0.7936548525199468
28.15938646215405,-1.479660716219279,0.5086290339488945,-1.779046854137248,0.7365371852957213
28.169389796598864,-1.4745757316603016,0.511362503883651,-1.890369076254191,0.652062345641663
28.17939313104368,-1.469464488333344,0.5141315012801678,-1.4707617822351802,0.1616358189934754
28.189396465488493,-1.464326559064777,0.5169369636058919,-1.397405884978809,0.6895629259787007
28.19939979993331,-1.45916150128082,0.5197798676454517,-1.404578450707584,0.6075040132043936
28.209403134378125,-1.4539688570075502,0.5226612295006524,-1.5157202738584095,0.24345276621749912
28.21940646882294,-1.4487481528708899,0.5255821045904828,-1.3449685495203303,0.7880451925074272
28.229409803267753,-1.4434989000966152,0.5285435876511108,-1.2740617719624963,0.23036221321090883
28.239413137712567,-1.4382205945103526,0.5315468127358842,-1.6654547555919925,0.4046516514662831
28.249416472157385,-1.432912716537579,0.5345929532153328,-1.6718590342296005,0.5412214411487387
28.2594198066022,-1.4275747312036273,0.5376832217771627,-1.3685623604265489,0.3231452292908075
28.269423141047014,-1.422206088133677,0.5408188704262636,-1.305636819242348,0.6309844620292657
28.279426475491828,-1.4168062215527601,0.5440011904847046,-1.4990300902793157,0.518122892587107
28.289429809936642,-1.4113745502857602,0.5472315125917349,-1.703844726633715,0.4973921891486737
28.299433144381457,-1.405910477757412,0.5505112067037835,-1.4048027316378633,0.575823345988012
28.309436478826274,-1.4004133919922996,0.5538416820944615,-1.3435818551892735,0.5904779435790474
28.31943981327109,-1.3948826656148647,0.557224387354556,-1.4345342202047153,0.6001536287377035
28.329443147715903,-1.3893176558493936,0.5606608103920385,-1.2390128568528564,0.5463360993955919
28.339446482160717,-1.3837177045200264,0.564152478432059,-1.3360784708952749,0.5362268190324412
28.34944981660553,-1.3780821380507549,0.5677009580169478,-1.4750959755226905,0.6461329080545883
28.35945315105035,-1.3724102674654188,0.5713078550062168,-1.4556941590909496,0.6292298901550454
28.369456485495164,-1.366701388387717,0.5749748145765544,-1.3624630826612103,0.5293846130985329
28.379459819939978,-1.3609547810411922,0.578703521221833,-1.4101762058631913,0.50248537235948
28.389463154384792,-1.3551697102492408,0.5824956987531036,-1.6020398860625928,0.6399299630273574
28.399466488829606,-1.349345425435111,0.5863531102985977,-1.3146134016433628,0.7138036481658718
28.40946982327442,-1.3434811606219015,0.5902775583037271,-1.4231996959679207,0.8745851021252271
28.41947315771924,-1.337576134432561,0.5942708845310849,-1.3945365266100058,0.46300443820188053
28.429476492164053,-1.3316295500898954,0.5983349700604406,-1.480682288066295,0.33824660957599123
28.439479826608867,-1.3256405954165553,0.6024717352887476,-1.0957464115575861,0.8081318439040469
28.44948316105368,-1.3196084428350452,0.6066831399301387,-1.2294966684023314,0.4722698187637717
28.459486495498496,-1.3135322493677208,0.6109711830159265,-1.041842097133853,0.558213308787678
28.469489829943313,-1.3074111566367868,0.6153379028946053,-1.3477650313207845,0.8309267649600167
28.479493164388128,-1.3012442908643056,0.6197853772318456,-1.2024077031921747,0.9499508480450345
28.489496498832942,-1.2950307628721849,0.6243157230105019,-1.2577224238243319,0.5647611030736932
28.499499833277756,-1.2887696680821852,0.6289310965306077,-1.3805404006011546,0.3518816699520137
28.50950316772257,-1.2824600865159188,0.6336336934093771,-1.3242494524368496,0.8053226942334842
28.51950650216739,-1.2761010827948467,0.6384257485812056,-1.1862759568964363,0.6414719495652664
28.529509836612203,-1.2696917061402881,0.6433095362976641,-1.4189318727127376,0.6773404889995747
28.539513171057017,-1.2632309903734071,0.6482873701275085,-1.1113089345941012,0.7128952585980062
28.54951650550183,-1.2567179539152207,0.6533616029566736,-1.2317076784702168,0.5338179549644927
28.559519839946645,-1.250151599786598,0.6585346269882741,-1.120074327669796,0.18874890417664703
28.569523174391463,-1.2435309156082557,0.6638088737426071,-1.186104059278484,1.049357170884297
28.579526508836278,-1.2368548736007705,0.6691868140571439,-1.4631108817005476,0.632981395851939
28.589529843281092,-1.2301224305845624,0.674670958086542,-1.2313090791032713,0.6052835359780554
28.599533177725906,-1.223332527979905,0.6802638553026369,-1.067876391596058,0.751131507455932
28.60953651217072,-1.2164840918069237,0.6859680944944445,-1.193639035924826,0.8055589786698365
28.619539846615535,-1.2095760326855944,0.6917863037681611,-1.2070634263248332,1.168765977091688
28.629543181060352,-1.202607245835743,0.6977211505471648,-1.179905205787232,0.7270134653206204
28.639546515505167,-1.1955766110770536,0.703775341572008,-1.4521468185130448,0.6222577924764945
28.64954984994998,-1.1884829928290532,0.7099516229004299,-1.0163763405590818,0.5096330953464491
28.659553184394795,-1.181325240111124,0.7162527799073469,-1.5049588162564174,0.7211001005854831
28.66955651883961,-1.1741021865424988,0.7226816372848566,-0.968490510421252,0.7290388215892755
28.679559853284427,-1.1668126503422593,0.7292410590422382,-1.217231340736211,0.45046786838109126
28.68956318772924,-1.1594554343293464,0.7359339485059451,-1.0916173159240175,0.8351252148384019
28.699566522174056,-1.1520293259225438,0.7427632483196169,-1.419289200787709,0.9129431156241997
28.70956985661887,-1.14453309714049,0.7497319404440721,-1.0296787682566735,0.9195793318261739
28.719573191063684,-1.1369655046016744,0.7568430461573085,-1.0494367408266732,0.8548954524790062
28.7295765255085,-1.1293252895244377,0.7640996260545048,-1.0512171547191769,0.8943704742796841
28.739579859953317,-1.1216111777269693,0.7715047800480219,-1.394424843095557,0.5463458650047948
28.74958319439813,-1.1138218796273176,0.7790616473673939,-1.2242230646557835,0.759588621616511
28.759586528842945,-1.105956090243375,0.7867734065593421,-1.047735551747148,0.8354756545436697
28.76958986328776,-1.0980124891928873,0.7946432754877657,-0.9304466174744827,0.9669175702748183
28.779593197732574,-1.0899897406934516,0.8026745113337442,-1.2208475069375204,0.8384609278413149
28.78959653217739,-1.0818864935625134,0.8108704105955407,-1.2090612257207891,0.7826333548425056
28.799599866622206,-1.0737013812173788,0.8192343090885884,-1.0254326758601047,0.3079274976178348
28.80960320106702,-1.0654330216751955,0.827769581945511,-0.7037464157292428,0.9127308835551322
28.819606535511834,-1.0570800175529662,0.8364796436161086,-1.1464355088649771,1.1255851069006428
28.82960986995665,-1.0486409560675445,0.8453679478673615,-1.1007556316404736,0.8652458557415701
28.839613204401466,-1.0401144090356327,0.8544379877834338,-1.1131817805952768,1.1022367633999348
28.84961653884628,-1.031498932873793,0.8636932957656602,-1.047246638819675,0.8861159108765866
28.859619873291095,-1.0227930685984299,0.873137443532565,-0.8422257456446129,0.9609083621517265
28.86962320773591,-1.0139953418258025,0.8827740421198493,-1.0221475515959133,1.0493326879734688
28.879626542180723,-1.005104262772021,0.8926067418803948,-0.6243317783578282,0.940218309200308
28.88962987662554,-0.9961183262530438,0.9026392324842669,-0.9786043130721588,0.9282332950271291
28.899633211070356,-0.9870359386934223,0.9128756522072216,-0.7904715135686947,0.8229959919522832
28.90963654551517,-0.977851037323585,0.923345272311375,-1.0195986712803342,0.6927288299423788
28.919639879959984,-0.9685590937496328,0.9340689390451851,-1.1461392731456288,0.8563989386404895
28.9296432144048,-0.9591580301979924,0.9450534417748423,-0.9675485793070558,1.2104159406403603
28.939646548849613,-0.9496456262610923,0.9563059651236653,-0.8692467055223086,0.8194941885951962
28.94964988329443,-0.9400195188973585,0.9678340889721054,-1.0492165917019758,1.1740463914567036
28.959653217739245,-0.9302772024312287,0.9796457884577301,-0.7612856501368499,0.9838682749913605
28.96965655218406,-0.920416028553132,0.9917494339752476,-0.9867949983839568,1.160489359330944
28.979659886628873,-0.9104332063195021,1.0041537911764906,-1.059432275328205,1.062958350885119
28.989663221073688,-0.9003258021527739,1.01686802097042,-0.5594269535187743,1.0476713733081386
28.999666555518505,-0.8900907398413804,1.02990167952313,-1.006432161730621,1.0914569849238607
29.00966988996332,-0.8797248005397666,1.0432647182578294,-0.9502261083920688,0.8341473416948173
29.019673224408134,-0.8692246227683681,1.0569674838548695,-0.7640692187375521,1.224642643937328
29.029676558852948,-0.8585867024136254,1.071020718251725,-0.9052227032245114,1.014435367137284
29.039679893297762,-0.8478073927279806,1.0854355586429993,-0.992042201396255,1.0629452185728643
29.049683227742577,-0.8368829043298768,1.1002235374804246,-0.9212381617683554,0.9485686344749362
29.059686562187395,-0.8258093052037548,1.1153965824728662,-0.5419839806438139,1.1853705049852923
29.06968989663221,-0.8145825207000688,1.1309670165863026,-0.7287232544956659,1.2634769519261666
29.079693231077023,-0.8031983335352619,1.1469475580438562,-0.6875429010212911,1.084981065124349
29.089696565521837,-0.7916523837917832,1.1633513203257726,-0.7507694903460631,1.1229967476866736
29.09969989996665,-0.7799401689180826,1.1801918121694264,-0.7141706252015836,1.231445445063151
29.10970323441147,-0.7680570437286077,1.1974829375693261,-0.825456082858238,0.9980881291310563
29.119706568856284,-0.7559982204038198,1.215238995777091,-0.7340626618589936,1.1845985726059962
29.129709903301098,-0.7437587684901689,1.2334746813014867,-1.0273146056464826,1.3096239466347943
29.139713237745912,-0.7313336149001106,1.2522050839084011,-0.5865322980636943,1.6314585551897438
29.149716572190727,-0.7187175439121022,1.2714456886208507,-0.7773971694102013,1.1906389041384906
29.159719906635544,-0.7059051971705973,1.2912123757189882,-0.8723183517364835,1.3225086616920392
29.16972324108036,-0.692891073686065,1.3115214207400723,-0.6625433466023117,1.1898269705220599
29.179726575525173,-0.6796695298349618,1.3323894944785122,-0.7059090121355378,1.0355896444451087
29.189729909969987,-0.6662347793597501,1.3538336629858385,-0.5272782671847631,1.2382317740350135
29.1997332444148,-0.6525808933688941,1.3758713875707103,-0.657779346080841,1.1618673743760435
29.20973657885962,-0.6387018003368539,1.3985205247989225,-0.7260548402560899,1.3565818517712935
29.219739913304434,-0.6245912861041061,1.4217993264933755,-0.6262849131482306,1.4937592038217522
29.229743247749248,-0.6102429938771139,1.4457264397341212,-0.39438173135418086,1.5556330811495247
29.239746582194062,-0.5956504242283465,1.470320906858332,-0.45132574275640974,1.6872365233498028
29.249749916638876,-0.5808069350962748,1.4956021654603098,-0.49535075286787017,1.4900960861174606
29.25975325108369,-0.565705741785371,1.521590048391484,-0.4143389558471128,1.6825414412857325
29.26975658552851,-0.550339916966103,1.5483047837604227,-0.45305504127119767,1.3301106442050072
29.279759919973323,-0.5347023906749565,1.575766994932793,-0.6609214136391537,1.5345388793282204
29.289763254418137,-0.5187859503144028,1.60399770053142,-0.4018427972040179,1.6007957376708362
29.29976658886295,-0.5025832406529189,1.6330183144362471,-0.33205294563533444,1.8303038087478893
29.309769923307766,-0.48608676382498417,1.662850645784346,-0.3062111935234032,1.8436817304563888
29.319773257752583,-0.4692888793310731,1.6935168989699285,-0.6248379650298809,1.765912223888295
29.329776592197398,-0.45218180403767905,1.7250396736443019,-0.5433111601809915,1.477679723940422
29.339779926642212,-0.4347576121772796,1.7574419647159345,-0.477878281985655,1.9561525095600223
29.349783261087026,-0.41700823534835885,1.7907471623504119,-0.34789693383058934,2.0934185680912956
29.35978659553184,-0.3989297960053122,1.824926278697542,-0.37234527421509545,2.192096691736478
29.369789929976655,-0.38052197813516814,1.859889179043034,-0.3538937943076105,1.8632612234660946
29.379793264421473,-0.36177018398339694,1.8957014601038942,-0.5536786971716214,2.062285871147809
29.389796598866287,-0.3426596227261511,1.9324285270482022,-0.4179783920672229,1.8353713811368932
29.3997999333111,-0.3231760465794915,1.9701270502950463,-0.1309914620151057,2.14386045061444
29.409803267755915,-0.30330575079941413,2.008844965514472,-0.1334980457178123,1.9545162954062245
29.41980660220073,-0.2830355736818434,2.048621473627495,-0.29068195347763115,2.039643313973117
29.429809936645547,-0.2623528965626246,2.089487040806116,-0.14497516946176492,2.3225217410802506
29.43981327109036,-0.24124564381755392,2.131463398473262,-0.18602366053779287,2.4276970612768656
29.449816605535176,-0.21970228286233356,2.1745635433028747,-0.08512312015737436,2.139343634185712
29.45981993997999,-0.19771182415260172,2.218791737219849,-0.07340511323325549,2.474682779026165
29.469823274424805,-0.17526382118392492,2.2641435074000533,0.12447952631727521,2.442177209089915
29.479826608869622,-0.15234837049178995,2.3106056462703406,-0.14849720244309006,2.2781016581619524
29.489829943314437,-0.1289561116516364,2.3581562115084846,-0.042545686117427775,2.6092523857991416
29.49983327775925,-0.10507822727880817,2.406764526043279,-0.04001285894664043,2.4749443068236006
29.509836612204065,-0.08070644302858532,2.4563911780544716,-0.07299676488102147,2.40720751865979
29.51983994664888,-0.05583302759617681,2.50698802097278,-0.08015320359276448,2.5273019187596097
29.529843281093697,-0.030450792716710362,2.55849817347991,0.22726420671926295,2.52254110670029
29.53984661553851,-0.004553093165269695,2.610856019508484,0.003338718221437399,2.4810493704475074
29.549849949983326,0.021866173243160092,2.663987208242147,0.12936083321413339,2.8689890850498894
29.55985328442814,0.0488125656536566,2.717808654115499,0.29248724254716996,2.7483133328198552
29.569856618872954,0.07629110017136909,2.772228536814107,0.1624442426632544,2.7491959884886015
29.57985995331777,0.10430624986151837,2.8271463012745106,0.18350905181569677,2.874241074149393
29.589863287762586,0.13286194474940682,2.8824526576842384,0.14160160283712991,2.9031157115258077
29.5998666222074,0.16196157182037807,2.9380295814817305,0.22974991432942538,2.8939067162548957
29.609869956652215,0.19160797501987759,2.993750313356455,0.15523345620817258,3.249854615407188
29.61987329109703,0.2218034552534126,3.0494793592488314,0.62838547058037,2.8688243169687246
29.629876625541844,0.25254977038656146,3.10507249035025,0.06362908973015266,2.9614995661790275
29.63987995998666,0.28384813524498564,3.1603767431030896,0.2683548729892024,3.2947438197586782
29.649883294431476,0.3156992216143848,3.2152304192006413,0.4043871629216256,3.2410350897177116
29.65988662887629,0.3481031582405628,3.2694630855872253,0.42744349028424766,3.16565016209297
29.669889963321104,0.38105953082938515,3.322895574458112,0.34444111506649233,3.3198813922017427
29.67989329776592,0.4145678434637615,3.375421282721139,0.17693539263298363,3.2012247520127497
29.689896632210733,0.4486187735130088,3.4269729641531184,0.2803838643213599,3.5415891977056844
29.69989996665555,0.4831895977272691,3.4770966053323775,0.5199928400131315,3.568755785343469
29.709903301100365,0.5182548655626543,3.5253340447826744,0.24230661709228468,3.302799041874934
29.71990663554518,0.5537868740711147,3.5712491447719046,0.6532691901095891,3.154448698521997
29.729909969989993,0.5897556679003906,3.614427791312027,0.7734500715403613,3.3409302197836084
29.739913304434808,0.6261290392940235,3.654477894159084,0.7526307730827703,3.5211902004455395
29.749916638879625,0.662872528091371,3.691029386813214,0.8202080853671083,4.172253523900688
29.75991997332444,0.699949421727552,3.7237342265185975,0.3589727772093832,3.8280407986976948
29.769923307769254,0.7373207552335275,3.7522663942635397,0.46609634819446655,3.816281732596165
29.77992664221407,0.7749453112360468,3.776321894780415,0.7439294867032628,3.7957892431496916
29.789929976658883,0.8127796199576615,3.795618756545679,0.6760266785084259,3.912699922970154
29.7999333111037,0.8507779592167378,3.8098970317798764,0.6335242835211807,3.9961426212146876
29.809936645548515,0.8888923544274041,3.8189187964476177,0.8275048084358767,3.608515194837154
29.81993997999333,0.9270725785996308,3.8224681502576145,1.1663131021007356,3.8123667523362417
29.829943314438143,0.9652661523391768,3.820351216662655,1.2514115479054806,4.003554636059656
29.839946648882957,1.0034183438476025,3.81239614285961,0.8836964881296373,3.7996476727190975
29.849949983327775,1.0414721689222843,3.798453099789426,1.0596278598718205,4.027398579787392
29.85995331777259,1.0793683909563594,3.7783942821371506,1.1449960479614267,3.8048381753016196
29.869956652217404,1.1170455209388077,3.752113908331898,1.0870635828740616,3.7445303529537024
29.879959986662218,1.1544398174543973,3.719528220546871,1.350128630306146,3.7200840231664922
29.889963321107032,1.1914852866836982,3.6805754846993533,1.1322356959889721,3.5958994098573003
29.899966655551847,1.2281136824030827,3.635215990450714,1.1450489093276583,3.424901591044299
29.909969989996664,1.264254505984737,3.5834320512063838,1.151698209735765,3.808195092553932
29.91997332444148,1.299835006396611,3.525228004115932,1.2688451173114865,3.630889754399347
29.929976658886293,1.3347844092511554,3.460705277328927,0.9629709315660302,3.5459519736738088
29.939979993331107,1.3690566633449528,3.390433227160041,1.3448537576895858,3.3182172237264647
29.94998332777592,1.402598553063207,3.3148098201911247,1.4297425466763767,3.2404360321193204
29.95998666222074,1.4353582378430985,3.234210723788187,1.1167769998598451,3.372547914963978
29.969989996665554,1.4672882445347437,3.149043650841655,1.5037408787369726,3.1019522826294774
29.979993331110368,1.4983454674012653,3.0597483597662003,1.3534176615903997,2.83926973235013
29.989996665555182,1.5284911681187454,2.9667966545008526,1.562075074178954,3.2088127985346566
30.0,1.5576909757762472,2.8706923845089385,1.5881659472874028,2.6632781435950146
