t,noisy_x,noisy_y,nn_x,nn_y
0.0,2.0457075619631646,-0.1559976159360743,2.0841422,-0.13750039
0.0100033344448149,2.112469593948368,0.1216668552532061,2.0804942,-0.14120112
0.0200066688896298,1.7069600562845593,-0.2330302173810169,2.0768263,-0.1449145
0.0300100033344448,2.018327264752327,-0.1023578553403334,2.0731401,-0.1486393
0.0400133377792597,1.9959997032328745,-0.1990911809312296,2.069436,-0.15237413
0.0500166722240746,2.1296408314398443,0.0302667618359677,2.065715,-0.15611874
0.0600200066688896,2.006698976098851,0.068305081116973,2.061977,-0.15987168
0.0700233411137045,2.0658455688941424,-0.2432235283667085,2.058224,-0.16363154
0.0800266755585195,2.0498256624935047,-0.2709280664986022,2.0544567,-0.16739736
0.0900300100033344,2.1249505035036664,-0.1466128770336978,2.0506754,-0.17116772
0.1000333444481493,1.964006258595598,-0.2525971791861935,2.0468817,-0.17494236
0.1100366788929643,2.1735586658565715,-0.1843178250803744,2.0430756,-0.17871867
0.1200400133377792,1.9242655469054428,-0.2240257520880416,2.0392592,-0.18249594
0.1300433477825942,2.0665997130449982,-0.1258811599203594,2.0354326,-0.18627344
0.1400466822274091,2.0468089087255983,-0.1250277827338907,2.031597,-0.19005023
0.150050016672224,2.3042043630907534,-0.2590621514567502,2.0277529,-0.1938232
0.160053351117039,1.9040967516040703,-0.3281435733274691,2.0239017,-0.1975938
0.1700566855618539,2.071228702640416,-0.044269690043408,2.020044,-0.2013589
0.1800600200066688,1.9595656978570564,-0.3467665940393973,2.016181,-0.20511661
0.1900633544514838,1.8507435138041384,-0.1298997423325598,2.0123131,-0.20886813
0.2000666888962987,2.083597261829101,-0.1524046398727886,2.0084412,-0.21261035
0.2100700233411137,1.8699145865593856,-0.2051064971511669,2.004567,-0.21634255
0.2200733577859286,1.9848170726608805,-0.2128632741261458,2.0006897,-0.2200645
0.2300766922307435,2.0955456324111768,-0.2175645478970468,1.9968119,-0.22377382
0.2400800266755585,2.0641320420996148,-0.2461236203131089,1.9929329,-0.22747003
0.2500833611203734,2.003075726591013,-0.166460306091612,1.989055,-0.23115073
0.2600866955651884,1.7384988279642417,-0.313750254492311,1.9851775,-0.23481666
0.2700900300100033,1.883834637777213,-0.366046107689829,1.981302,-0.23846565
0.2800933644548182,1.9103937778957016,-0.050172111399287,1.9774288,-0.24209629
0.2900966988996332,1.8190234844603728,-0.1331689839868683,1.9735585,-0.2457081
0.3001000333444481,1.6936613088182717,-0.3324533438384459,1.9696913,-0.24929939
0.310103367789263,1.9676609915593333,-0.1979227258596427,1.9658297,-0.2528702
0.320106702234078,2.04705287649663,-0.1703276609188879,1.9619719,-0.25641882
0.3301100366788929,1.885147470979743,-0.3620062598710139,1.9581201,-0.2599448
0.3401133711237079,2.063208242943574,-0.3245341877081569,1.9542733,-0.26344693
0.3501167055685228,1.7401844330214595,-0.4688884341234877,1.9504335,-0.26692402
0.3601200400133377,1.7906159417564385,-0.2272578015377885,1.9466001,-0.27037585
0.3701233744581527,1.9468657785556245,-0.2010818060575354,1.942774,-0.27380097
0.3801267089029676,1.8583547185050304,-0.2835886882379327,1.9389554,-0.2771994
0.3901300433477825,2.0131952518368497,-0.3563850281955963,1.9351443,-0.2805704
0.4001333777925975,1.98476123447639,-0.4117895863241088,1.9313409,-0.2839123
0.4101367122374124,1.8586500882982315,-0.3721889738464475,1.9275457,-0.28722465
0.4201400466822274,1.7305711594337974,-0.2442254970206495,1.9237584,-0.2905079
0.4301433811270423,1.8363521676749857,-0.3176611877690473,1.9199802,-0.29376113
0.4401467155718572,1.9756671309991036,-0.2547456289856297,1.9162099,-0.29698288
0.4501500500166722,2.0001334252574106,-0.3386192316605029,1.9124479,-0.30017364
0.4601533844614871,1.8335800470948385,-0.3378612224914633,1.9086946,-0.30333412
0.470156718906302,1.6407030496760289,-0.5449681304487837,1.9049492,-0.30646074
0.480160053351117,1.692106639985128,-0.4794312819802786,1.9012133,-0.30955637
0.4901633877959319,1.9471666721229903,-0.4675587206757937,1.8974847,-0.3126186
0.5001667222407469,1.8271463261851029,-0.1386990393502278,1.8937643,-0.31564796
0.5101700566855618,1.8270831080867715,-0.224760232432243,1.8900515,-0.31864512
0.5201733911303767,1.737114460541372,-0.3679692261131834,1.8863462,-0.3216089
0.5301767255751917,1.7312712011938556,-0.3897400326897282,1.882648,-0.32453907
0.5401800600200066,1.9964216714615584,-0.5996836149758389,1.8789574,-0.3274356
0.5501833944648216,1.9321238221552104,-0.3065973956875364,1.8752735,-0.33029997
0.5601867289096365,1.7744064771469703,-0.5608115589829921,1.8715954,-0.33313
0.5701900633544514,1.8709010936573744,-0.4249464935948571,1.8679234,-0.33592808
0.5801933977992664,1.891519930018796,-0.3438406159221962,1.8642569,-0.33869207
0.5901967322440813,2.0934064253330504,-0.3845953316816496,1.8605958,-0.34142292
0.6002000666888962,1.6961204492442084,-0.3233534193195317,1.8569394,-0.3441218
0.6102034011337112,1.879134568089995,-0.1479001330772874,1.8532869,-0.3467878
0.6202067355785261,1.967876375254931,-0.2997633164032294,1.8496387,-0.3494221
0.6302100700233411,2.058564492095261,-0.5331077864702025,1.8459941,-0.35202396
0.640213404468156,1.7395505593615002,-0.4952641384424738,1.8423526,-0.35459387
0.6502167389129709,1.773471021116962,-0.5642515455766959,1.8387133,-0.3571335
0.6602200733577859,1.9236294150129472,-0.3925407256674357,1.8350767,-0.35964143
0.6702234078026008,1.604135293920998,-0.5129920392449663,1.8314419,-0.3621186
0.6802267422474157,1.8681680656374329,-0.2363745157048657,1.8278083,-0.36456692
0.6902300766922307,2.1170207566195107,0.0735557950527401,1.8241757,-0.3669852
0.7002334111370456,1.87602815172144,-0.5133773719248474,1.8205442,-0.3693744
0.7102367455818606,1.4904009805909175,-0.3262072464388453,1.8169123,-0.37173474
0.7202400800266755,1.68459360606042,-0.4300802998806908,1.8132825,-0.37406695
0.7302434144714904,1.7110328464113302,-0.390304695174846,1.8096514,-0.37637222
0.7402467489163054,1.9590428286216452,-0.3470358805599858,1.8060201,-0.3786503
0.7502500833611203,1.7716349085553345,-0.5273472026892724,1.8023883,-0.38090217
0.7602534178059352,1.540498022433831,-0.4463512620657399,1.7987562,-0.38312805
0.7702567522507502,1.7798894760037485,-0.1096225503923847,1.7951235,-0.38532865
0.7802600866955651,1.8037405673227536,-0.2288101349284318,1.7914898,-0.3875047
0.7902634211403801,1.705533784305921,-0.5553747224755211,1.7878557,-0.3896569
0.800266755585195,1.631875614759588,-0.4878332169616661,1.7842208,-0.3917855
0.8102700900300099,2.092114746232749,-0.5036778749567291,1.7805852,-0.39389193
0.8202734244748249,1.8948046552476716,-0.5173335772294723,1.7769488,-0.39597666
0.8302767589196398,1.9049399854118343,-0.3255810247522213,1.7733132,-0.39803874
0.8402800933644547,1.7378668191998232,-0.390872253807663,1.7696767,-0.40008152
0.8502834278092697,1.6592884686949343,-0.3192867766144273,1.7660397,-0.40210354
0.8602867622540846,1.6853888022485828,-0.5714842170472921,1.7624043,-0.40410602
0.8702900966988996,1.558060901026226,-0.3632074074347062,1.7587683,-0.40609014
0.8802934311437145,1.9827158756668544,-0.3665560722058115,1.7551335,-0.40805614
0.8902967655885294,1.7241424471670963,-0.3491475648642128,1.7515001,-0.41000473
0.9003001000333444,1.9339097428735557,-0.3605887067560768,1.7478687,-0.41193712
0.9103034344781592,1.6724268731085603,-0.2290357646837075,1.7442393,-0.41385376
0.9203067689229742,1.7944210002455394,-0.1661075194873325,1.7406107,-0.4157542
0.9303101033677892,1.7536192835912745,-0.5816424390902324,1.7369859,-0.41764057
0.940313437812604,1.516921730722251,-0.1518438368870122,1.7333642,-0.4195131
0.9503167722574192,1.9766917687955123,-0.4279320811438293,1.7297455,-0.42137253
0.960320106702234,1.6566448145607031,-0.1833194077844765,1.7261298,-0.42321956
0.9703234411470488,1.544031655096168,-0.5382880832759578,1.7225187,-0.42505467
0.980326775591864,1.8025376006484608,-0.4648243466218399,1.7189113,-0.42687857
0.9903301100366788,1.7012047377206243,-0.4317165685899179,1.7153078,-0.42869246
1.0003334444814935,1.7485278775613973,-0.1976568533033766,1.7117094,-0.4304973
1.010336778926309,1.7073822251253823,-0.3137801867851338,1.7081144,-0.43229306
1.0203401133711236,1.3821554553439004,-0.4192839417489754,1.7045244,-0.43408048
1.0303434478159386,1.5590673662651322,-0.596417042735246,1.7009381,-0.43586123
1.0403467822607535,1.5496834064425196,-0.4653466489447487,1.697357,-0.43763483
1.0503501167055684,1.814629575448425,-0.6158346533537498,1.6937789,-0.43940318
1.0603534511503834,1.6776602842339372,-0.4911637502642355,1.6902041,-0.441167
1.0703567855951983,1.6197192478909104,-0.2698026370943696,1.686632,-0.44292676
1.0803601200400132,1.745375312678997,-0.2213003620936205,1.6830634,-0.44468296
1.0903634544848282,1.6372529077569729,-0.5280114309177026,1.6794955,-0.44643652
1.1003667889296431,1.6226035172293296,-0.3889720733169051,1.6759286,-0.4481889
1.110370123374458,1.6784045775333332,-0.5897483421161933,1.6723621,-0.4499408
1.120373457819273,1.6612107613042613,-0.3946167983200947,1.6687928,-0.45169246
1.130376792264088,2.0209594347978874,-0.1491030371509473,1.6652228,-0.45344555
1.1403801267089029,1.5110350011445726,-0.4755340619801003,1.6616478,-0.45520103
1.1503834611537178,1.4151703382242584,-0.522847966412115,1.6580684,-0.45695865
1.1603867955985327,1.6776743008965076,-0.2551981314860009,1.6544818,-0.45872104
1.1703901300433477,1.5165994766351922,-0.5360516770326088,1.6508865,-0.46048796
1.1803934644881626,1.2994780579389682,-0.4642031805351126,1.6472818,-0.46226037
1.1903967989329776,1.4577981410804115,-0.5211140139799111,1.643663,-0.46403968
1.2004001333777925,1.48119954262889,-0.4577537492179885,1.6400313,-0.46582735
1.2104034678226074,1.3446171958017974,-0.6656090967220709,1.6363823,-0.46762407
1.2204068022674224,1.9231907152003325,-0.6406255605305924,1.6327137,-0.4694301
1.230410136712237,1.4347923518026406,-0.1739571921944448,1.6290239,-0.47124708
1.2404134711570522,2.0305560854214915,-0.627233736750832,1.6253092,-0.473076
1.2504168056018672,1.5350236917390276,-0.4022927149755285,1.6215682,-0.47491848
1.260420140046682,1.845009820825914,-0.6036050332193557,1.6177969,-0.4767753
1.270423474491497,1.5443366472579476,-0.3410497350968752,1.6139932,-0.4786464
1.280426808936312,1.6417452812315672,-0.5161715391375357,1.6101538,-0.48053563
1.290430143381127,1.5518377395378458,-0.6681045173544398,1.6062748,-0.48244178
1.300433477825942,1.531544564788814,-0.5039749748682207,1.6023546,-0.4843663
1.3104368122707568,1.5974340272509864,-0.5494877771224587,1.5983888,-0.4863118
1.3204401467155715,1.628655549560784,-0.3164787753867399,1.5943748,-0.48827899
1.330443481160387,1.5765335298103087,-0.4178462476697114,1.5903093,-0.49026668
1.3404468156052016,1.5564647340074051,-0.4728472373477225,1.586188,-0.49228036
1.3504501500500166,1.4355077668617164,-0.4276631134762465,1.5820075,-0.49431765
1.3604534844948315,1.524376045508813,-0.1634670974792323,1.5777658,-0.4963807
1.3704568189396464,1.770177129380102,-0.4218987754643062,1.5734583,-0.49847305
1.3804601533844614,1.4148972261193506,-0.6489998289930501,1.569083,-0.5005938
1.3904634878292763,1.7031859658563713,-0.4451176445912391,1.5646347,-0.50274503
1.4004668222740912,1.591671284865409,-0.748640075018253,1.5601116,-0.50492775
1.4104701567189062,1.6538770560490683,-0.4212421845306556,1.5555097,-0.5071441
1.4204734911637211,1.3432841579192571,-0.5626186287134952,1.5508261,-0.5093945
1.430476825608536,1.5444694820822469,-0.486536901698706,1.5460577,-0.51168096
1.440480160053351,1.4561247127221362,-0.5124802676413686,1.5412017,-0.5140048
1.450483494498166,1.4571672930388777,-0.4766566224386778,1.5362551,-0.516369
1.4604868289429809,1.7106758840677168,-0.8871583998994136,1.5312153,-0.51877296
1.4704901633877958,1.4493870625824352,-0.4783368877022794,1.5260805,-0.52121985
1.4804934978326107,1.5242501747246022,-0.5632913809769895,1.5208476,-0.5237099
1.4904968322774257,1.211252864327567,-0.4610325060138206,1.5155154,-0.5262455
1.5005001667222406,1.7287469096711008,-0.7430767553410653,1.5100801,-0.5288292
1.5105035011670556,1.5940746123332263,-0.5650810377842326,1.5045424,-0.53146136
1.5205068356118705,1.4501301619481777,-0.6765816698716758,1.4989,-0.53414476
1.5305101700566854,1.4039607337136577,-0.3265257309281452,1.4931518,-0.5368794
1.5405135045015004,1.5362992926602752,-0.2646130759033184,1.4872959,-0.5396694
1.550516838946315,1.620255683865887,-0.4615670860902098,1.4813339,-0.5425159
1.5605201733911302,1.6999475547365075,-0.4645952880046573,1.4752643,-0.545421
1.5705235078359452,1.5572391799924263,-0.5779890325599937,1.4690875,-0.548386
1.58052684228076,1.4376760145785992,-0.641222118845358,1.4628037,-0.5514127
1.590530176725575,1.5707540283384918,-0.7165063701415386,1.4564139,-0.5545045
1.60053351117039,1.5342598763029949,-0.571559012644663,1.4499184,-0.55766284
1.610536845615205,1.587153337673375,-0.4335809227112975,1.4433193,-0.5608901
1.62054018006002,1.6790896664768629,-0.4398955407665391,1.4366192,-0.56418717
1.6305435145048348,1.1646801401253104,-0.5629069400792063,1.4298179,-0.56755793
1.6405468489496495,1.219144935159142,-0.6340111194936929,1.4229192,-0.57100356
1.650550183394465,1.6160559354727513,-0.4640984459016577,1.4159253,-0.57452667
1.6605535178392796,1.278922991872788,-0.7153009515391713,1.4088389,-0.5781301
1.6705568522840946,1.383035380864012,-0.7492989350120782,1.4016632,-0.58181465
1.6805601867289095,1.2717665445012842,-0.5236431003745825,1.3944012,-0.58558476
1.6905635211737244,1.5400172898822797,-0.4828192798418946,1.387056,-0.5894402
1.7005668556185394,1.0172726939429193,-0.5322281936704188,1.3796327,-0.5933858
1.7105701900633543,1.365978875089758,-0.5196114601845357,1.3721327,-0.597422
1.7205735245081692,1.5917744264871596,-0.895056040047502,1.364562,-0.6015514
1.7305768589529842,1.254807332475753,-0.5008745622895961,1.3569231,-0.60577667
1.7405801933977991,1.1003236033110348,-0.3721247265222337,1.3492205,-0.61010087
1.750583527842614,1.3868655126096046,-0.4706038870294609,1.341458,-0.61452496
1.760586862287429,1.2399783524546646,-0.479670651174806,1.33364,-0.6190518
1.770590196732244,1.479856410026612,-0.5710180535547921,1.3257693,-0.6236836
1.7805935311770589,1.3486687373705952,-0.5696851914042157,1.31785,-0.6284224
1.7905968656218738,1.177886137871419,-0.6367268286625309,1.309886,-0.6332692
1.8006002000666887,1.278344501958267,-0.5615248078255775,1.3018807,-0.63822854
1.810603534511504,1.4449863235434497,-0.7823277781826354,1.2938371,-0.64329946
1.8206068689563184,1.2700051948479436,-0.4059212588522828,1.2857589,-0.6484858
1.8306102034011336,1.1709154314038328,-0.756149717690553,1.2776483,-0.6537889
1.8406135378459485,1.3064491469652384,-0.5109091349931477,1.2695084,-0.6592115
1.8506168722907637,1.2714182852801186,-0.4430612963546516,1.2613415,-0.66475356
1.8606202067355784,1.391775396994161,-0.521056340758312,1.253149,-0.6704186
1.870623541180393,1.3398756064572157,-0.3031925908807554,1.2449346,-0.67620647
1.880626875625208,1.219434751104398,-0.9579691120243812,1.2366979,-0.6821197
1.8906302100700232,1.4842461933653592,-0.7312866932720211,1.2284415,-0.6881596
1.900633544514838,1.253136409483474,-0.4714827985571426,1.2201658,-0.6943282
1.910636878959653,0.9899080792825976,-0.8610405555345761,1.2118733,-0.700626
1.920640213404468,0.9832934337841208,-0.7978882988804951,1.2035637,-0.7070545
1.930643547849283,1.282613245313486,-0.6057122542090729,1.1952372,-0.7136153
1.9406468822940977,1.2512350848265348,-0.9019279883559252,1.1868938,-0.7203096
1.9506502167389128,0.8563472641763179,-0.687634772701667,1.1785342,-0.7271377
1.960653551183728,1.125106846828868,-0.6327586319180623,1.1701576,-0.73410285
1.970656885628543,1.294117283426771,-0.6869160251853071,1.161764,-0.74120414
1.9806602200733576,1.2957317953252063,-0.6793868512526497,1.1533535,-0.74844205
1.9906635545181728,1.254044167195617,-0.8257252163310271,1.1449242,-0.75582063
2.0006668889629875,1.1403500437287952,-0.6969030318781039,1.1364756,-0.76333845
2.0106702234078027,1.2830625181408235,-0.7920159093537997,1.1280074,-0.77099717
2.0206735578526174,1.23078345491914,-0.7795067447714079,1.1195184,-0.7787992
2.030676892297432,1.12753512319227,-0.6220213250494175,1.1110067,-0.7867447
2.0406802267422472,0.8386976708260294,-0.9478818263537918,1.1024721,-0.79483426
2.0506835611870624,0.907750527145137,-1.1105605287769371,1.0939125,-0.8030704
2.060686895631877,1.0206906498894857,-0.6553576147434136,1.0853266,-0.8114537
2.070690230076692,1.0719789919342266,-0.7455086688694164,1.0767132,-0.819986
2.080693564521507,1.2703036583233884,-0.5835813925746254,1.0680712,-0.82866967
2.090696898966322,1.0886866617627742,-0.5874092872014102,1.0593973,-0.8375052
2.100700233411137,1.104938196569771,-0.9239288865041876,1.0506926,-0.84649456
2.110703567855952,0.993945061098908,-1.0284344532137917,1.0419536,-0.8556415
2.1207069023007667,0.94179346606171,-0.8682581810106738,1.0331783,-0.864946
2.130710236745582,1.1873805862332414,-0.5648131395636189,1.0243663,-0.874411
2.1407135711903966,0.8512640003437233,-0.7725533422353719,1.015515,-0.8840407
2.150716905635212,0.8941752834918963,-0.7690026559971215,1.0066222,-0.89383686
2.1607202400800265,1.0221748243061215,-1.123759075183196,0.99768597,-0.9038037
2.1707235745248417,1.1725765686187073,-0.9489811521361492,0.98870593,-0.9139432
2.1807269089696564,0.9446522832986508,-1.027999569239721,0.979678,-0.92426
2.190730243414471,0.9179089798513954,-0.8128628986807226,0.9706004,-0.9347595
2.2007335778592862,0.9788854787388108,-0.8374676130044173,0.961472,-0.9454447
2.2107369123041014,1.0526851269793471,-0.6986057212496628,0.9522883,-0.9563223
2.220740246748916,0.93800516118303,-1.12839654228651,0.94304854,-0.9673964
2.230743581193731,1.1404315537237826,-0.9669863959133216,0.93374866,-0.97867334
2.240746915638546,1.13835829560804,-0.8703921797596865,0.9243873,-0.9901606
2.250750250083361,0.9422133262528534,-0.8864664116398568,0.91495985,-1.0018634
2.260753584528176,1.245140715927821,-0.6383767537733445,0.90546423,-1.0137922
2.2707569189729906,0.9533881888178432,-0.93730210582802,0.895896,-1.025952
2.2807602534178057,1.0947934017351972,-1.0998616916103912,0.88625234,-1.0383528
2.290763587862621,0.9735752300830912,-0.988858261730837,0.87652916,-1.0510048
2.300766922307436,0.9608358032362422,-1.1222447049738902,0.8667223,-1.0639161
2.3107702567522503,0.6653235120098071,-1.3207518163848972,0.8568267,-1.0771006
2.320773591197065,0.7260307177814903,-1.0914853135838454,0.8468388,-1.0905658
2.3307769256418807,0.8394062979303853,-0.7453046248095532,0.8367527,-1.1043273
2.340780260086696,1.0388940144891083,-1.1937448788840896,0.8265633,-1.1183969
2.35078359453151,0.9146206923918768,-1.1243828884568894,0.81626624,-1.1327869
2.360786928976325,0.8091347785185085,-1.04977199179222,0.8058539,-1.1475142
2.3707902634211404,0.9338414385481588,-1.143081077863331,0.79532117,-1.162592
2.380793597865955,0.9895672788291404,-1.2784886403328886,0.78466064,-1.178037
2.39079693231077,0.8198073225578492,-0.7329492587173991,0.77386683,-1.1938652
2.400800266755585,0.8410241516415862,-0.9234303582166498,0.7629301,-1.2100962
2.4108036012004,0.8098303343350094,-1.0675313065868333,0.75184506,-1.2267457
2.420806935645215,0.7759548148502923,-1.1968810998212185,0.7406034,-1.2438332
2.4308102700900296,0.6557451698262758,-1.123897560479692,0.72919625,-1.2613791
2.4408136045348447,0.6329527162604351,-1.1061927652356576,0.71761614,-1.2794029
2.45081693897966,0.911307822802116,-1.1691182053364613,0.7058534,-1.2979261
2.460820273424474,0.6932197351737245,-1.1745649392738218,0.6938979,-1.3169693
2.4708236078692893,0.6773041400678906,-1.121399295667083,0.6817419,-1.3365546
2.4808269423141045,0.4361429047920925,-1.3316693410812352,0.6693763,-1.3567013
2.49083027675892,0.3992761898876179,-1.5257253892564206,0.65678936,-1.377436
2.5008336112037344,0.8893116361079267,-1.1878838981215334,0.64397186,-1.3987769
2.510836945648549,0.5634293090757305,-1.5688064106394028,0.6309133,-1.4207512
2.520840280093364,0.2130702811478207,-1.446815165576433,0.6176042,-1.4433757
2.5308436145381794,1.0069837332746376,-1.3225260003050603,0.6040335,-1.4666749
2.540846948982994,0.5459254177010351,-1.341089739801205,0.590192,-1.4906708
2.550850283427809,0.3814193852521312,-1.4791865284061516,0.5760674,-1.5153819
2.560853617872624,0.615942830197645,-1.471900611064831,0.5616506,-1.5408293
2.570856952317439,0.7048503881879742,-1.4323658890339042,0.54693264,-1.5670327
2.580860286762254,0.6714307203438792,-1.6130940991728575,0.5319018,-1.594009
2.5908636212070686,0.6905443621101696,-1.2919907964899546,0.5165486,-1.6217741
2.600866955651884,0.3947714413379277,-1.696715660378773,0.5008641,-1.6503447
2.610870290096699,0.724808524240131,-1.6202494886042167,0.48483974,-1.6797329
2.6208736245415136,0.7188797751960033,-1.6866914646813551,0.46846634,-1.7099491
2.6308769589863283,0.7101411866908834,-1.6301484448536152,0.4517358,-1.7410058
2.6408802934311435,0.5139018532309403,-1.4455414891715828,0.4346395,-1.772909
2.6508836278759587,0.4038837387286471,-1.852634040751832,0.41717118,-1.8056647
2.6608869623207734,0.373538167561512,-1.6756921398549378,0.39932412,-1.839274
2.670890296765588,0.1883171420090171,-1.680879708474542,0.3810919,-1.8737415
2.6808936312104032,0.3244011339204826,-1.638190114631902,0.36246747,-1.9090649
2.6908969656552184,0.0277840493835347,-1.963134381373914,0.34344655,-1.9452413
2.700900300100033,0.1153182026288248,-2.004803855037057,0.32402414,-1.9822665
2.710903634544848,0.3864446036252851,-1.9444030986507537,0.30419475,-2.0201344
2.720906968989663,0.2919237763939004,-1.979009272689592,0.28395492,-2.058835
2.730910303434478,0.3406926141184798,-2.1450156708798653,0.26330036,-2.098358
2.740913637879293,0.3960731304035659,-1.9339532080958175,0.24222808,-2.1386926
2.750916972324108,0.3272592821173203,-1.9905221867133611,0.22073333,-2.179825
2.7609203067689227,0.2930102548120565,-1.8104330244885576,0.19881444,-2.2217398
2.770923641213738,0.2141030974026061,-2.204496806557751,0.17646722,-2.2644217
2.7809269756585526,0.0923233027122269,-2.3570625982230324,0.15368931,-2.3078513
2.790930310103368,-0.0035775260840624,-2.380374634096344,0.13047771,-2.3520105
2.8009336445481825,0.1497778039942918,-2.2427742816309064,0.106830284,-2.3968766
2.8109369789929977,0.1448740314790319,-2.454627052249176,0.082744524,-2.4424274
2.8209403134378124,0.248580130455308,-2.276755100015661,0.05821936,-2.488635
2.830943647882627,0.0654725980925513,-2.534438340789999,0.033251926,-2.5354738
2.8409469823274422,0.1470601134382685,-2.4580684376515896,0.007841393,-2.5829132
2.8509503167722574,-0.1775471981176006,-2.547114982707257,-0.018011048,-2.630915
2.860953651217072,0.0533445081396298,-2.7233701290097243,-0.044304803,-2.6794412
2.870956985661887,0.016365760582443,-2.858930648029911,-0.071039036,-2.7284493
2.880960320106702,0.1616419355846593,-2.506542751395409,-0.09820981,-2.7778897
2.890963654551517,-0.1038721791742959,-2.692919207275465,-0.1258126,-2.8277113
2.900966988996332,-0.4552326701220185,-2.9751975887924096,-0.15384002,-2.877852
2.9109703234411466,-0.1661098326361034,-3.017405607798903,-0.18228288,-2.928244
2.9209736578859617,-0.0437300003616614,-2.6122839552686545,-0.21112986,-2.9788148
2.930976992330777,-0.3567768790097064,-3.0931142086401646,-0.24036677,-3.0294828
2.940980326775592,-0.1749180007262704,-2.78160709713606,-0.2699781,-3.0801587
2.9509836612204063,-0.4241012553197349,-3.041690188715568,-0.29994184,-3.1307423
2.960986995665221,0.0013795033707268,-3.3823871738793607,-0.3302365,-3.1811285
2.9709903301100367,-0.4956045949028785,-3.2533515674693407,-0.36083347,-3.2311954
2.980993664554852,-0.4137155644149445,-3.122507844401789,-0.39170521,-3.2808173
2.990996998999666,-0.3321083719914112,-3.564408232396014,-0.42281812,-3.3298535
3.001000333444481,-0.3243126904638214,-3.437504938504865,-0.45413858,-3.3781521
3.0110036678892964,-0.2442481520457062,-3.496420217775931,-0.48562723,-3.4255478
3.021007002334111,-0.5652069574985772,-3.3709592640890924,-0.51724726,-3.4718647
3.031010336778926,-0.3900651686001292,-3.432928725186046,-0.54895765,-3.5169058
3.041013671223741,-0.7926020733673914,-3.465337195341454,-0.5807186,-3.5604641
3.051017005668556,-0.7306119053397111,-3.554237818097725,-0.61249095,-3.6023152
3.061020340113371,-0.8251472145832967,-3.563347595267748,-0.6442378,-3.6422162
3.0710236745581856,-0.7690868240043803,-3.86041690630978,-0.67592627,-3.6799064
3.0810270090030007,-0.5778901666224633,-3.6661268630925767,-0.70752686,-3.7151082
3.091030343447816,-0.8142470526515937,-3.51532915280322,-0.73901707,-3.7475212
3.10103367789263,-0.8257189893046356,-3.754745071792303,-0.7703789,-3.7768254
3.1110370123374453,-0.7569972671977906,-3.874618989981813,-0.8016078,-3.802687
3.1210403467822605,-0.7645760943569182,-3.8789649261219226,-0.8327028,-3.824745
3.131043681227076,-0.93505873567066,-3.606602987097583,-0.86367744,-3.8426275
3.1410470156718904,-1.067592196116592,-4.179369553747443,-0.89455205,-3.8559475
3.151050350116705,-0.7081161325099139,-3.4356757163195444,-0.9253593,-3.8643074
3.16105368456152,-1.0487858451838474,-4.103219928973901,-0.9561388,-3.8673046
3.1710570190063354,-1.0727206614125622,-3.844109095527217,-0.9869396,-3.8645415
3.18106035345115,-1.092632711161292,-3.950430197369071,-1.017815,-3.855634
3.191063687895965,-1.0149812869323074,-3.6806975054636606,-1.0488238,-3.8402255
3.20106702234078,-1.363556839173417,-3.624128963538093,-1.0800198,-3.8179967
3.211070356785595,-0.8686191312030591,-3.666548067463567,-1.1114546,-3.7886875
3.22107369123041,-1.263830177760975,-3.6707281510963794,-1.1431701,-3.752108
3.2310770256752246,-1.1571765227530575,-3.8599565774322624,-1.1751952,-3.708153
3.24108036012004,-1.2605068112887168,-3.603824504684011,-1.2075429,-3.6568184
3.251083694564855,-1.0431035919825355,-3.510416681331109,-1.2402041,-3.5982049
3.2610870290096696,-1.1045646498335282,-3.583227977037899,-1.2731491,-3.5325243
3.2710903634544843,-1.3004370250395536,-3.2977142182308867,-1.3063269,-3.4600937
3.2810936978992995,-1.551920065846219,-3.241832135983232,-1.3396617,-3.3813353
3.2910970323441147,-1.271934679328205,-3.2350037232098883,-1.3730614,-3.2967472
3.3011003667889294,-1.7390245219935585,-3.102592717421465,-1.4064174,-3.2068956
3.311103701233744,-1.651137116646512,-3.060754047540297,-1.4396111,-3.1123922
3.3211070356785592,-1.5576412366669168,-3.171045599182123,-1.4725165,-3.0138721
3.3311103701233744,-1.8164292832752045,-2.745499391005767,-1.5050101,-2.911971
3.341113704568189,-1.6801768013395348,-3.1024711512991794,-1.536966,-2.8073227
3.351117039013004,-1.5106872668608011,-2.575094819662683,-1.5682745,-2.7005298
3.361120373457819,-1.7610843382897228,-2.7105188600617844,-1.5988346,-2.5921674
3.371123707902634,-1.5531708005010472,-2.356913839558531,-1.6285614,-2.4827752
3.381127042347449,-1.344646890808978,-2.2422939581665013,-1.6573861,-2.3728633
3.391130376792264,-1.6663416273831435,-2.2264374692540128,-1.6852559,-2.26291
3.4011337112370787,-1.6234149290789666,-2.0041491091135386,-1.7121292,-2.1533709
3.411137045681894,-1.578592330845339,-2.0734097303646224,-1.7379776,-2.0446815
3.4211403801267086,-1.8510802446160444,-1.9654910359179825,-1.7627786,-1.9372576
3.431143714571524,-1.6855793708344355,-1.5687084519653325,-1.7865124,-1.8314914
3.4411470490163385,-1.8904843563625136,-1.7587353053305452,-1.8091576,-1.7277602
3.4511503834611537,-1.7910506735102751,-1.6354253049788972,-1.8306912,-1.6264037
3.4611537179059684,-1.7109221674522677,-1.842109203123368,-1.8510846,-1.5277265
3.471157052350783,-1.9923880657655548,-1.5299596298249305,-1.8703026,-1.4319972
3.4811603867955982,-2.2301935792336547,-1.4680847569753457,-1.8883072,-1.3394223
3.4911637212404134,-2.0323003681442504,-1.2675287940527018,-1.9050583,-1.2501574
3.501167055685228,-1.7401223635851346,-1.191004503484274,-1.9205173,-1.1642963
3.511170390130043,-2.072909232578409,-1.0828858655387883,-1.9346498,-1.0818721
3.521173724574858,-1.7713382856537063,-1.1441863730237114,-1.9474295,-1.0028695
3.531177059019673,-2.074964028441063,-0.8409311345759901,-1.9588417,-0.9272233
3.541180393464488,-1.980538567398616,-0.7580820930785527,-1.9688827,-0.8548304
3.5511837279093026,-1.9575854158216288,-0.6840806683070408,-1.9775671,-0.7855618
3.5611870623541177,-2.1183857757513525,-0.7285162246848229,-1.9849225,-0.71927154
3.571190396798933,-2.0017069635823383,-0.8494611224329578,-1.9909931,-0.65581024
3.581193731243748,-2.211025277435894,-0.5075074698814876,-1.995838,-0.59503615
3.5911970656885623,-2.03499380850639,-0.7098386022442249,-1.9995302,-0.53682435
3.601200400133377,-2.002098461955756,-0.3361691380173124,-2.0021534,-0.48106802
3.6112037345781927,-2.334601876216977,-0.6814043963195487,-2.0038035,-0.42768192
3.621207069023008,-2.135267796054517,-0.1918404258902735,-2.0045795,-0.37661052
3.631210403467822,-1.95833915086104,-0.2525094564660674,-2.0045872,-0.32781947
3.641213737912637,-2.175216669860632,-0.4945156902226966,-2.0039322,-0.2812878
3.651217072357453,-1.940082541524324,-0.2791165311004465,-2.00272,-0.2370181
3.661220406802267,-1.927625885966454,-0.2794787017168555,-2.0010521,-0.1950128
3.671223741247082,-1.9705401528773976,-0.1931807277877765,-1.9990228,-0.15527819
3.681227075691897,-1.89758689157224,-0.0634184848324676,-1.9967188,-0.11781715
3.691230410136712,-2.2589103051665167,-0.4910304496905715,-1.9942197,-0.08262347
3.701233744581527,-1.8670538945495272,0.052951882695207,-1.9915935,-0.04967843
3.7112370790263416,-2.1715240957040653,-0.3771396990437428,-1.9888984,-0.018948063
3.7212404134711567,-2.004431279866912,0.0669156706420047,-1.9861845,0.009612694
3.731243747915972,-1.750257252986597,0.028685603438451,-1.9834896,0.03606774
3.741247082360786,-2.0760314222694225,-0.1602003198741728,-1.9808453,0.060493127
3.751250416805601,-2.018714301073996,-0.0499368755149807,-1.978273,0.08297624
3.761253751250417,-2.17264342337116,0.3221803690562728,-1.9757894,0.10361518
3.771257085695232,-1.7523645030773778,0.2039919411979582,-1.9734038,0.1225114
3.7812604201400464,-2.1578407921838294,0.1794287791835434,-1.971121,0.13977398
3.791263754584861,-1.9231708860326096,0.1340901969712437,-1.9689411,0.15551426
3.801267089029676,-1.8309055632526887,0.1785527423232012,-1.966863,0.16984357
3.8112704234744914,-1.9064429022231315,0.1933903970625961,-1.9648813,0.18286802
3.821273757919306,-1.9652750194498816,-0.1559513362371546,-1.9629897,0.19469632
3.831277092364121,-2.002667643270127,0.0410831494807186,-1.9611794,0.20542826
3.841280426808936,-2.205880511889851,0.3889449767521581,-1.959443,0.21516313
3.851283761253751,-1.753131398315375,0.3520003154726647,-1.9577712,0.22399129
3.861287095698566,-1.9726641261697504,0.3614821755127169,-1.9561538,0.23199846
3.8712904301433806,-2.0074988123149384,0.1994461982718717,-1.954583,0.23926415
3.881293764588196,-2.171589220801097,0.2381194326270101,-1.9530491,0.24586333
3.891297099033011,-1.9966790508272272,-0.0078397697226944,-1.9515432,0.2518618
3.9013004334778256,-2.0114970149186373,0.1840646908632939,-1.9500574,0.25732386
3.91130376792264,-1.7321810088152112,0.3381348916669712,-1.9485835,0.26230514
3.921307102367456,-1.9980182358894487,0.2488447040028453,-1.9471139,0.2668587
3.931310436812271,-1.990949860169973,0.1881887684024432,-1.9456424,0.2710309
3.941313771257085,-2.1577236839837908,0.2026718181340072,-1.9441618,0.2748648
3.9513171057019,-2.104987638137887,0.0441177456378521,-1.9426659,0.27839863
3.9613204401467152,-1.914042367570258,0.296348489126647,-1.9411491,0.28166747
3.9713237745915295,-2.2563273195417617,0.2249314089102997,-1.9396068,0.2847042
3.981327109036345,-1.8365068902740844,0.4075926235547452,-1.9380339,0.2875353
3.99133044348116,-1.8294752814354591,0.2596379734465352,-1.9364251,0.29018855
4.001333777925975,-2.1075465049224134,0.0960718144567102,-1.9347774,0.29268634
4.01133711237079,-1.9264903714005688,0.3200941685104966,-1.9330863,0.2950487
4.021340446815605,-1.7824275922780808,0.4325400937719766,-1.9313473,0.2972963
4.03134378126042,-1.99266463853091,0.085033701984877,-1.9295589,0.2994436
4.041347115705235,-2.017958449983663,0.3081655692514177,-1.9277176,0.30150747
4.05135045015005,-1.997628148806048,0.1926217797859191,-1.92582,0.3035015
4.061353784594864,-1.9265691959536784,0.2072591888703339,-1.9238638,0.30543852
4.071357119039679,-2.0558630466612007,0.3329523430284852,-1.9218477,0.30732822
4.081360453484495,-2.0190700334071896,0.3260783405828307,-1.9197687,0.30918133
4.09136378792931,-1.9148771199227528,0.1216347930482174,-1.9176248,0.31100667
4.101367122374125,-2.025100733480346,0.5111712591040918,-1.9154152,0.31281257
4.111370456818939,-2.1242552294723813,-0.0191584258541465,-1.9131378,0.31460643
4.121373791263754,-2.226222148327492,0.3054301704804626,-1.9107913,0.31639385
4.131377125708569,-1.9392839689592087,0.2860416425969003,-1.9083742,0.31818223
4.141380460153384,-1.7587440897047235,-0.094721107040484,-1.905887,0.31997478
4.151383794598199,-1.878409007606256,0.5428471715425279,-1.9033283,0.32177794
4.161387129043014,-2.1038689394110777,0.2539997089090361,-1.9006964,0.3235948
4.171390463487829,-2.0445152357226366,0.1790750119462399,-1.897992,0.3254292
4.181393797932644,-1.977377922824881,0.529527924072623,-1.8952154,0.32728553
4.191397132377459,-1.6496659946133696,0.2671192936052214,-1.8923663,0.32916462
4.201400466822274,-1.6363291736262775,0.3248832446175239,-1.8894438,0.33106995
4.211403801267089,-1.6558282200094587,0.3075247008763347,-1.8864499,0.33300507
4.221407135711903,-1.8959969359528936,0.3782539666904874,-1.8833836,0.33496892
4.231410470156718,-1.435581956996155,0.4529838073654745,-1.880246,0.3369652
4.2414138046015335,-2.0152353328039614,0.4724478735502148,-1.8770386,0.33899486
4.251417139046349,-1.9601379923670013,0.2553959656100977,-1.8737615,0.3410591
4.261420473491164,-1.7662727356539158,0.3352386040453164,-1.8704163,0.3431574
4.271423807935978,-1.857459291434196,0.3343515524138625,-1.8670045,0.3452921
4.281427142380793,-1.845424388075269,0.3976410080366981,-1.8635277,0.3474623
4.291430476825608,-2.183107029793387,0.4354922126359966,-1.8599864,0.34966862
4.301433811270423,-2.036499491476927,0.1207428121639125,-1.8563832,0.3519106
4.311437145715238,-1.894577797458708,0.3512405939626814,-1.8527201,0.35418737
4.321440480160053,-1.9864468677126077,0.464831001314269,-1.8489991,0.35650015
4.331443814604868,-2.0803372927045025,0.2806453612619535,-1.8452224,0.3588469
4.341447149049683,-1.963317535392503,0.3361887437336758,-1.8413917,0.36122823
4.351450483494498,-1.8303175873789044,0.1934633401373381,-1.83751,0.36364138
4.361453817939313,-1.7600511536919516,0.3555499314821355,-1.8335799,0.36608684
4.371457152384128,-2.149017419596777,0.0537462869120523,-1.8296028,0.36856234
4.381460486828942,-1.8635909915814968,0.315809732834429,-1.8255833,0.37106752
4.391463821273757,-1.873759507123244,0.346162938015841,-1.8215231,0.37359965
4.4014671557185725,-1.820901767611691,0.493900100067579,-1.8174253,0.37615776
4.411470490163388,-2.017876675689664,0.1773373554605312,-1.8132926,0.37874067
4.421473824608203,-2.0116707403210565,0.3978403015636506,-1.8091284,0.381346
4.431477159053017,-1.6573773784615184,0.2911620316781462,-1.8049362,0.38397157
4.441480493497832,-2.2158079644531368,0.1016157502955701,-1.8007177,0.38661563
4.451483827942647,-1.9619282521380552,0.2748997926661494,-1.7964778,0.38927662
4.461487162387462,-1.894637119336726,0.365684561622686,-1.7922188,0.39195132
4.471490496832277,-1.8765332523168257,0.5186315108441837,-1.7879437,0.39463854
4.481493831277092,-1.927552840133407,0.2332120275193024,-1.7836565,0.39733446
4.491497165721907,-1.7506843854144418,0.1335395865779793,-1.7793592,0.4000392
4.501500500166722,-1.7604140267631954,0.3805931010265018,-1.775056,0.40274763
4.511503834611537,-1.8373228789618323,0.604774824009751,-1.7707485,0.4054594
4.521507169056352,-1.9048630617653468,0.6769014633182775,-1.766442,0.40817285
4.531510503501167,-1.841658876429444,0.1776286133609435,-1.7621375,0.4108826
4.541513837945981,-1.7936552664931331,0.2090706021906201,-1.757839,0.41358936
4.551517172390796,-1.9131925098335707,0.4313915663071357,-1.7535475,0.41629004
4.561520506835612,-1.7133646846573418,0.2798443994053763,-1.7492679,0.4189806
4.571523841280427,-1.644851077570451,0.5481333824642568,-1.7450012,0.42166162
4.581527175725242,-1.573763443752477,0.4552623477587445,-1.7407506,0.42432976
4.591530510170056,-1.5809279224546997,0.0950786291744842,-1.7365175,0.42698228
4.601533844614871,-1.8293482395965908,0.2485006866799316,-1.7323052,0.42961812
4.611537179059686,-1.7599848547148798,0.2941926388826132,-1.7281139,0.43223608
4.621540513504501,-1.7989852741103347,0.6636007016326446,-1.7239462,0.4348334
4.631543847949316,-1.795698753634958,0.4447140990888569,-1.7198042,0.4374087
4.641547182394131,-1.8012466237652272,0.3953797900743805,-1.7156876,0.43996072
4.651550516838946,-1.7616553436596618,0.4526561415352013,-1.7115982,0.44248772
4.661553851283761,-1.583899442040996,0.6339089778832678,-1.7075374,0.44498873
4.671557185728576,-1.7083763120525473,0.4766322885858763,-1.7035054,0.44746315
4.681560520173391,-1.92355869438139,0.3764275681109744,-1.6995019,0.44990957
4.691563854618206,-1.6059811462779685,0.5209220574362026,-1.6955284,0.4523269
4.70156718906302,-1.711364417346659,0.5254128048009111,-1.6915845,0.45471466
4.711570523507835,-1.6655578505894502,0.5739362709044582,-1.6876695,0.45707273
4.7215738579526505,-1.691821532916104,0.3419822798852048,-1.6837834,0.45940077
4.731577192397466,-1.6808872349833508,-0.0427949621668627,-1.6799256,0.4616977
4.741580526842281,-1.669853941628215,-0.1489996959349121,-1.6760952,0.4639641
4.751583861287095,-1.981814943477637,0.4675068095136573,-1.6722912,0.4662001
4.76158719573191,-1.6476598002575946,0.2268681395403012,-1.6685121,0.46840656
4.771590530176725,-1.822083296554536,0.6083165720121219,-1.6647568,0.47058165
4.78159386462154,-1.7838361993849272,0.7406888485471743,-1.6610231,0.47272766
4.791597199066355,-1.7074681222226176,0.4669843943634675,-1.6573101,0.47484386
4.80160053351117,-1.4605820958214857,0.4269743634842099,-1.6536156,0.47693264
4.811603867955985,-1.8493824785977444,0.3924160390376136,-1.649938,0.4789927
4.8216072024008,-1.7002744964255885,0.2057326691757245,-1.6462747,0.48102582
4.831610536845615,-1.729193940126222,0.3006981260949195,-1.6426234,0.4830333
4.84161387129043,-1.5480358047826517,0.4188163675137334,-1.6389817,0.48501527
4.851617205735245,-1.724963118021389,0.3993099225469934,-1.6353472,0.4869734
4.861620540180059,-1.6449135376374118,0.5093873005032262,-1.6317176,0.4889084
4.871623874624874,-1.8241604022788007,0.2622706663445424,-1.6280895,0.4908222
4.8816272090696895,-1.504306897712028,0.3583179495289712,-1.6244608,0.49271536
4.891630543514505,-1.8783236283154925,0.4884164270101766,-1.620829,0.4945891
4.90163387795932,-1.5920635344423384,0.1939299825971561,-1.617191,0.49644518
4.911637212404134,-1.6229014258874963,0.5355845317233583,-1.6135424,0.498286
4.921640546848949,-1.5969032069327995,0.5217714654695385,-1.6098834,0.500111
4.931643881293764,-1.8594216674519533,0.4783751483877996,-1.6062084,0.5019227
4.941647215738579,-1.689876850485006,0.3580635160952855,-1.6025163,0.50372314
4.951650550183394,-1.509585400225272,0.6541544856807862,-1.5988036,0.50551176
4.961653884628209,-1.3666797719774206,0.6312856308365334,-1.5950667,0.50729287
4.971657219073024,-1.647941566561571,0.4887994777740337,-1.5913044,0.5090648
4.981660553517839,-1.5120835972144795,0.4559214598188209,-1.5875127,0.5108323
4.991663887962654,-1.6030974929622304,0.5631870106154723,-1.5836898,0.5125935
5.001667222407469,-1.6271891754378018,0.3321359205716206,-1.5798321,0.5143533
5.011670556852284,-1.6760320044587351,0.5385458112072117,-1.5759381,0.51611066
5.021673891297098,-1.6089559547937535,0.4964461835303286,-1.5720047,0.51786745
5.031677225741913,-1.5044166177812648,0.3911688436246205,-1.56803,0.5196259
5.0416805601867285,-1.4869944855889958,0.5062266169814883,-1.5640106,0.5213864
5.051683894631544,-1.7811365129427197,0.6677757786916596,-1.5599461,0.5231513
5.061687229076359,-1.6664887030894155,0.2052201841029273,-1.5558335,0.5249212
5.071690563521173,-1.7435755442578045,0.3024066899956051,-1.5516715,0.52669704
5.081693897965988,-1.5744144785461205,0.4165894197306293,-1.5474579,0.5284811
5.091697232410803,-1.628166174533513,0.5527504138628245,-1.5431921,0.5302731
5.101700566855618,-1.5220402997859062,0.5093550932569904,-1.5388714,0.5320766
5.111703901300433,-1.5069067732246,0.5565456938171335,-1.5344952,0.53389
5.121707235745248,-1.8799125707083688,0.4116622803298999,-1.5300633,0.5357157
5.131710570190063,-1.8860685576988896,0.4739646706633136,-1.5255742,0.5375546
5.141713904634878,-1.555028269345876,0.6276385596476761,-1.5210267,0.53940773
5.151717239079693,-1.3714630676610826,0.503503659219581,-1.5164213,0.5412748
5.161720573524508,-1.6199157342033748,0.5481662117036459,-1.5117571,0.5431584
5.171723907969323,-1.6192808073119898,0.4775141008187523,-1.5070347,0.54505754
5.181727242414137,-1.3873823312410571,0.3964149518747902,-1.5022535,0.54697466
5.191730576858952,-1.409638397510424,0.584075645555766,-1.4974145,0.5489093
5.201733911303768,-1.6688739324353792,0.6309619459855196,-1.4925188,0.55086267
5.211737245748583,-1.4160124654339088,0.5026072042287911,-1.4875656,0.5528343
5.221740580193398,-1.6302652080002349,0.3609065674874739,-1.4825575,0.5548268
5.231743914638212,-1.5916620710782792,0.573675029676611,-1.4774946,0.5568374
5.241747249083027,-1.649428871327832,0.5604409531852702,-1.4723781,0.55886966
5.251750583527842,-1.687396931620068,0.4667626138439919,-1.4672107,0.5609229
5.261753917972657,-1.479710702266678,0.8667324419670519,-1.4619924,0.56299585
5.271757252417472,-1.6977548814670396,0.7233870991990222,-1.4567271,0.5650912
5.281760586862287,-1.463655875406845,0.5669154525673208,-1.4514152,0.5672079
5.291763921307102,-1.4633294084304789,0.5746370152242328,-1.4460593,0.56934655
5.301767255751917,-1.4990579742127377,0.7287582837678646,-1.4406619,0.5715066
5.311770590196732,-1.5393733348460148,0.6832440413536028,-1.4352254,0.5736898
5.321773924641547,-1.5624285985105286,0.5071654500312786,-1.4297526,0.57589495
5.331777259086362,-1.6214117490090882,0.587288405624972,-1.424245,0.57812345
5.341780593531176,-1.238664817272639,0.510301305992253,-1.4187058,0.5803739
5.351783927975991,-1.4797549444907865,0.3576213934686597,-1.4131386,0.58264875
5.361787262420807,-1.4793759108176363,0.2888444173300009,-1.407545,0.58494616
5.371790596865622,-1.5766446728467671,0.5647726278500953,-1.4019275,0.5872674
5.381793931310437,-1.2365624756450626,0.9551702330051772,-1.3962895,0.58961225
5.391797265755251,-1.5170736811360856,0.7521614394667611,-1.3906335,0.5919821
5.401800600200066,-1.387163940904964,0.5173022604552017,-1.3849617,0.5943755
5.411803934644881,-1.3534474049654246,0.5524463400154545,-1.3792766,0.59679484
5.421807269089696,-1.3963552571898803,0.4851261497511391,-1.3735814,0.5992388
5.431810603534511,-1.6171767949660487,0.3180987645053879,-1.3678783,0.60170907
5.441813937979326,-1.3039864179646612,0.5114545224230077,-1.3621696,0.6042066
5.451817272424141,-1.4858657369310442,0.5576043867520453,-1.3564564,0.606731
5.461820606868956,-1.2716576199352927,0.5868056412379398,-1.3507419,0.6092834
5.471823941313771,-1.4837159006521967,0.7471725239468044,-1.3450265,0.6118657
5.481827275758586,-1.1428045101448323,0.6409461960960384,-1.3393139,0.6144772
5.491830610203401,-1.2279712689683742,0.7566490025733059,-1.3336025,0.61712044
5.501833944648215,-1.1988074391484405,0.6661220136652529,-1.3278959,0.61979645
5.51183727909303,-1.272834182297627,0.6556698657442059,-1.3221942,0.6225064
5.5218406135378455,-1.521412420780725,0.6866061233802465,-1.316498,0.6252506
5.531843947982661,-1.5543702734070413,0.4661495870905141,-1.3108081,0.6280323
5.541847282427476,-1.1496099387453902,0.7152811676691475,-1.3051239,0.6308532
5.55185061687229,-1.1161408095510592,0.5524742420795641,-1.2994462,0.63371384
5.561853951317105,-1.5061522707912722,0.5612075700309729,-1.2937741,0.63661766
5.57185728576192,-1.3120323684477275,0.6132416147871664,-1.2881082,0.63956654
5.581860620206735,-1.1512640105524188,0.5513972623758283,-1.2824465,0.64256275
5.59186395465155,-1.2624459906155223,0.4615646258718574,-1.2767879,0.64560795
5.601867289096365,-1.2415938519072878,0.6146742377363202,-1.2711323,0.6487063
5.61187062354118,-1.4154580580422926,0.5832632630198142,-1.2654771,0.65185976
5.621873957985995,-1.324410477400565,0.5826266748198216,-1.2598205,0.65507174
5.63187729243081,-1.0248335293548223,0.612980034071176,-1.2541605,0.65834486
5.641880626875625,-1.3208213570814695,0.317813181946508,-1.2484947,0.6616832
5.65188396132044,-1.4120209599701203,0.5977428307802336,-1.2428211,0.6650907
5.661887295765254,-1.3743704188767567,0.8493243957875038,-1.237136,0.6685709
5.671890630210069,-1.28978462432584,0.8402930048289334,-1.2314366,0.6721275
5.6818939646548845,-1.2492875051245,0.6576646957749459,-1.2257196,0.67576396
5.6918972990997,-1.265308717344555,0.6578025361427514,-1.2199825,0.6794856
5.701900633544515,-0.9875618482463376,0.3145449147243569,-1.2142199,0.683297
5.711903967989329,-1.5389495829968622,0.5863676327734045,-1.2084287,0.68720275
5.721907302434144,-1.229818896059431,0.7768214633712907,-1.2026051,0.6912084
5.731910636878959,-1.1542580350674292,0.6212398027175814,-1.1967443,0.69531804
5.741913971323774,-1.0655292063500243,0.8390878161869092,-1.190842,0.69953805
5.751917305768589,-1.1838822548243804,0.8347525010911752,-1.1848942,0.7038736
5.761920640213404,-1.1636387319941075,0.6120429705783607,-1.1788949,0.70833164
5.771923974658219,-1.0928458943986783,0.7188878477326301,-1.1728398,0.7129168
5.781927309103034,-1.1902375173822148,0.9293909998608044,-1.1667236,0.7176359
5.791930643547849,-1.5509254166211424,0.502071826760807,-1.1605417,0.72249657
5.801933977992664,-1.354146131160194,0.66663905966218,-1.1542879,0.72750384
5.811937312437479,-1.2070014523032169,0.5015630821644512,-1.1479577,0.73266584
5.821940646882293,-1.3092410886708308,0.6052024089299116,-1.1415454,0.7379891
5.831943981327108,-0.7854422166616537,1.011392572983891,-1.1350452,0.7434821
5.841947315771924,-1.2083367564788785,0.6935352650799216,-1.128451,0.7491516
5.851950650216739,-1.3114022852333174,0.4689365401576591,-1.1217583,0.75500584
5.861953984661554,-1.1489286304224895,0.6127065609675911,-1.1149601,0.7610519
5.871957319106368,-1.1364254052254528,0.5297297363587266,-1.1080531,0.76730025
5.881960653551183,-1.2302202394080484,0.7995820574363219,-1.1010286,0.7737564
5.891963987995998,-1.0531425990413723,0.8475904548239487,-1.0938822,0.7804316
5.901967322440813,-1.298219762663804,0.9210116801975516,-1.0866092,0.78733206
5.911970656885628,-1.2121716242974387,0.8957374017376466,-1.079204,0.7944685
5.921973991330443,-1.085648859384288,0.6025144992361107,-1.0716599,0.80184853
5.931977325775258,-1.123314274592537,0.8721084311829129,-1.0639738,0.8094809
5.941980660220073,-0.9756883701193476,0.8046576268641147,-1.0561398,0.8173753
5.951983994664888,-0.8295305082289746,0.985608463240884,-1.0481528,0.8255398
5.961987329109703,-1.0893738240532025,0.9558536877682858,-1.0400094,0.8339832
5.971990663554518,-0.7522978272667883,1.1464426834660062,-1.0317043,0.8427149
5.981993997999332,-1.2179693175600557,0.7226091289902125,-1.0232342,0.8517413
5.991997332444147,-0.8023438927504316,0.7122541202014769,-1.0145973,0.8610718
6.0020006668889625,-1.214683678732591,0.8076660142326032,-1.0057884,0.8707144
6.012004001333778,-0.9443962404028798,0.8750297907672473,-0.9968067,0.8806757
6.022007335778593,-1.0960479702594914,0.7992505694621311,-0.9876495,0.89096355
6.032010670223407,-1.096251096437019,0.7786518266188537,-0.9783171,0.9015833
6.042014004668222,-0.6379940822166055,0.9656129968152606,-0.96880656,0.91254306
6.052017339113037,-0.8379577574938412,0.8582809239558946,-0.95912033,0.92384493
6.062020673557852,-0.9894890095226292,0.8355250153945238,-0.9492586,0.9354956
6.072024008002667,-1.3498647729809885,0.7470387447189595,-0.9392217,0.9474993
6.082027342447482,-1.2141011505141486,0.6277285376094901,-0.9290145,0.9598583
6.092030676892297,-1.112096376281552,1.175677252226542,-0.9186376,0.9725753
6.102034011337112,-0.9296238940309668,1.1825463665570926,-0.9080966,0.98565245
6.112037345781927,-0.8513560358731473,1.1186723061005732,-0.89739543,0.9990908
6.122040680226742,-1.0380590541099657,1.0925156501841935,-0.88653904,1.0128914
6.132044014671557,-0.7834115514635079,0.940377743803321,-0.8755346,1.027052
6.142047349116371,-0.7984517389811316,1.1250819931328806,-0.8643866,1.0415739
6.152050683561186,-0.9543464052674092,0.8853549670542332,-0.85310394,1.056455
6.1620540180060015,-1.038926628622144,1.080710520646652,-0.8416932,1.0716945
6.172057352450817,-0.8015093105661932,0.9631793656046302,-0.83016306,1.087289
6.182060686895632,-0.8356821995358515,1.1823328725569549,-0.81852084,1.1032383
6.192064021340446,-0.7359025100862374,1.344610765422677,-0.8067747,1.119539
6.202067355785261,-0.6258929810095744,0.9771060375821146,-0.7949322,1.1361918
6.212070690230076,-0.5535548566674956,1.0635314726052458,-0.783001,1.1531951
6.222074024674891,-0.6378539203011031,1.1696743389301645,-0.7709876,1.1705494
6.232077359119706,-0.8447342093303019,0.9050538183308652,-0.7589,1.1882547
6.242080693564521,-0.7968037367201859,0.9594802687770164,-0.74674326,1.2063149
6.252084028009336,-0.613956976985641,1.4385476572417246,-0.7345217,1.2247328
6.262087362454151,-0.8663919611968813,1.2744415601506465,-0.7222386,1.243514
6.272090696898966,-0.8432830999303382,1.153481596900437,-0.7098976,1.2626673
6.282094031343781,-0.605729649785779,1.2610884687419064,-0.69750005,1.2822014
6.292097365788596,-0.4481912306480861,1.2141715525233154,-0.68504363,1.3021284
6.30210070023341,-0.5462721958032524,1.3212941324198717,-0.6725288,1.3224632
6.312104034678225,-0.5636341658456274,1.26033920734616,-0.65995055,1.343225
6.3221073691230405,-0.677051169603396,1.3313907526877662,-0.6473041,1.3644317
6.332110703567856,-0.7814247414286848,1.4699198847804744,-0.63458306,1.3861088
6.342114038012671,-0.5446539621039771,1.482140012780081,-0.6217776,1.4082829
6.352117372457485,-0.3975917234425469,1.6336329035485635,-0.60887986,1.4309844
6.3621207069023,-0.6700873211931515,1.4959571581030042,-0.5958746,1.4542475
6.372124041347115,-0.6928520790346014,1.4679334125343824,-0.5827499,1.4781097
6.38212737579193,-0.6744914432394573,1.7325534640807998,-0.5694898,1.5026122
6.392130710236745,-0.5149352827955684,1.4826530632717425,-0.55607754,1.527799
6.40213404468156,-0.3751452216503232,1.216301456709503,-0.54249483,1.5537214
6.412137379126375,-0.840731371106268,1.688548226158797,-0.5287214,1.580427
6.42214071357119,-0.5136964676348312,1.6347812540694124,-0.514736,1.6079742
6.432144048016005,-0.7055923444195811,1.6225556468271372,-0.5005172,1.6364174
6.44214738246082,-0.1896806714922826,1.779303240291508,-0.48604113,1.6658196
6.452150716905635,-0.4480255908437895,1.620276084650608,-0.47128278,1.696242
6.462154051350449,-0.5156345571639026,1.398066116501726,-0.45621973,1.7277485
6.472157385795264,-0.4004542783954575,1.8764535189955616,-0.44082385,1.7604007
6.48216072024008,-0.6577715527203164,1.6835006594606332,-0.42507035,1.7942641
6.492164054684895,-0.5770458007419681,1.6719044615896888,-0.40893298,1.8293976
6.50216738912971,-0.3770727196631196,1.538842682933238,-0.3923865,1.8658586
6.512170723574524,-0.2742842110975886,2.000197979749481,-0.37540466,1.9036976
6.522174058019339,-0.3850658008736112,1.5515204336046853,-0.35796195,1.9429613
6.532177392464154,-0.4774700896023801,2.146019835911069,-0.34003335,1.9836799
6.542180726908969,-0.72493054992506,1.9474164186233889,-0.321595,2.0258827
6.552184061353784,-0.4650594049401443,2.1597362504512008,-0.30262452,2.069574
6.562187395798599,-0.3687451260450587,2.140228951357776,-0.28309995,2.11475
6.572190730243414,-0.1616562338574796,2.396759350710142,-0.26300055,2.1613855
6.582194064688229,-0.2554805813038356,2.2205424923905785,-0.24230869,2.2094357
6.592197399133044,-0.4259171025042234,2.3866363585829817,-0.22100647,2.258838
6.602200733577859,-0.2948994222417306,2.169026337842279,-0.19907935,2.3095083
6.612204068022674,-0.1613592851160648,2.0648882635531147,-0.17651589,2.3613365
6.622207402467488,-0.1004307791150837,2.4917194240587173,-0.15330489,2.4141998
6.632210736912303,-0.0670465217479389,2.1566124684891066,-0.12943919,2.467951
6.642214071357119,-0.1053060003346914,2.5556311851794566,-0.104914024,2.52243
6.652217405801934,-0.3436807432276177,2.3334780323155067,-0.07972796,2.577463
6.662220740246749,0.0947588094591055,2.586505020658496,-0.053881004,2.632871
6.672224074691563,0.0508469959365283,2.8770808697720884,-0.027379349,2.6884608
6.682227409136378,0.0856286737211037,2.749801587753811,-0.00022752583,2.7440507
6.692230743581193,0.4487782515806407,2.672723994025397,0.027562782,2.7994568
6.702234078026008,-0.0501640578970085,2.8232648795731627,0.0559818,2.8545067
6.712237412470823,0.1632547578692864,2.734914337273122,0.08501308,2.9090369
6.722240746915638,-0.0290259032155712,3.2156421903519554,0.114639685,2.9629016
6.732244081360453,0.2038309454503427,2.814867563186297,0.14484541,3.015969
6.742247415805268,0.3217108465046592,2.964058848073442,0.17560665,3.068126
6.752250750250083,0.1764543764620911,3.120532790754558,0.2069041,3.1192765
6.762254084694898,0.0512197189809574,3.144744887187015,0.23871295,3.1693406
6.772257419139713,0.563112120024797,3.217181965784744,0.27100843,3.2182543
6.782260753584527,0.2514559397767504,3.12617859024936,0.30376595,3.265965
6.792264088029342,0.2786077183402493,3.218553732274475,0.33695906,3.3124323
6.8022674224741575,0.3163103243351751,3.4477345544550584,0.3705563,3.357615
6.812270756918973,0.1463732873589666,3.4922903796809166,0.40452975,3.4014826
6.822274091363788,0.3833218303894305,3.4713000565279213,0.4388494,3.4439986
6.832277425808602,0.3056736337724931,3.664529804978424,0.4734835,3.4851208
6.842280760253417,0.6965158736876187,3.657893430667005,0.5084006,3.5247998
6.852284094698232,0.3178807211501078,3.68484016207502,0.5435652,3.5629685
6.862287429143047,0.6416904641851493,3.3635731802218616,0.578947,3.5995438
6.872290763587862,0.6135990267080442,3.6999101776261223,0.6145125,3.6344156
6.882294098032677,0.7373154992286768,3.7092814535601626,0.65023094,3.6674483
6.892297432477492,0.7345923630305498,3.93743642636222,0.6860731,3.6984673
6.902300766922307,0.9121205325086098,3.315945567043232,0.72201604,3.7272613
6.912304101367122,0.7181710530734576,3.7465105522934894,0.7580411,3.7535744
6.922307435811937,0.5407640338985129,3.805846326678348,0.79413134,3.7770917
6.932310770256752,1.028859817766318,3.6442838585310753,0.83028525,3.797449
6.942314104701566,0.930101485636118,3.680240717540709,0.866507,3.8142178
6.952317439146381,0.8170278641658681,4.044141323524986,0.90281194,3.8269024
6.9623207735911965,0.8746304735546698,3.891155115401459,0.93922824,3.834946
6.972324108036012,0.7135028468801069,4.094657132410685,0.97579294,3.8377328
6.982327442480827,1.122670327597564,3.775460719899668,1.0125526,3.8345957
6.992330776925641,1.1565481088233505,3.5727958527657644,1.0495573,3.8248422
7.002334111370456,1.2853352441170036,3.710900206407813,1.086853,3.8077853
7.012337445815271,1.1148173454206387,3.654686314351896,1.1244767,3.7827804
7.022340780260086,1.0954694087016106,3.795213335199846,1.162439,3.7492845
7.032344114704901,1.2576920238796572,3.744950460601489,1.2007133,3.706917
7.042347449149716,1.2542552820946582,3.673919453474647,1.2392261,3.6555164
7.052350783594531,1.2284731129575586,3.874726865670969,1.2778352,3.5952067
7.062354118039346,1.091220649327668,3.6663562886305394,1.3163432,3.526411
7.072357452484161,1.5660326438204248,3.280456244875503,1.3544945,3.4498587
7.082360786928976,1.72894923217069,3.4832774586389865,1.3919932,3.3665478
7.092364121373791,1.5731660019496945,3.2588440177482427,1.4285307,3.2776666
7.102367455818605,1.427027622946262,3.1393391552842203,1.4638182,3.1844902
7.11237079026342,1.5494453001844606,3.2928779642285244,1.4976159,3.0882797
7.122374124708236,1.5484173021096153,2.854196159723052,1.5297633,2.990181
7.132377459153051,1.6743057018910767,3.033991159320006,1.5601909,2.891163
7.142380793597866,1.6772999725260642,2.9096790635741985,1.5889273,2.7919724
7.15238412804268,1.56593425873793,2.5581146857092154,1.6160853,2.6931436
7.162387462487495,1.502809233040755,2.3497755212838727,1.641852,2.5950031
7.17239079693231,1.6940211366529423,2.4786893598350197,1.6664516,2.4977365
7.182394131377125,1.616884801411943,1.9429184945892963,1.6901357,2.4013963
7.19239746582194,1.519144844111985,2.4488549249525997,1.7131463,2.305969
7.202400800266755,1.6288595411948197,2.229174496654765,1.7357012,2.211405
7.21240413471157,1.541213339809676,2.2856210793318743,1.7579719,2.1176634
7.222407469156385,1.748430915603885,2.0089132528350726,1.7800764,2.0247264
7.2324108036012,2.1380857950867784,2.089824044214051,1.8020672,1.9326297
7.242414138046015,1.7613954438130195,1.6721878562630204,1.8239343,1.841464
7.25241747249083,1.7757047360525269,1.738840259724714,1.8456076,1.7513808
7.262420806935644,1.8249250429946635,1.507141732001559,1.8669649,1.6625854
7.272424141380459,2.075999429693836,1.4567808895822707,1.8878436,1.5753196
7.282427475825274,2.2151551781623544,1.3983152454241978,1.9080566,1.4898368
7.29243081027009,2.1514311256431307,1.3520021275670118,1.9274043,1.4063967
7.302434144714905,2.0406470335302163,1.1063664631268144,1.9456935,1.3252221
7.312437479159719,1.779892403925836,1.2036561679535822,1.9627478,1.246493
7.322440813604534,2.0672067836594623,1.0633938509082452,1.9784199,1.1703354
7.332444148049349,1.736176570133926,0.7789993746881958,1.9925977,1.0968148
7.342447482494164,1.724550920692724,0.6466099320366798,2.0052066,1.0259479
7.352450816938979,1.9638334889252695,1.012252040257733,2.0162148,0.95769906
7.362454151383794,1.953520251626136,0.4391872496075399,2.0256274,0.8920034
7.372457485828609,1.9344019347059027,0.6915701637569515,2.0334845,0.82877773
7.382460820273424,2.2842891500409133,0.4381111519980597,2.0398571,0.76793146
7.392464154718239,1.91757916221296,0.8561575852953497,2.0448399,0.7093849
7.402467489163054,2.049415013389972,0.6312252562147017,2.048545,0.65306956
7.412470823607869,2.0043169264205454,0.5454539609070972,2.0511007,0.59893715
7.422474158052683,2.108482454245692,0.3264839015447535,2.052636,0.5469647
7.432477492497498,2.1277892480589498,0.1965258680154715,2.0532882,0.49713922
7.4424808269423135,2.04912935533174,0.3863867618103536,2.05319,0.4494651
7.452484161387129,1.910804426471321,0.3156967282365182,2.052467,0.40394902
7.462487495831944,1.9128480811053643,0.1201776141717142,2.0512376,0.36060053
7.472490830276758,1.9557997244429692,0.0793519951566811,2.049609,0.31941998
7.482494164721573,2.059531819176145,0.0385039254944593,2.0476744,0.28039992
7.492497499166388,2.11985809375082,0.001783126221554,2.0455174,0.24351723
7.502500833611203,1.929757857915808,0.0551490356510589,2.0432065,0.20873107
7.512504168056018,2.214822287782157,0.169972985248694,2.0407996,0.17598642
7.522507502500833,1.9853622367536403,0.1684925663147511,2.0383415,0.1452175
7.532510836945648,1.7018549670232024,0.0620473774201013,2.0358682,0.11633666
7.542514171390463,2.3181269994776854,0.0646947398049141,2.0334065,0.08925541
7.552517505835278,2.029021922534992,0.10479749890176,2.0309756,0.0638708
7.562520840280093,2.1532937282263926,-0.2979760313043506,2.028588,0.040085092
7.572524174724908,1.7665182043733636,0.0135063465225081,2.026251,0.01778914
7.582527509169722,1.9113589083167704,0.1602633435376047,2.0239692,-0.0031156987
7.592530843614537,1.9708585924054476,-0.3441170875711016,2.0217426,-0.022734568
7.602534178059352,1.8273097361225783,-0.4827494195157346,2.0195692,-0.04116039
7.612537512504168,1.981612853108404,-0.1139444578791025,2.0174468,-0.058482096
7.622540846948983,1.952133472339311,0.061671388994421,2.0153697,-0.07478647
7.632544181393797,2.1945116489424428,-0.1393306103137919,2.013333,-0.09014718
7.642547515838612,1.6933279592360315,-0.0339815913551698,2.0113316,-0.10463862
7.652550850283427,2.0955095396256307,-0.0922054297420619,2.009359,-0.118322
7.662554184728242,2.157983419884585,-0.324664729100091,2.0074098,-0.1312574
7.672557519173057,2.310520146933671,-0.3045121005681708,2.0054784,-0.14349519
7.682560853617872,2.119931739396533,-0.4237315531584686,2.0035594,-0.15508394
7.692564188062687,1.8662524659270316,0.0473795295850323,2.0016475,-0.16606347
7.702567522507502,1.964809476440025,-0.0629874244640946,1.9997383,-0.17647354
7.712570856952317,2.037554133206175,-0.2131099419435579,1.9978274,-0.18634723
7.722574191397132,2.2045742642147084,-0.2407809590584287,1.9959098,-0.19571649
7.732577525841947,1.7307962032869617,-0.3332421082401031,1.9939822,-0.20460813
7.742580860286761,2.0784238822430323,-0.1604873947345722,1.9920411,-0.21304683
7.752584194731576,1.758456096318038,-0.335130828284612,1.9900832,-0.2210568
7.762587529176391,1.903961248039005,-0.2875970439761946,1.988105,-0.22865908
7.772590863621207,1.7824752230181151,-0.3329834567928015,1.9861037,-0.23587434
7.782594198066022,1.8771548728255183,-0.1286247100559248,1.9840769,-0.24272023
7.792597532510836,2.105343269501727,-0.2715497154782364,1.9820206,-0.24921553
7.802600866955651,1.9226451335809869,-0.2337294286434524,1.9799348,-0.25537515
7.812604201400466,1.856391120179821,-0.4315183641093597,1.977816,-0.26121593
7.822607535845281,1.8352234823039804,-0.3592447421466998,1.975662,-0.26675135
7.832610870290096,1.799070496228233,-0.2440141057418777,1.973471,-0.27199757
7.842614204734911,2.080341966651328,-0.5104755549772182,1.9712405,-0.2769677
7.852617539179726,1.9719075305297176,-0.3092920146021866,1.9689707,-0.28167355
7.862620873624541,2.0165809962840684,-0.2819510532443261,1.9666586,-0.28612924
7.872624208069356,1.744496216397634,-0.4729087329304918,1.964302,-0.2903456
7.882627542514171,1.964097380464702,-0.1326155599546367,1.961901,-0.29433572
7.892630876958986,1.624670946875562,-0.2383069008015465,1.959453,-0.2981096
7.9026342114038,2.1323261631464345,-0.316212088060026,1.9569577,-0.30167866
7.912637545848615,2.033466751589606,-0.4016780782194436,1.9544139,-0.305054
7.9226408802934305,1.9300557455765115,-0.5421892681165834,1.9518195,-0.30824435
7.932644214738246,1.593305314220759,-0.1603544961687664,1.9491748,-0.31125957
7.942647549183061,1.7941765712008244,-0.3727056202837422,1.9464782,-0.31410968
7.952650883627875,1.7309023400765438,-0.5183760395119767,1.9437295,-0.31680208
7.96265421807269,1.909710736407588,-0.418725241793595,1.9409264,-0.3193468
7.972657552517505,1.989375552782381,-0.2437265539651952,1.9380702,-0.3217519
7.98266088696232,1.9776775875036317,-0.278052827869297,1.9351598,-0.3240235
7.992664221407135,2.163063236924652,-0.4761407797969422,1.9321942,-0.32617038
8.00266755585195,1.91498414723444,-0.1481860728419664,1.9291734,-0.32819843
8.012670890296764,2.109711076931704,-0.5333766762973313,1.9260968,-0.33011585
8.02267422474158,1.869962701914999,-0.1183567495705003,1.9229647,-0.33192885
8.032677559186395,1.9897947825661493,-0.2946936595810892,1.9197768,-0.33364278
8.04268089363121,1.877678873952913,-0.3834118446626862,1.9165329,-0.3352641
8.052684228076025,1.950295595164154,-0.3655114889685247,1.9132335,-0.33679765
8.06268756252084,1.897389890385824,-0.3176372455424452,1.9098792,-0.3382491
8.072690896965655,1.798762856533294,-0.251339421785101,1.906469,-0.3396235
8.08269423141047,2.334290368244772,-0.5994009021570585,1.903004,-0.3409258
8.092697565855284,1.9424190426760275,-0.4485399659825176,1.8994848,-0.34215993
8.1027009003001,1.97707467310229,-0.3291529714632712,1.8959117,-0.34333062
8.112704234744914,2.001373472333569,-0.1614044236437066,1.8922862,-0.34444183
8.122707569189728,1.912573455427524,-0.1694871061868864,1.8886075,-0.345497
8.132710903634544,1.5286649079600183,-0.102264368791669,1.8848786,-0.34650046
8.142714238079359,1.93315269925,-0.1806676611211174,1.8810979,-0.34745562
8.152717572524175,1.6904804832826843,-0.4684482062170154,1.8772689,-0.3483652
8.162720906968989,1.8919059422037117,-0.3478554561184281,1.8733912,-0.34923273
8.172724241413803,1.909013920804529,-0.1840698765699975,1.8694658,-0.3500613
8.18272757585862,1.598294294686477,-0.2021037964385278,1.8654948,-0.35085386
8.192730910303434,1.8608288026144448,-0.3801573298342841,1.8614799,-0.3516131
8.20273424474825,1.6354140562562405,-0.2755317485923359,1.8574218,-0.35234106
8.212737579193064,1.4904458230935462,-0.2551162270340884,1.8533221,-0.35304087
8.222740913637878,1.6252127981813838,-0.3457318396030915,1.8491825,-0.35371423
8.232744248082694,1.8276062099483232,-0.1796855155422974,1.8450044,-0.3543635
8.242747582527508,1.8151224838950537,-0.4605948010168502,1.8407902,-0.35499203
8.252750916972323,1.7623561090611783,-0.1668929627545187,1.8365417,-0.3555997
8.262754251417139,1.9152035089017116,-0.4170162917221933,1.8322604,-0.3561896
8.272757585861953,1.7956913082957695,-0.5955912621430457,1.8279485,-0.35676396
8.282760920306767,1.8858157252146035,-0.625827838081834,1.8236076,-0.3573243
8.292764254751583,1.9366875162297628,-0.3439020924246574,1.8192393,-0.35787237
8.302767589196398,2.178321132456273,-0.5295543093907046,1.814847,-0.35840946
8.312770923641214,1.8012261335564934,-0.0961285842850861,1.8104309,-0.35893798
8.322774258086028,1.9916677157958504,-0.4716410004594392,1.8059953,-0.3594579
8.332777592530842,1.842874911075265,-0.3682469990736873,1.8015407,-0.3599726
8.342780926975658,1.8478803725633863,-0.4746874947264421,1.7970697,-0.3604824
8.352784261420473,1.788482757652355,-0.6109331840144637,1.7925853,-0.36098897
8.362787595865289,1.8184297501692788,-0.3050640454851123,1.7880877,-0.36149424
8.372790930310103,1.7603152796726316,-0.6161690621799639,1.7835814,-0.36199832
8.382794264754917,1.9389614285057064,-0.3205799554003677,1.7790657,-0.36250353
8.392797599199733,1.6780192911002494,-0.4186995922974971,1.7745459,-0.36301094
8.402800933644547,1.5580474493841123,-0.5317759156862204,1.7700223,-0.36352158
8.412804268089362,1.6986888048222697,-0.1950607225678166,1.7654967,-0.36403638
8.422807602534178,1.6796339309654431,-0.2846563337682148,1.760972,-0.3645575
8.432810936978992,1.6909971681200682,-0.3448663850471661,1.7564498,-0.36508483
8.442814271423806,1.746706595946169,-0.2524762659580474,1.7519323,-0.3656209
8.452817605868622,1.6838516420206928,-0.620696826756311,1.7474209,-0.3661666
8.462820940313437,1.5529244406615168,-0.4659891334732174,1.7429181,-0.3667218
8.472824274758253,1.568987213223262,-0.3260731985100208,1.7384249,-0.3672892
8.482827609203067,1.6825962854809005,-0.0328195598623637,1.7339438,-0.36786962
8.492830943647881,1.48790543468876,-0.359879629915912,1.7294761,-0.36846334
8.502834278092697,1.5754565183475475,-0.4658578619724878,1.7250241,-0.3690716
8.512837612537512,1.761934894112108,-0.7420858723180718,1.7205883,-0.36969644
8.522840946982328,1.7723039617095595,-0.1092864581967927,1.7161701,-0.37033862
8.532844281427142,1.6648078542381723,-0.3572041662047518,1.7117717,-0.37099862
8.542847615871956,1.8825908027251608,-0.4222319362690027,1.7073941,-0.3716784
8.552850950316772,1.637722773799241,-0.7404741754868668,1.7030379,-0.37237865
8.562854284761586,1.8170148728294209,-0.4175754491059438,1.6987046,-0.37310088
8.5728576192064,1.5649482628905664,-0.3831092489649124,1.6943954,-0.37384564
8.582860953651217,1.6252683762726234,-0.4828737584209198,1.6901108,-0.37461406
8.592864288096031,1.7997186039594346,-0.6058912134888921,1.6858515,-0.37540853
8.602867622540845,1.8618115311571928,-0.6163241276446516,1.681618,-0.37622887
8.612870956985661,1.6012330344078012,-0.1197803665210008,1.6774119,-0.3770768
8.622874291430476,1.865649959153843,-0.3951467682394683,1.6732326,-0.3779533
8.632877625875292,1.5513594851814636,-0.4907566433318919,1.6690816,-0.37886047
8.642880960320106,1.699306187482015,-0.4073293266379361,1.6649574,-0.37979788
8.65288429476492,1.670543657318343,-0.4191886966992598,1.6608616,-0.38076836
8.662887629209736,1.6478608964661876,-0.6324810454925796,1.6567937,-0.3817718
8.67289096365455,1.598366795979129,-0.2806258671365428,1.652754,-0.38281077
8.682894298099367,1.4664027963222688,-0.4479032871868159,1.6487414,-0.3838861
8.692897632544181,1.544482578129041,-0.4044335505456955,1.6447573,-0.38499886
8.702900966988995,1.6049265056989512,-0.2012093166710632,1.6407994,-0.38615006
8.712904301433811,1.734967748931782,-0.6212876209317466,1.6368679,-0.38734198
8.722907635878625,1.755406129143784,-0.5424306671015686,1.6329635,-0.38857543
8.73291097032344,1.5638968555909134,-0.3808931794950791,1.6290835,-0.38985133
8.742914304768256,1.57239118069314,-0.2957886470054442,1.6252284,-0.3911721
8.75291763921307,1.5256662239209102,-0.5243282777606985,1.6213969,-0.39253908
8.762920973657884,1.5390588469508033,-0.5181201199396949,1.6175878,-0.39395213
8.7729243081027,1.7980471142086936,-0.3407620663161068,1.6137998,-0.3954147
8.782927642547515,1.8852958621676617,-0.0967617283006311,1.6100324,-0.39692634
8.79293097699233,1.4698144195174423,-0.4281924437102909,1.606284,-0.39849085
8.802934311437145,1.4435912703794822,-0.5572637243702872,1.6025532,-0.40010732
8.81293764588196,1.5210897370276226,-0.601084623820507,1.5988381,-0.40177822
8.822940980326775,1.4533810767553306,-0.4660641122202938,1.5951382,-0.40350556
8.83294431477159,1.4241995163221306,-0.3200344532620428,1.5914508,-0.40529048
8.842947649216406,1.4645682084739389,-0.026872649493233,1.587774,-0.40713435
8.85295098366122,1.5300281639343172,-0.439482783555796,1.5841072,-0.409038
8.862954318106034,1.398919655275738,-0.1963725222360712,1.5804472,-0.41100436
8.87295765255085,1.756611114214186,-0.4097736705878658,1.5767925,-0.41303372
8.882960986995664,1.3821107481324055,-0.4247601853083143,1.5731409,-0.41512775
8.892964321440479,1.4113412850547369,-0.2390809886743022,1.569491,-0.41728806
8.902967655885295,1.6963394028594472,-0.4462178775833914,1.5658386,-0.41951698
8.912970990330109,1.2048872733173148,-0.6101714812624266,1.5621839,-0.42181426
8.922974324774923,1.668870132367625,-0.2828782833101803,1.5585225,-0.42418236
8.93297765921974,1.7274224082953389,-0.7057914505997586,1.5548526,-0.4266221
8.942980993664554,1.6015991071971944,-0.316868304206992,1.5511719,-0.42913526
8.95298432810937,1.302913310659605,-0.472615289792971,1.5474776,-0.43172276
8.962987662554184,1.5880151508597808,-0.5188067851233269,1.5437664,-0.4343859
8.972990996998998,1.2643671138105947,-0.524838281168056,1.5400361,-0.43712616
8.982994331443814,1.488325320595142,-0.5005154017402182,1.5362839,-0.4399438
8.992997665888629,1.4481069854711446,-0.5471073799141972,1.532507,-0.44284058
9.003001000333445,1.5218548138756465,-0.4166689553892502,1.5287023,-0.44581717
9.01300433477826,1.4773059557045152,-0.546897185340844,1.5248662,-0.4488737
9.023007669223071,1.5319581034291547,-0.7760315866119228,1.5209969,-0.452012
9.03301100366789,1.5847707571945508,-0.4904552101154714,1.5170897,-0.4552319
9.043014338112703,1.5142551121092798,-0.3487698914303909,1.5131427,-0.45853412
9.053017672557518,1.2104390874576405,-0.7914977058393181,1.5091522,-0.46192002
9.063021007002334,1.5394666932103696,-0.4990665922937306,1.5051149,-0.4653883
9.073024341447148,1.5189313422237556,-0.5699289734815087,1.5010267,-0.46893954
9.083027675891962,1.5880401329035276,-0.3633599056389719,1.496886,-0.47257316
9.093031010336778,1.5559399078944365,-0.5450613581541929,1.4926878,-0.47629005
9.103034344781593,1.1621174355463293,-0.3932691221801827,1.4884293,-0.48008937
9.113037679226409,1.6564308107203962,-0.4147249350687551,1.4841071,-0.48396987
9.123041013671225,1.3360977828731235,-0.4131309371265698,1.4797171,-0.48793155
9.133044348116035,1.5919677828517818,-0.2832068940279197,1.475258,-0.49197298
9.143047682560852,1.3262871281079702,-0.5538651730314639,1.4707229,-0.49609286
9.153051017005668,1.5645803843388904,-0.5141921348769903,1.4661111,-0.5002896
9.163054351450484,1.279646618079682,-0.4635574596716482,1.4614178,-0.5045621
9.173057685895298,1.5287708704510794,-0.515542377322643,1.4566398,-0.5089089
9.183061020340112,1.4696034327903873,-0.570577077706405,1.4517742,-0.51332635
9.193064354784928,1.653069289951535,-0.6699589698997817,1.4468174,-0.51781315
9.203067689229742,1.3378586244526829,-0.5363409116639182,1.441765,-0.5223667
9.213071023674557,1.5523964835561466,-0.7657781174948767,1.4366152,-0.5269849
9.223074358119373,1.2185726486208357,-0.8500648720665851,1.4313647,-0.5316631
9.233077692564189,1.4145521296213908,-0.7154352999755192,1.4260093,-0.5363998
9.243081027009,1.3464626510757929,-0.4518173181097685,1.4205478,-0.5411908
9.253084361453816,1.30237742415968,-0.5197176434640816,1.4149753,-0.54603356
9.263087695898632,1.3481378317447326,-0.4570305575724007,1.4092917,-0.5509233
9.273091030343448,1.458703084572032,-0.6651280347236026,1.4034921,-0.5558571
9.283094364788262,1.356496760976255,-0.4083200066430895,1.3975762,-0.5608301
9.293097699233076,1.4351265910392663,-0.7780234477786375,1.3915409,-0.56584024
9.303101033677892,1.4687527592562026,-0.7348233515990026,1.3853854,-0.5708822
9.313104368122708,1.5765409913066772,-0.4222255403934473,1.3791069,-0.5759532
9.323107702567524,1.4023643341951673,-0.5560211129481835,1.3727065,-0.5810477
9.333111037012335,1.3217071397931828,-0.4816513439690357,1.366181,-0.58616376
9.343114371457151,1.2915881557170303,-0.5519778198072394,1.3595315,-0.5912969
9.353117705901967,1.4720998027785968,-0.6755284377762405,1.3527575,-0.5964445
9.36312104034678,1.2429467653898465,-0.7744186351553807,1.3458601,-0.60160226
9.373124374791596,1.1697314252008533,-0.8735931595764157,1.3388399,-0.60676855
9.383127709236412,1.432863290589112,-0.3321319996583587,1.3316976,-0.61193997
9.393131043681226,1.5311342375241204,-0.8515840991792751,1.3244368,-0.61711544
9.40313437812604,1.4199675954396875,-0.3986263868459617,1.317058,-0.6222929
9.413137712570856,1.2365802295421278,-0.6010666316754938,1.3095659,-0.627471
9.42314104701567,0.9977371645529748,-0.5806871296828509,1.3019626,-0.6326496
9.433144381460489,1.133162824205373,-0.5952405038692389,1.2942537,-0.6378298
9.4431477159053,1.0522474470393877,-0.5483216922575486,1.2864418,-0.64301074
9.453151050350115,1.4337904751251616,-0.7518707001065187,1.2785339,-0.64819443
9.463154384794931,1.1032145801573885,-0.9625213387727604,1.2705351,-0.6533836
9.473157719239746,1.2273831263698836,-0.7311643249925148,1.2624506,-0.65857935
9.483161053684562,1.0282362917576118,-0.5808653723043797,1.2542896,-0.66378564
9.493164388129376,1.1868885859592746,-0.8151596196356679,1.2460555,-0.6690072
9.50316772257419,1.1646431210285773,-0.4981752482435911,1.2377588,-0.6742476
9.513171057019006,1.3316632396081411,-0.6835398619020567,1.229406,-0.67951345
9.52317439146382,1.3274299950693569,-0.8434338304971659,1.2210051,-0.6848097
9.533177725908637,1.2327080523200182,-0.6525586562371032,1.2125642,-0.69014263
9.54318106035345,1.150611001098051,-0.6148000154617504,1.2040925,-0.6955196
9.553184394798263,1.0971999112046444,-0.6092122010978258,1.195596,-0.7009479
9.56318772924308,1.2901655476639975,-1.1289336854543968,1.1870855,-0.70643467
9.573191063687895,1.3789965511583282,-1.1542899954520782,1.1785669,-0.7119886
9.58319439813271,1.101048249342386,-0.5492425637844826,1.1700509,-0.7176176
9.593197732577526,1.138807200482379,-0.9289898985270312,1.1615416,-0.7233298
9.60320106702234,1.015222681383589,-0.5611643516101504,1.1530489,-0.72913414
9.613204401467154,0.8838777164539879,-0.5521142304163917,1.1445792,-0.73503804
9.62320773591197,1.1565940313694223,-0.9067129193868356,1.136137,-0.7410516
9.633211070356785,1.0700824731560674,-0.8869596933832319,1.12773,-0.7471828
9.6432144048016,1.2801069543061008,-0.6311697303931306,1.1193614,-0.75344014
9.653217739246417,0.8848540835078299,-0.8083698388452946,1.111037,-0.7598313
9.66322107369123,1.0057356817434842,-0.5607448101307089,1.1027586,-0.76636654
9.673224408136043,0.9251126698559258,-0.5212243779274774,1.0945314,-0.7730525
9.68322774258086,1.1149745650028835,-0.9433875687161624,1.0863544,-0.77989763
9.693231077025674,1.010644593484226,-0.896734279125453,1.0782305,-0.7869098
9.70323441147049,0.913234059684022,-0.7698210888714929,1.0701591,-0.79409695
9.713237745915304,0.9123531589967134,-1.1188176552040758,1.0621394,-0.8014682
9.723241080360118,1.0316236562906815,-1.0700771055552716,1.0541717,-0.8090293
9.733244414804934,0.9677049587403286,-0.9440728958386873,1.046251,-0.81678975
9.743247749249749,0.9417183019281185,-0.5157991893649121,1.0383765,-0.8247574
9.753251083694565,1.0726500403937842,-0.7875562554762521,1.0305419,-0.8329392
9.76325441813938,0.7894304013360247,-0.9310614270511742,1.0227453,-0.8413446
9.773257752584191,1.0797998797301047,-0.9954429630956444,1.014978,-0.84998125
9.78326108702901,1.1752389733223918,-1.0311613064087832,1.0072359,-0.85885847
9.793264421473824,0.9875086052188572,-0.9478592675595756,0.9995107,-0.867985
9.80326775591864,1.0464526877237852,-0.9654263167425516,0.99179596,-0.8773697
9.813271090363454,0.9724168315754474,-0.9143853394039116,0.9840819,-0.8870236
9.823274424808268,0.8940423336584981,-0.8160317374421052,0.97636,-0.8969549
9.833277759253084,1.0310097931672086,-0.9121401943489889,0.9686207,-0.90717655
9.843281093697898,0.9216332998937772,-0.7896464791745341,0.960854,-0.91769844
9.853284428142713,0.9416749268852608,-0.965645841271322,0.95304924,-0.9285312
9.863287762587529,0.9834970813555238,-0.6759051631801782,0.94519454,-0.9396879
9.873291097032345,0.7573771288555162,-0.8259109609485714,0.9372788,-0.9511804
9.883294431477156,0.6649811796272325,-0.9200531794176549,0.9292889,-0.9630241
9.893297765921972,1.1756308137852791,-0.8908715131773008,0.92121357,-0.97523016
9.903301100366788,0.9552565904827046,-1.0600480962593262,0.9130383,-0.987814
9.913304434811604,0.924494761454589,-1.0258888630104048,0.90475124,-1.0007892
9.923307769256418,0.7919938161331337,-1.0439584340531742,0.8963371,-1.0141728
9.933311103701232,0.929575089505538,-1.1282655652439275,0.8877837,-1.0279785
9.943314438146048,0.7686752906751422,-1.2302434422931274,0.8790756,-1.0422232
9.953317772590864,0.9378949137104206,-0.9577604840919196,0.870199,-1.0569235
9.96332110703568,0.9035695267252876,-0.9084740581660956,0.86113805,-1.0720947
9.973324441480491,0.8713972160837382,-1.0084881193556063,0.8518799,-1.087755
9.983327775925307,0.893048060048876,-1.0954215875237547,0.8424091,-1.1039193
9.993331110370123,0.7569596172709896,-0.764340811554989,0.8327107,-1.1206065
10.003334444814936,0.7577519130060744,-1.2115027427913982,0.822771,-1.1378311
10.013337779259752,0.8794549280477205,-1.0893969074679557,0.81257373,-1.1556126
10.023341113704568,0.5922866950782615,-0.9747366255362432,0.8021063,-1.1739638
10.033344448149382,0.7773669930864535,-1.3261637114897795,0.7913527,-1.1929044
10.043347782594196,0.9581388787723336,-1.0824942340188364,0.78030175,-1.2124463
10.053351117039012,0.5782947749444813,-0.9270393251987564,0.7689375,-1.2326075
10.063354451483828,0.8547754700676876,-1.2128811991806294,0.75724953,-1.253399
10.073357785928645,0.9822885540073056,-1.205670554502079,0.7452225,-1.2748376
10.083361120373455,0.7271581650865192,-1.3473170202074474,0.7328473,-1.2969335
10.093364454818271,0.8060729070797756,-1.1959969800968309,0.7201144,-1.3196952
10.103367789263087,0.7082265446940557,-1.405725113834081,0.7070103,-1.3431388
10.113371123707902,0.712542147354579,-1.317977069175473,0.69353026,-1.3672665
10.123374458152718,0.4798529744727611,-1.5491159617250672,0.67966217,-1.3920921
10.133377792597532,0.7512560834788049,-1.740037763644812,0.6654027,-1.4176155
10.143381127042346,0.6836851544293567,-1.4434680848712498,0.65074295,-1.4438479
10.153384461487162,0.8352765017756083,-1.4683851930059342,0.63568157,-1.4707875
10.163387795931976,0.7238972563928301,-1.477137492317704,0.62021273,-1.4984393
10.17339113037679,0.6277347297097892,-1.3309547738665697,0.6043374,-1.5268005
10.183394464821609,0.5267432406029195,-1.3165398752024695,0.5880509,-1.5558759
10.19339779926642,0.4322755060409075,-1.4470590573208726,0.5713574,-1.5856582
10.203401133711235,0.7046723722735668,-1.4181686320007678,0.5542552,-1.616151
10.213404468156051,0.8384249960552371,-1.658337566778336,0.53674823,-1.6473476
10.223407802600866,0.3284961889660929,-1.7203606056544765,0.51884216,-1.6792427
10.233411137045682,0.618566421445992,-1.5246723119905652,0.5005376,-1.7118388
10.243414471490496,0.5186836783611483,-1.7967373208942112,0.48184294,-1.7451257
10.25341780593531,0.6019264842468242,-1.8417363166413248,0.46276158,-1.7791055
10.263421140380126,0.643988340293796,-1.2599770948067228,0.44330186,-1.8137724
10.27342447482494,0.5080534726875037,-1.6325362851091587,0.42346627,-1.8491298
10.283427809269757,0.3617790506700875,-2.0238138771028416,0.40326637,-1.885172
10.293431143714573,0.3275964260992079,-1.949387972622106,0.38270324,-1.9219073
10.303434478159383,0.1829156888410897,-1.561187014772406,0.36178726,-1.9593301
10.3134378126042,0.4225150081557919,-1.7976141490805069,0.34052008,-1.9974537
10.323441147049015,0.3165005742300524,-1.916481343922851,0.31891352,-2.036273
10.33344448149383,0.4884567789787647,-1.9322258237940624,0.29696733,-2.0758035
10.343447815938646,0.4039406435858705,-1.994445703836689,0.27469057,-2.116044
10.35345115038346,0.2532019456471484,-2.214667357143179,0.25209254,-2.1569939
10.363454484828274,-0.0123386596413427,-2.0824249528326324,0.22917502,-2.1986623
10.37345781927309,0.2721927844148454,-2.2766955140474674,0.20595364,-2.2410352
10.383461153717905,0.2375233809884705,-2.1173627647495152,0.18243448,-2.284111
10.39346448816272,-0.1021617996145629,-2.305437433873104,0.15863542,-2.3278632
10.403467822607537,0.2604296699423437,-2.153965352716593,0.13457124,-2.3722694
10.41347115705235,0.0039335830777659,-2.23323337049091,0.11026637,-2.4172814
10.423474491497164,0.30752356751347,-2.1865354372836348,0.08574395,-2.4628515
10.43347782594198,0.116569808209798,-2.420496167703005,0.061039373,-2.5089014
10.443481160386796,0.0126740488267727,-2.328415529742827,0.03618519,-2.5553536
10.45348449483161,0.1120582610246899,-2.353519761056671,0.01122503,-2.6021004
10.463487829276424,0.0777863470745607,-2.375468124963324,-0.013799384,-2.649038
10.47349116372124,0.0468949221124809,-2.431889409840632,-0.03883989,-2.6960356
10.483494498166054,0.137511594744974,-2.722476260209214,-0.063846186,-2.7429593
10.493497832610869,-0.2906759854944633,-2.42329908984515,-0.08877547,-2.7896829
10.503501167055685,-0.0078281634026109,-2.965759265804788,-0.11358078,-2.8360658
10.5135045015005,-0.1808071488294874,-2.6472123690414526,-0.13822873,-2.881994
10.523507835945312,-0.1436315542284439,-2.8947495339351152,-0.16268714,-2.9273481
10.53351117039013,0.0799647151359489,-3.030405537417032,-0.1869436,-2.9720466
10.543514504834944,-0.2789222835164965,-2.8972773854823184,-0.21099241,-3.0160148
10.55351783927976,-0.1302086677094971,-2.9103727013203557,-0.23484762,-3.059218
10.563521173724574,-0.0822157479338911,-3.0108969841647237,-0.25853688,-3.1016386
10.573524508169388,-0.1761656156158896,-3.135290271652968,-0.28211123,-3.1433034
10.583527842614204,-0.2713869804258353,-3.135703760577266,-0.30563575,-3.1842558
10.59353117705902,-0.2802911330750346,-3.090901986283793,-0.32919127,-3.2245677
10.603534511503836,-0.2615918548222647,-3.2544374585117364,-0.3528822,-3.264341
10.613537845948647,-0.4990815802815591,-3.304348021153796,-0.37681967,-3.3036845
10.623541180393463,-0.4153021206753632,-3.337885241917681,-0.40113455,-3.342726
10.63354451483828,-0.1140411730416851,-3.496510402544353,-0.4259537,-3.3815768
10.643547849283092,-0.4161259235701002,-3.3073471385598303,-0.45141703,-3.4203517
10.653551183727908,-0.4997287551144462,-3.1650198250688155,-0.47765273,-3.4591231
10.663554518172724,-0.6065753492879722,-3.513094983117088,-0.50478417,-3.4979322
10.673557852617538,-0.7055794034956273,-3.657922465225468,-0.532908,-3.5367494
10.683561187062352,-0.5847222002743125,-3.5187748213215277,-0.5621069,-3.5754845
10.693564521507168,-0.6108804120233444,-3.494014524972685,-0.59241706,-3.613939
10.703567855951984,-0.7100122960900712,-3.7661220448223434,-0.6238511,-3.6518283
10.7135711903968,-0.3274929752031483,-3.6864745539593415,-0.6563714,-3.688742
10.723574524841611,-0.8785944222217342,-3.874632043094967,-0.6899012,-3.724158
10.733577859286427,-0.9498696220650598,-3.650154298921972,-0.7243369,-3.7574584
10.743581193731243,-0.9010874176828294,-3.786669291973289,-0.75953513,-3.7879126
10.753584528176058,-0.8940397673317585,-3.705917978458591,-0.79534835,-3.8147318
10.763587862620874,-1.0496768457981926,-3.981353238544269,-0.83161193,-3.8370697
10.773591197065688,-0.9271891549770632,-3.7285552893847016,-0.8681844,-3.8540785
10.783594531510502,-0.9490847674523418,-3.9329297957738585,-0.9049259,-3.8649232
10.793597865955318,-0.9353786468028348,-3.90988442151505,-0.9417426,-3.8688385
10.803601200400132,-1.1531163355118703,-3.920548759301751,-0.97855276,-3.8651524
10.813604534844949,-0.917382831270321,-3.658351446573067,-1.0153168,-3.8533242
10.823607869289765,-1.0592029336844464,-3.534377694080414,-1.0520014,-3.832977
10.833611203734575,-0.7651096140377012,-3.939576804664,-1.0885965,-3.8039134
10.843614538179391,-1.3344116079646176,-3.7309700422508576,-1.1250814,-3.766143
10.853617872624207,-1.3874505561035992,-3.749153908964618,-1.1614224,-3.7198849
10.863621207069022,-1.3404017111305877,-3.712631402409984,-1.197569,-3.6655457
10.873624541513838,-1.2802044755739623,-3.458725606303202,-1.2334396,-3.6037283
10.883627875958652,-1.2926284930702585,-3.3209532549507963,-1.2689329,-3.5351465
10.893631210403466,-1.3079173037261762,-3.378609141670029,-1.303922,-3.4606261
10.903634544848282,-1.1129990227283288,-3.2081102390737213,-1.3382818,-3.3809988
10.913637879293097,-1.7425190120148175,-3.3098501810797107,-1.3718845,-3.297077
10.923641213737913,-1.7553317969082316,-3.069015588740024,-1.4046305,-3.2095628
10.933644548182729,-1.5427360004849742,-3.050277160525519,-1.4364401,-3.1190555
10.94364788262754,-1.252102339318508,-2.802722727528201,-1.4672792,-3.0259798
10.953651217072355,-1.473141880964696,-2.926842399583393,-1.4971397,-2.930649
10.963654551517171,-1.75925907294256,-2.6812324327557064,-1.5260545,-2.8332305
10.973657885961986,-1.6097620994053168,-2.8626500995546253,-1.5540701,-2.7338517
10.983661220406802,-1.6880638005645945,-2.4778497103665065,-1.5812436,-2.6326268
10.993664554851616,-1.7175608797194066,-2.496473383846993,-1.6076355,-2.529684
11.00366788929643,-1.789446972683858,-2.294696494200847,-1.6332808,-2.425286
11.013671223741246,-1.7170773837483324,-2.0708127816504724,-1.6582032,-2.3197787
11.02367455818606,-1.589701034954393,-2.099182572494873,-1.6823857,-2.213689
11.033677892630877,-1.8403390618293984,-1.883501092939926,-1.7057967,-2.1076226
11.043681227075693,-1.699335668402279,-1.909515081682411,-1.7283713,-2.0023158
11.053684561520503,-1.6904210995704103,-1.594307002251142,-1.750039,-1.8985049
11.06368789596532,-1.632229960014471,-1.3734996030838438,-1.7707192,-1.7969449
11.073691230410136,-1.9719512212375208,-1.5398392908650875,-1.7903417,-1.6982843
11.083694564854952,-1.855327863313455,-1.4615261504339605,-1.8088453,-1.6030821
11.093697899299766,-1.9684901215066533,-1.5783080440946418,-1.8261864,-1.5117518
11.10370123374458,-1.8703597990438323,-1.3837172460562237,-1.8423496,-1.4245306
11.113704568189396,-1.883643056782552,-1.305209290668235,-1.8573307,-1.3415391
11.12370790263421,-2.0729643856787505,-1.07194650884726,-1.8711497,-1.2627388
11.133711237079025,-1.8960811546048155,-0.9442574869229026,-1.8838371,-1.1880155
11.14371457152384,-1.600802949410797,-0.916670975471226,-1.8954357,-1.1171556
11.153717905968657,-1.8651716698560552,-1.0500486698874465,-1.9059898,-1.0499173
11.16372124041347,-2.1395383930665277,-0.58414815534699,-1.9155492,-0.9860141
11.173724574858284,-2.092937862171158,-0.914296168288925,-1.9241604,-0.9251796
11.1837279093031,-1.967567705142912,-0.7102983886501343,-1.9318689,-0.8671298
11.193731243747916,-2.103766968612804,-0.6844658163342471,-1.9387144,-0.81162477
11.20373457819273,-1.7901014377766755,-0.7044001269546902,-1.9447354,-0.758427
11.213737912637544,-2.1891313939973407,-0.3896631006968466,-1.9499651,-0.707342
11.22374124708236,-1.9112916025215712,-0.5743829155810236,-1.954434,-0.65819836
11.233744581527176,-2.227026393527058,-0.5458788928725962,-1.9581729,-0.61083966
11.24374791597199,-2.0020082068942378,-0.2147607524100174,-1.9612094,-0.56514776
11.253751250416803,-2.152953173819356,-0.3601735089297073,-1.9635738,-0.52101165
11.26375458486162,-1.899445511153072,-0.6649325010885707,-1.9652961,-0.47835195
11.273757919306435,-1.8485141970472667,-0.4476181535281119,-1.9664072,-0.43709534
11.28376125375125,-1.9562865959617608,-0.1979091923150337,-1.9669422,-0.39719123
11.293764588196064,-1.845565673596292,-0.1189719227581783,-1.9669365,-0.35859382
11.30376792264088,-2.366702722012389,-0.287942803593171,-1.966431,-0.32127947
11.313771257085694,-1.9909340129287267,-0.1698939341636827,-1.9654666,-0.2852211
11.323774591530508,-1.9412928068719784,0.0056225291637835,-1.9640874,-0.25041467
11.333777925975324,-1.9226658151126643,-0.1186860159288882,-1.962339,-0.21684884
11.34378126042014,-2.2916278160373245,-0.1301709880283177,-1.9602674,-0.18452929
11.353784594864957,-1.952724743803496,-0.2021790480837516,-1.9579197,-0.15346287
11.363787929309767,-1.9207644333363456,0.1195047748155741,-1.9553431,-0.12365137
11.373791263754583,-1.9964876897275807,-0.4557650652666694,-1.9525825,-0.09510873
11.3837945981994,-2.2070924206949805,0.3060597718725214,-1.9496814,-0.067836866
11.393797932644214,-2.097033001469112,-0.2563148372651226,-1.9466814,-0.04184465
11.40380126708903,-1.8292620049166364,0.0604008743349433,-1.943621,-0.017130181
11.413804601533844,-1.8481397922005711,0.1160152049731944,-1.9405354,0.0063057095
11.423807935978658,-1.9442745535783836,0.1440444366119854,-1.937455,0.028475478
11.433811270423474,-1.9074678822830529,0.445437766089782,-1.9344093,0.04938908
11.443814604868288,-1.8653356386816144,-0.1198368872096794,-1.931419,0.06907193
11.453817939313105,-1.9427530312160943,0.301036296058328,-1.9285063,0.08754511
11.46382127375792,-1.8279901948846649,0.0776797934448487,-1.925686,0.10483958
11.473824608202731,-1.8321809968770375,0.2919894161172692,-1.9229707,0.12099458
11.483827942647547,-1.6194633128529927,0.0508295663476084,-1.9203697,0.13604791
11.493831277092363,-2.07976654708647,0.127299230099602,-1.9178888,0.15004714
11.503834611537178,-2.075408657388389,0.0490260946997402,-1.9155325,0.16303511
11.513837945981994,-2.414404675573187,0.1260987689066172,-1.9133013,0.17506541
11.523841280426808,-1.9426423187569732,0.125592897302844,-1.9111949,0.18618579
11.533844614871622,-1.7057014379013216,0.2093868044848864,-1.909211,0.19644989
11.543847949316438,-1.800241725191026,0.2539614347077841,-1.9073457,0.20590849
11.553851283761253,-1.8677520421123817,0.2635968930703261,-1.9055952,0.21461274
11.563854618206069,-1.7841459216852047,0.2366849807105951,-1.903953,0.22261281
11.573857952650885,-1.912732502761084,0.2894701998660896,-1.9024137,0.22995932
11.583861287095695,-2.0280199233338703,0.3011573339493494,-1.9009706,0.23669793
11.593864621540511,-1.6471880647624868,0.2054237635429193,-1.8996173,0.24287273
11.603867955985327,-1.916940374371676,0.4399263730225592,-1.8983468,0.24852999
11.613871290430142,-1.806284150181737,0.2580147062505672,-1.8971525,0.25370896
11.623874624874958,-2.3322430368857976,0.3384997146768516,-1.8960277,0.2584486
11.633877959319772,-2.305021551921346,0.4859783738583628,-1.894965,0.26278514
11.643881293764586,-1.9440005539661265,0.4197052190940246,-1.8939589,0.2667532
11.653884628209402,-2.1020174237785603,0.0409327986239857,-1.8930022,0.27038437
11.663887962654217,-1.924826877575976,0.2726265973358189,-1.89209,0.27370852
11.673891297099033,-2.0348727816492067,0.2940420694921357,-1.8912157,0.2767521
11.683894631543849,-1.543192323268154,0.4100284905650422,-1.8903741,0.27954197
11.69389796598866,-1.798015388588755,0.4147907035198734,-1.8895599,0.2821005
11.703901300433476,-1.7306216322408217,0.2628956366945441,-1.8887681,0.28445005
11.713904634878292,-2.2578255430635816,0.2661903736683482,-1.8879939,0.28661078
11.723907969323108,-1.8248919451418208,0.151953148649617,-1.8872327,0.28860056
11.733911303767922,-1.970119637393891,0.1964825918144162,-1.8864802,0.29043734
11.743914638212736,-1.7153451962588204,0.415378118106882,-1.8857323,0.29213446
11.753917972657552,-1.8398766145451195,0.3988044920021877,-1.8849846,0.29370886
11.763921307102366,-1.9401273726492068,0.3377020462728508,-1.8842338,0.29517156
11.77392464154718,-2.109224952386391,-0.0174876281323389,-1.8834759,0.29653627
11.783927975991997,-1.9058182103782588,0.3613990175304936,-1.8827065,0.29781336
11.793931310436813,-1.743800454811428,0.5507402106211927,-1.8819236,0.29901314
11.803934644881624,-1.686527565201409,0.1674988235212665,-1.881123,0.30014485
11.81393797932644,-1.971682501780172,0.3913436262597842,-1.8803014,0.3012172
11.823941313771256,-1.5358514179235268,0.5433333201117538,-1.879455,0.30223835
11.833944648216072,-1.7445016173137868,0.2651140988641335,-1.8785807,0.30321544
11.843947982660886,-2.041645622588506,0.4435260923513244,-1.8776768,0.304155
11.8539513171057,-2.0710004641871493,0.2912805232810038,-1.876738,0.30506474
11.863954651550516,-1.919835350706772,0.5677918006397981,-1.8757621,0.3059488
11.87395798599533,-1.9525230823759252,-0.0352661916990855,-1.8747457,0.3068133
11.883961320440148,-1.8203347015029685,0.2274956220125055,-1.8736855,0.30766398
11.89396465488496,-1.8862733513567145,0.321036130839232,-1.872578,0.3085047
11.903967989329775,-1.9303741275115045,0.4542535247027022,-1.8714212,0.30934048
11.913971323774591,-2.115882771512425,0.2597801026245706,-1.8702103,0.31017578
11.923974658219404,-1.7799660147554142,0.2468202864404008,-1.8689429,0.31101406
11.93397799266422,-2.120495679474008,0.4407897778041826,-1.8676149,0.311859
11.943981327109036,-1.7072979155444994,0.3353050854791628,-1.8662223,0.31271482
11.95398466155385,-2.16646100606041,0.4494738149931024,-1.8647636,0.31358457
11.963987995998664,-2.1178741745350878,0.3913999760266552,-1.8632334,0.31447196
11.97399133044348,-1.998552309834956,0.1725852871691386,-1.8616289,0.31537974
11.983994664888296,-1.9282460453884365,0.3205285947829273,-1.8599468,0.31631106
11.99399799933311,-1.9551027923362283,0.4377732793040391,-1.8581825,0.31726938
12.004001333777923,-1.9218793183109364,0.4979250169724033,-1.8563327,0.31825703
12.01400466822274,-1.8092757750502215,0.2476769411997164,-1.8543946,0.3192765
12.024008002667555,-1.9778111864112795,0.1065872183891636,-1.8523625,0.32033104
12.03401133711237,-1.8007644278910144,0.3019131148565505,-1.8502342,0.32142305
12.044014671557186,-2.196643809735487,0.2761234496983111,-1.8480054,0.32255554
12.054018006002,-1.9723956617304288,0.5942029801902715,-1.845672,0.3237304
12.064021340446814,-2.0890695496602625,0.1430119561263526,-1.8432308,0.32494986
12.07402467489163,-1.6635557557344605,0.564086175067392,-1.8406783,0.32621676
12.084028009336444,-1.938183448410867,0.2671111304754165,-1.83801,0.32753336
12.09403134378126,-1.730371979101638,0.0142077701189616,-1.8352233,0.328901
12.104034678226077,-2.0983442095428098,0.3225091246189952,-1.8323144,0.33032268
12.114038012670887,-1.583026136464066,0.3006048717154221,-1.8292797,0.33179998
12.124041347115703,-1.7967005695236933,0.5373780466923612,-1.8261166,0.3333345
12.13404468156052,-1.492126650942371,0.2821288117212021,-1.8228223,0.33492833
12.144048016005334,-1.8069901424115435,0.6433130320632225,-1.8193938,0.33658296
12.15405135045015,-2.029086567099925,0.5254926922954815,-1.8158287,0.33829957
12.164054684894964,-1.9497826250680488,0.388079263554197,-1.8121246,0.34008008
12.174058019339778,-1.8296933037088376,0.2303621428000178,-1.8082806,0.3419252
12.184061353784594,-1.937017370504792,0.4168846087256294,-1.804294,0.343836
12.194064688229409,-1.636459248451967,0.3573241860945228,-1.8001653,0.34581286
12.204068022674225,-1.7714976167512249,0.4638269702528013,-1.7958916,0.34785718
12.21407135711904,-1.9239681677746785,0.4904755469180487,-1.7914753,0.34996843
12.224074691563851,-1.6515209055248694,0.7714414731970272,-1.7869154,0.35214722
12.23407802600867,-1.827021209362028,0.3135666394260216,-1.7822127,0.35439312
12.244081360453483,-1.651430035413757,0.5065319114615483,-1.7773691,0.35670626
12.254084694898298,-1.843193378260539,0.324585723194973,-1.7723862,0.3590852
12.264088029343114,-1.6779020482237543,0.2623232518111159,-1.7672664,0.36152953
12.274091363787928,-1.8167790431357984,0.4013079486175743,-1.7620133,0.364038
12.284094698232742,-1.601921234949105,0.2985952223188706,-1.7566313,0.36660826
12.294098032677558,-2.0237685377756183,0.1032196601436629,-1.7511233,0.3692401
12.304101367122373,-1.932407310443768,0.1951671164199593,-1.7454959,0.37192982
12.314104701567189,-1.76275700728521,0.2152524128139523,-1.7397527,0.37467694
12.324108036012005,-1.84103414833733,0.2789233175184024,-1.7339022,0.3774768
12.334111370456815,-1.7977379657215384,0.5948736474094174,-1.7279507,0.38032705
12.344114704901632,-1.628395802119642,0.4003896660966213,-1.7219049,0.38322526
12.354118039346448,-1.7928532054330568,0.3344684912622432,-1.7157737,0.38616693
12.364121373791264,-1.6705336785095315,0.4885731830636535,-1.709565,0.38914967
12.374124708236078,-1.851819614202053,0.407926076002391,-1.7032889,0.39216852
12.384128042680892,-2.016386104093578,0.4357292865305826,-1.6969532,0.39522004
12.394131377125708,-1.5932716886349907,0.3634926995251079,-1.6905683,0.39829963
12.404134711570522,-1.4310505384856578,0.2748609176750674,-1.684144,0.40140373
12.414138046015337,-1.6668335234586868,0.4032299741895497,-1.6776911,0.4045266
12.424141380460153,-1.7103985934249355,0.393026061549436,-1.6712185,0.40766537
12.434144714904969,-1.6751767777158362,0.5389529823994106,-1.6647388,0.41081423
12.44414804934978,-1.4804547854980104,0.4130208817214699,-1.6582599,0.41396964
12.454151383794596,-1.560674463917835,0.3097074625916345,-1.6517936,0.41712666
12.464154718239412,-1.5639190378013708,0.3023030713505328,-1.6453501,0.42028087
12.474158052684228,-1.5110375323168632,0.7498428022371818,-1.6389385,0.42342794
12.484161387129042,-1.6887568147000198,0.0910259544849583,-1.6325699,0.42656398
12.494164721573856,-1.7484462743543807,0.6063658492556546,-1.6262512,0.4296856
12.504168056018672,-1.5790475524813925,0.4606149393100048,-1.6199938,0.4327883
12.514171390463488,-1.5064645401250352,0.4976554196045449,-1.6138041,0.4358685
12.524174724908304,-1.4708436781241363,0.5646270197858929,-1.6076912,0.43892288
12.534178059353115,-1.4209669343406937,0.4822758919885798,-1.6016613,0.4419484
12.544181393797931,-1.5091344554883903,0.3841477719032153,-1.5957229,0.4449426
12.554184728242747,-1.7308255931458416,0.6880100801776374,-1.5898794,0.44790274
12.56418806268756,-1.603840533308315,0.554523283091954,-1.5841384,0.450827
12.574191397132376,-1.613356559612428,0.3476287022135472,-1.5785035,0.45371276
12.584194731577192,-1.6258979152248692,0.6528390260170345,-1.5729789,0.45655864
12.594198066022006,-1.539868472897583,0.1825722887024953,-1.5675691,0.45936364
12.60420140046682,-1.651031512931371,0.7085105902644804,-1.5622743,0.46212655
12.614204734911636,-1.6463858281156,0.1729883588867601,-1.5570989,0.4648466
12.62420806935645,-1.3259113735356294,0.5473335358314142,-1.552043,0.46752328
12.634211403801269,-1.61590384555013,0.3911978335455892,-1.5471071,0.4701563
12.64421473824608,-1.4385629808780078,0.3675706484976812,-1.5422912,0.47274673
12.654218072690895,-1.424171634518863,0.5321774476569866,-1.5375955,0.47529256
12.664221407135711,-1.5551824330656754,0.4746782149043842,-1.533018,0.47779703
12.674224741580526,-1.6135846591640497,0.6117232154542303,-1.5285567,0.48025918
12.684228076025342,-1.7125755211690843,0.2136385263325546,-1.5242089,0.4826802
12.694231410470156,-1.486022425019197,0.5536875773474136,-1.5199733,0.48506117
12.70423474491497,-1.5015461061720758,0.5222606010650837,-1.5158452,0.4874041
12.714238079359786,-1.6170364346064134,0.5813488129570046,-1.5118207,0.48970878
12.7242414138046,-1.5711412242222405,0.3923105481606486,-1.5078963,0.4919777
12.734244748249417,-1.6064221139026658,0.7706514041334017,-1.5040661,0.49421185
12.74424808269423,-1.8151942723046788,0.5447288124174612,-1.5003256,0.49641323
12.754251417139043,-1.8021021353498503,0.455758621902492,-1.4966687,0.49858308
12.76425475158386,-1.6105454012799911,0.1615008900766158,-1.4930903,0.5007221
12.774258086028675,-1.482389061772242,0.4195400404834811,-1.4895824,0.5028338
12.78426142047349,-1.850846497140059,0.6048013088526638,-1.4861397,0.5049173
12.794264754918306,-1.315912587742979,0.7047354587083909,-1.4827543,0.5069749
12.80426808936312,-1.4724948305952006,0.4905072531218841,-1.4794194,0.5090076
12.814271423807934,-1.3222660802960948,0.738369463720856,-1.4761254,0.5110175
12.82427475825275,-1.3465817107629028,0.3472270131802988,-1.4728652,0.5130046
12.834278092697565,-1.481518559162844,0.556863811789313,-1.4696301,0.51496905
12.84428142714238,-1.77824158440188,0.563852919409157,-1.4664111,0.5169127
12.854284761587197,-1.1609041414568182,0.5919860636281333,-1.4631976,0.5188349
12.86428809603201,-1.275869587819463,0.5260147584509556,-1.4599801,0.52073574
12.874291430476823,-1.5028673163507325,0.5583859730374326,-1.4567488,0.52261436
12.88429476492164,-1.609235580967069,0.3592832306203143,-1.4534925,0.52447146
12.894298099366454,-1.2918665203929478,0.7123923656969466,-1.4502,0.5263049
12.90430143381127,-1.6254019721925093,0.6544703443158245,-1.446859,0.5281145
12.914304768256084,-1.4846766298933898,0.5630100750275432,-1.443458,0.52989763
12.924308102700898,-1.3974688118927625,0.6639991418287077,-1.4399835,0.5316531
12.934311437145714,-1.4489347857074764,0.7292189425038792,-1.4364237,0.53337866
12.944314771590529,-1.409742991111755,0.6142114254558028,-1.4327646,0.53507155
12.954318106035345,-1.575927749411944,0.8473136379101577,-1.4289926,0.5367291
12.96432144048016,-1.3752186485505349,0.6334380623597606,-1.4250952,0.5383483
12.974324774924971,-1.681644398655238,0.4061002777046365,-1.4210575,0.53992695
12.98432810936979,-1.249427748788737,0.5756006713224907,-1.4168675,0.5414615
12.994331443814604,-1.7168401843537622,0.6914170342187211,-1.4125104,0.5429492
13.00433477825942,-1.5059722167945784,0.7505235916307231,-1.4079758,0.54438764
13.014338112704234,-1.4321798631338925,0.5727313514491613,-1.4032506,0.54577464
13.024341447149048,-1.2367286668962394,0.4106483715950346,-1.3983246,0.5471089
13.034344781593864,-1.557033318912782,0.5190930543106558,-1.39319,0.54839075
13.044348116038678,-1.2785313887498573,0.3522811383133792,-1.387839,0.54961824
13.054351450483493,-1.6472795323465,0.6788660696310148,-1.3822666,0.55079585
13.064354784928309,-1.481953592065639,0.4999204250137877,-1.3764714,0.5519253
13.074358119373125,-1.664425814489554,0.4604059242872951,-1.3704528,0.55301213
13.084361453817936,-1.3814010915852697,0.7053610084134158,-1.3642141,0.55406225
13.094364788262752,-1.4902760170861395,0.8180161953353319,-1.3577634,0.5550849
13.104368122707568,-1.4715635519212087,0.4706063287809094,-1.3511094,0.55609053
13.114371457152384,-1.1325277322709888,0.6085052623946337,-1.3442658,0.55709034
13.124374791597198,-1.4401482419426366,0.5572891834310363,-1.337247,0.5580997
13.134378126042012,-1.1485579950448577,0.8043202265385744,-1.3300737,0.5591329
13.144381460486828,-1.4681732105987149,0.5819140929879788,-1.3227645,0.56020606
13.154384794931644,-1.3262247104127172,0.4443007500170867,-1.3153445,0.56133753
13.16438812937646,-1.3421514714253078,0.5970746940568019,-1.3078345,0.5625448
13.174391463821271,-1.156774171640953,0.7815107550960327,-1.3002596,0.5638448
13.184394798266087,-1.3711501842377118,0.5725053297381884,-1.2926432,0.56525534
13.194398132710903,-1.216044258714413,0.5211014063470407,-1.2850083,0.566792
13.204401467155716,-1.22126735425302,0.6000548322948446,-1.2773757,0.5684698
13.214404801600532,-1.4488041224604593,0.474156057123652,-1.269765,0.5703028
13.224408136045348,-1.0801218657471017,0.5987387755279571,-1.2621945,0.5723014
13.234411470490162,-1.0448689031838063,0.549756894223145,-1.2546767,0.5744759
13.244414804934976,-1.2409371816066328,0.9903844883510796,-1.2472249,0.5768333
13.254418139379792,-1.4368760474287163,0.3515723503196828,-1.239848,0.5793811
13.264421473824608,-1.0788831989158358,0.5170663720930042,-1.2325538,0.58212143
13.274424808269425,-1.2685343919408567,0.558125834626579,-1.225346,0.58505803
13.284428142714235,-1.2187131490711236,0.5084427077592213,-1.2182282,0.5881913
13.294431477159051,-1.2793894402248218,0.7235900636204806,-1.2111998,0.59152097
13.304434811603867,-1.3970566219423957,0.5562863281052811,-1.2042602,0.59504646
13.314438146048682,-1.2912797937513316,0.4522459965580809,-1.1974066,0.5987663
13.324441480493498,-1.2958679776410744,0.6897472323028185,-1.1906358,0.6026789
13.334444814938312,-1.2856761262444203,0.6366728069006482,-1.1839441,0.60678095
13.344448149383126,-1.2219365426057025,0.5845635904597668,-1.1773244,0.6110718
13.354451483827942,-1.1084459725631002,0.903964346705147,-1.1707723,0.61554784
13.364454818272756,-1.274861994014639,0.7670891399090936,-1.1642789,0.6202103
13.37445815271757,-1.2341914996981065,0.7549762932056496,-1.1578399,0.6250563
13.384461487162389,-0.9563692499697464,0.7824008483938508,-1.151445,0.630087
13.3944648216072,-1.4501776718508073,0.7802580366985669,-1.1450893,0.63530207
13.404468156052015,-0.9921060424936896,0.6850873815429787,-1.1387615,0.6407042
13.414471490496831,-1.0204999885121009,0.6210924015748727,-1.132455,0.64629525
13.424474824941646,-1.3854238196021038,0.7521864726956993,-1.12616,0.65207916
13.434478159386462,-1.4187489065868617,0.7015691474038008,-1.1198663,0.6580592
13.444481493831276,-0.9548707616170382,0.4577203463639133,-1.1135651,0.66424125
13.45448482827609,-1.3323750532860383,0.596160422989055,-1.1072457,0.6706312
13.464488162720906,-1.1424341041228872,0.7030230854830152,-1.1008973,0.6772351
13.47449149716572,-0.9154817930250964,0.9080876138207252,-1.0945085,0.6840612
13.484494831610537,-1.0434062902199492,0.793978821978459,-1.0880703,0.6911171
13.494498166055353,-1.0509848744899148,0.6501848929765208,-1.0815691,0.6984122
13.504501500500163,-0.9735852417151356,0.6201777326282663,-1.074994,0.70595425
13.51450483494498,-0.968981209352502,0.9725672958071396,-1.0683329,0.71375483
13.524508169389795,-1.0547006543944055,0.776040388838669,-1.0615752,0.72182065
13.53451150383461,-1.0182461273415846,0.3812415292872901,-1.0547073,0.7301638
13.544514838279426,-1.0248338397640453,0.801639444762271,-1.0477198,0.7387922
13.55451817272424,-1.0695623933981502,0.932977996267194,-1.0405995,0.74771565
13.564521507169054,-1.0648926658441633,0.6645111538809139,-1.0333376,0.7569423
13.57452484161387,-1.0665082764111504,0.854414409233288,-1.0259217,0.76648116
13.584528176058685,-1.019587531404759,0.8775092703490819,-1.018344,0.77633834
13.5945315105035,-0.8723589425317229,0.6994645486763708,-1.010594,0.7865205
13.604534844948317,-0.993250542769472,1.0652225340381989,-1.0026642,0.7970339
13.61453817939313,-1.2710409179083515,0.9082654838653832,-0.99454814,0.80787945
13.624541513837944,-1.0897994079656772,0.8355266352707674,-0.9862384,0.8190622
13.63454484828276,-1.128754588889423,0.875752039423323,-0.977732,0.83058083
13.644548182727576,-0.7077808251512778,0.7218159031859787,-0.96902305,0.8424371
13.65455151717239,-1.1502386739283512,0.7267382334252868,-0.96011084,0.854625
13.664554851617204,-0.7064021157270408,0.8634855501188796,-0.9509931,0.86714226
13.67455818606202,-0.9599654058797208,0.8834954317466899,-0.9416718,0.8799809
13.684561520506834,-1.0882719410817223,0.9199932575639412,-0.9321473,0.893134
13.694564854951649,-0.5682424242153383,1.1757146038846509,-0.92242295,0.9065913
13.704568189396465,-1.055168753061316,1.07597201693145,-0.912504,0.9203404
13.71457152384128,-1.042081384900108,0.7246153910939315,-0.9023939,0.9343709
13.724574858286092,-0.7544240544058018,1.1776308543961145,-0.8921016,0.94866645
13.73457819273091,-0.7403104204856831,0.9460045209918364,-0.88163215,0.9632138
13.744581527175724,-0.9119689833746436,1.1421469285129275,-0.8709958,0.977996
13.75458486162054,-0.8178262852875008,0.9841742637424742,-0.86019903,0.9930006
13.764588196065354,-1.1088700848742148,1.074188730335025,-0.84925324,1.0082093
13.774591530510168,-0.6934738385844669,0.8917165085110124,-0.8381656,1.0236106
13.784594864954984,-0.7486814472014347,1.135703176887529,-0.82694703,1.0391883
13.7945981993998,-0.7209939754711362,1.231765604800146,-0.8156044,1.0549334
13.804601533844616,-0.9265542928465126,0.8738134100417756,-0.8041481,1.0708336
13.814604868289427,-0.8911247461165168,1.2655158175964614,-0.7925838,1.0868841
13.824608202734243,-0.8809502680378002,1.044241837794959,-0.7809192,1.1030811
13.83461153717906,-1.061242136442372,1.4278703394477317,-0.76916105,1.1194204
13.844614871623872,-0.6524059092738312,1.2975169439644187,-0.75731146,1.1359102
13.854618206068688,-0.6191573632107752,1.286044009412156,-0.74537605,1.1525561
13.864621540513504,-0.788844885795463,1.1929357933031444,-0.7333531,1.1693729
13.874624874958318,-0.8040320416213316,1.6311433787433465,-0.7212458,1.1863772
13.884628209403132,-0.644031074774799,1.1852751966935664,-0.7090501,1.2035979
13.894631543847948,-0.6449286864329955,1.1226211810767108,-0.6967647,1.2210606
13.904634878292764,-0.4762234632643128,1.19500296682613,-0.6843822,1.2388085
13.91463821273758,-0.6136884241813442,1.474491783587605,-0.67189753,1.256883
13.924641547182391,-0.6178822145581553,1.3497430739975116,-0.6593008,1.2753412
13.934644881627207,-0.6605113411385124,1.3486539723835294,-0.6465829,1.2942411
13.944648216072023,-0.7349523534743523,1.3118387925140935,-0.63372993,1.313656
13.954651550516838,-0.4126004130836563,1.3857386250279586,-0.62072957,1.3336631
13.964654884961654,-0.7382687815109523,1.3479715224982265,-0.6075676,1.3543488
13.974658219406468,-0.4409664403067521,1.5508155662416654,-0.5942243,1.3758126
13.984661553851282,-0.5073508687902044,1.4355878575501708,-0.5806858,1.3981558
13.994664888296098,-0.4905225785000319,1.4031276331210676,-0.5669295,1.4214951
14.004668222740912,-0.6003370823082838,1.6713033310240817,-0.55293924,1.4459444
14.014671557185729,-0.4148553302317641,1.405462473606237,-0.5386912,1.4716334
14.024674891630545,-0.6586544072660937,1.596735899233534,-0.524169,1.4986808
14.034678226075355,-0.2554527962117326,1.3215622091201829,-0.5093494,1.5272158
14.044681560520171,-0.4563808095172522,1.4317606733771364,-0.49421698,1.5573512
14.054684894964987,-0.5767413377277611,1.6135954334868283,-0.4787504,1.5892001
14.064688229409802,-0.5278235000240882,1.619123265748905,-0.46293777,1.6228458
14.074691563854618,-0.4465079782942943,1.650695375019683,-0.44676358,1.6583613
14.084694898299432,-0.6494770965336627,1.880630505161497,-0.43021983,1.6957767
14.094698232744246,-0.2993660374915754,1.9236846218847887,-0.41330343,1.7350863
14.104701567189062,-0.625255418867414,1.876512979813978,-0.39601117,1.7762505
14.114704901633877,-0.2742477179391095,1.7123859600091742,-0.37835044,1.8191668
14.124708236078693,-0.3554095190075066,1.8859569327282504,-0.36032838,1.8636976
14.134711570523509,-0.0612360895514554,2.229356606064432,-0.34196216,1.9096435
14.14471490496832,-0.5676079418611013,2.353025651674649,-0.3232674,1.9567763
14.154718239413135,-0.4352469643392356,2.165275193899746,-0.30426902,2.0048177
14.164721573857951,-0.1319999035888933,1.909055084348896,-0.28498656,2.0534832
14.174724908302766,-0.1827886660210703,2.083522967846233,-0.26544744,2.1024628
14.184728242747582,-0.1524160032965079,2.1765210029777315,-0.24566968,2.1514728
14.194731577192396,-0.0344732053968703,2.1965322105276077,-0.22567196,2.200239
14.20473491163721,-0.2170251650556214,2.3939808567669583,-0.20546968,2.2485237
14.214738246082026,-0.0822653865790349,2.384680430449307,-0.18506272,2.2961507
14.22474158052684,-0.2460595568035889,2.164332507446576,-0.1644512,2.3429842
14.234744914971657,-0.2081234233523266,2.275128536757308,-0.14361663,2.3889635
14.244748249416473,0.0188428359669133,2.5627249760413067,-0.12253864,2.4340718
14.254751583861283,-0.0979902665671001,2.680000604449164,-0.101176456,2.4783676
14.2647549183061,0.155419316560753,2.551866154729024,-0.079486564,2.5219476
14.274758252750916,-0.1477485868320817,2.8025974540862597,-0.057406858,2.5649683
14.284761587195732,-0.0077028446988975,2.637058808508439,-0.034872368,2.607609
14.294764921640546,-0.0230381167429329,2.537368812624096,-0.011802629,2.6500933
14.30476825608536,-0.1653937802340528,2.819267497929191,0.011882469,2.6926472
14.314771590530176,-0.0350552649460756,3.237484139992957,0.036275312,2.735523
14.32477492497499,-0.0523451547291302,2.644786840152675,0.061465308,2.7789586
14.334778259419805,0.2157592048690913,3.118143237566612,0.08753626,2.823181
14.34478159386462,0.1781625064654496,3.030320998661868,0.11457507,2.8684032
14.354784928309437,-0.0782593030211715,2.8988413742771484,0.14264767,2.914792
14.36478826275425,0.0675905644733674,2.772282852683884,0.17181258,2.9624794
14.374791597199064,0.2770980326142613,2.77610293545966,0.20209937,3.011527
14.38479493164388,0.0926925580838242,3.0876631215051904,0.23352174,3.0619442
14.394798266088696,0.198346162861119,3.2829428480947667,0.26605183,3.1136458
14.40480160053351,0.4014308555692193,3.412096011899574,0.299645,3.1664875
14.414804934978324,0.5015337775484001,3.5027634335554563,0.3342064,3.2202132
14.42480826942314,0.4219866754314184,3.4295974640884435,0.36962587,3.2745056
14.434811603867956,0.533102085603273,3.456316824807069,0.40575284,3.3289526
14.44481493831277,0.431383731511213,3.434466655411668,0.4424234,3.3830888
14.454818272757583,0.4033874199945067,3.5948174142278564,0.47945267,3.4363806
14.4648216072024,0.5474291862510932,3.477005602790812,0.5166488,3.4882586
14.474824941647215,0.4981368553241579,3.4371658039505637,0.5538359,3.5381448
14.48482827609203,0.780651906422667,3.669756101955461,0.59083897,3.5854437
14.494831610536844,0.5411443439384476,3.8151185296079846,0.6275206,3.6295912
14.50483494498166,0.623597010685282,3.514994920519185,0.6637632,3.6700344
14.514838279426474,0.8982817812732764,3.673533534129618,0.69949883,3.706276
14.524841613871288,0.7214823296312384,3.7841070908730416,0.7346888,3.737849
14.534844948316104,0.9921489724533268,3.800073828610758,0.76934946,3.764343
14.54484828276092,0.6790010939363134,3.892737691363042,0.8035224,3.7853827
14.554851617205737,0.824333039971961,4.103067438820751,0.83730084,3.800642
14.564854951650547,0.935171268601098,3.487707476579012,0.8707971,3.8098218
14.574858286095363,1.0271867707845996,4.111865564623553,0.9041466,3.8126566
14.58486162054018,1.2481381599367298,4.085970571760996,0.9375127,3.808908
14.594864954984994,0.8968197446646988,3.933090981716574,0.97104996,3.7983572
14.60486828942981,0.9793241285697138,3.8085335316551583,1.0049249,3.7808092
14.614871623874624,0.9342662272646604,3.65045862759647,1.0392785,3.7561
14.624874958319438,1.0610445243772235,3.847737012987096,1.0742415,3.7240932
14.634878292764254,1.3194889470005915,3.713909675212791,1.1099036,3.684706
14.644881627209068,1.0332850318017466,3.57873789121211,1.1463253,3.6379015
14.654884961653885,1.15990610407725,3.702795606650556,1.1835095,3.583731
14.6648882960987,1.4839753995835303,3.67156653622292,1.2214183,3.5223112
14.674891630543511,1.2287782605371964,3.0370292967297754,1.2599479,3.4538813
14.684894964988327,1.1111604873062109,3.590363504649529,1.2989492,3.3787706
14.694898299433143,1.349430963259393,3.1882455199698065,1.3382148,3.297437
14.704901633877958,1.6886442972564533,3.4092438782861025,1.3774904,3.2104573
14.714904968322774,1.4776897875467243,3.0893543950635265,1.4164997,3.1184886
14.724908302767588,1.4850782485402791,3.077391219111565,1.4549311,3.0223134
14.734911637212402,1.77483527986072,3.0132315740479387,1.4924835,2.9227445
14.744914971657218,1.6727076976368904,3.0288490442799527,1.5288514,2.820676
14.754918306102033,1.4163472951015184,2.867790162380677,1.5637714,2.7169733
14.764921640546849,1.5746119398418112,2.276200300066988,1.5970112,2.6125205
14.774924974991665,1.3255598003140892,2.3983412468270884,1.6283985,2.5081227
14.784928309436475,1.7494355387476883,2.4643961891572745,1.6578103,2.4045458
14.794931643881291,1.7213453590663772,2.635483838335896,1.6851963,2.3024337
14.804934978326107,1.526232524302665,2.233910899868627,1.7105533,2.2023602
14.814938312770922,1.784133270749268,2.022848068391891,1.733944,2.104748
14.824941647215738,1.7635575473002685,1.7890445253914196,1.7554663,2.0099363
14.834944981660552,1.990609141833454,1.823425790568056,1.7752582,1.9181422
14.844948316105366,2.1026306591533253,1.8187026232880417,1.7934858,1.8294598
14.854951650550182,1.9699207248445476,1.7151436732271663,1.8103234,1.7439054
14.864954984994997,1.82790288802882,1.537137541967842,1.8259562,1.6613926
14.874958319439813,1.8662128370900892,1.5764532551818689,1.8405598,1.581784
14.884961653884629,1.7455847708155914,1.416781323036255,1.8543057,1.5048647
14.89496498832944,1.7856622419465145,1.6904027008285631,1.8673409,1.4304141
14.904968322774256,1.8767731248066188,1.4906343245515967,1.8797995,1.3581628
14.914971657219072,1.8730783292656812,1.2149642923571753,1.8917868,1.2878703
14.924974991663888,1.7155893766192043,1.029923907456976,1.9033881,1.2192837
14.934978326108702,1.955982734515143,1.2589549330077254,1.9146596,1.152202
14.944981660553516,1.9675727970689707,1.155801744349377,1.9256386,1.0864376
14.954984994998332,2.039549635741587,1.122625775567201,1.9363352,1.0218655
14.964988329443146,1.9430684345263571,1.1703615591667742,1.9467422,0.9584068
14.97499166388796,1.886946835119496,0.633165647363016,1.956838,0.896013
14.984994998332777,1.7854540530291505,1.0370384414936331,1.966583,0.8347028
14.994998332777593,2.096486088322004,0.5794037114889082,1.9759341,0.77451026
15.005001667222404,2.1669574510192917,0.6776395643772908,1.9848404,0.71552306
15.01500500166722,2.2800130730185737,0.2900364908825201,1.9932532,0.65783346
15.025008336112036,1.9502611678686448,0.4032509389324977,2.0011249,0.601542
15.035011670556852,1.6984916792138594,0.5847136547778161,2.0084143,0.54679
15.045015005001666,1.9579973219577425,0.4921833821960533,2.0150917,0.49368048
15.05501833944648,2.356095136124104,0.2862813357388301,2.0211353,0.44232154
15.065021673891296,1.9421145676770888,0.3174634823253118,2.0265384,0.39280474
15.07502500833611,2.156144052601697,0.1773267261076469,2.031301,0.34522557
15.085028342780928,1.9158188717250308,0.3857581833401098,2.0354383,0.29964578
15.09503167722574,2.0693271847196515,-0.1126092519225027,2.0389733,0.2561047
15.105035011670555,1.8304778149890744,0.3881727933971922,2.0419388,0.21465422
15.115038346115371,2.0760431853228005,0.0194011895626981,2.044372,0.17530431
15.125041680560184,1.9913911199017116,0.1081922519912643,2.0463169,0.13805975
15.135045015005,2.128247021028275,-0.1234441439289976,2.0478206,0.10290493
15.145048349449816,1.8924284389724864,0.0968542567319671,2.0489285,0.069831744
15.15505168389463,2.004042537776729,0.1187507297489827,2.049689,0.03879918
15.165055018339444,1.8348149632611883,0.0649686490074099,2.0501478,0.0097654015
15.17505835278426,2.1829912400080542,0.0641398559677006,2.0503466,-0.01732777
15.185061687229076,2.0399347344515637,-0.0423312252531731,2.050327,-0.042533264
15.19506502167389,1.8934681376756688,-0.0566688447582671,2.0501235,-0.06592344
15.205068356118703,2.2071045275555248,-0.0805668532957117,2.049769,-0.08757673
15.21507169056352,1.8839668660323223,-0.152382261512911,2.0492902,-0.1075667
15.225075025008335,2.046700306108424,-0.1494573781969955,2.0487123,-0.12598167
15.23507835945315,2.088360072463797,-0.0290020254696626,2.0480535,-0.14290725
15.245081693897966,2.1477699544700224,0.0929356192073981,2.047331,-0.15843473
15.25508502834278,2.162533062105892,-0.2731283296881081,2.0465581,-0.17264853
15.265088362787594,1.87623622868254,-0.156022342864477,2.0457435,-0.18563853
15.27509169723241,1.9425891084297136,-0.3263829113592619,2.0448954,-0.19749187
15.285095031677224,1.94240379324976,-0.2371426907207222,2.0440185,-0.20829545
15.29509836612204,1.9061716976070524,-0.2230603184192092,2.0431163,-0.21812676
15.305101700566857,2.1819126919082192,-0.1549646507533385,2.0421894,-0.22706757
15.315105035011667,2.374023056846277,-0.1679012184396506,2.0412388,-0.23519264
15.325108369456483,1.9577641533439103,-0.2009878337928985,2.0402627,-0.24257146
15.3351117039013,2.037690852683699,-0.1439861165593158,2.0392592,-0.24927114
15.345115038346114,2.30859227526816,-0.3433060327285404,2.0382261,-0.25535512
15.35511837279093,2.1237410130171788,-0.1921759110566813,2.037159,-0.26088274
15.365121707235744,1.7569522536825584,-0.1141887736342665,2.0360556,-0.26590574
15.375125041680558,2.1804316760106888,-0.3644770657603803,2.0349112,-0.27047598
15.385128376125374,1.9865608721872403,-0.5004848897314788,2.033721,-0.2746389
15.395131710570189,1.7966369911562474,-0.0899510727018352,2.032481,-0.27843916
15.405135045015005,1.912999230306205,-0.4186601987773103,2.031187,-0.28191257
15.41513837945982,2.014833713944385,-0.3356136032363203,2.029833,-0.28509712
15.425141713904631,1.907195966762469,-0.1510092098774418,2.0284157,-0.28802562
15.43514504834945,1.80091769444739,-0.4021296944032426,2.0269299,-0.29072762
15.445148382794263,1.99560435780055,-0.1251060884839016,2.0253708,-0.29322982
15.455151717239078,2.155489421356364,-0.3742601157402756,2.0237346,-0.29555762
15.465155051683894,2.1076054009272265,-0.3959103563773541,2.022015,-0.29773402
15.475158386128708,2.2381262339268444,-0.4519612609217622,2.02021,-0.29977787
15.485161720573522,2.160627086905388,-0.3838065318795263,2.0183134,-0.30170846
15.495165055018338,2.2604690129506726,-0.199917291101584,2.0163221,-0.30354226
15.505168389463153,1.803174506974632,-0.3700884825015789,2.0142317,-0.30529606
15.515171723907969,2.069819014699498,-0.1368600212940717,2.0120382,-0.30698252
15.525175058352785,1.9390709184701709,-0.2909391027533891,2.0097377,-0.30861402
15.535178392797595,2.06044046617285,-0.2806354680936767,2.0073276,-0.3102014
15.545181727242412,1.7496446104553676,-0.4250112612893196,2.0048027,-0.3117559
15.555185061687228,1.9758954874001669,-0.1233010344011167,2.002162,-0.31328702
15.565188396132044,2.179957084517491,-0.1911561660173037,1.9994018,-0.3148017
15.575191730576858,1.9775613537560848,-0.1981351041143592,1.9965189,-0.3163079
15.585195065021672,1.8313396353100737,-0.335728200703721,1.9935118,-0.31781256
15.595198399466488,1.8045943786491612,-0.5022612693584437,1.990379,-0.31932127
15.605201733911302,1.97508594505263,-0.2892541974518053,1.9871181,-0.32083905
15.615205068356117,2.025019622012568,-0.2372256257651061,1.9837269,-0.32237077
15.625208402800933,1.9550657482036176,-0.2376457489577192,1.9802064,-0.32392085
15.635211737245749,1.90904384139159,-0.2611396330723913,1.9765549,-0.32549226
15.64521507169056,1.8032823073514663,-0.2694962493838003,1.9727738,-0.327088
15.655218406135376,2.009205354984392,-0.4272311613398393,1.9688617,-0.3287114
15.665221740580192,1.9134379183303136,-0.4220983097024748,1.9648213,-0.33036363
15.675225075025008,1.823389746935297,-0.4990325175928838,1.9606526,-0.33204615
15.685228409469822,2.0889174499932026,-0.1721355853465765,1.9563578,-0.33376026
15.695231743914636,1.9763351117088863,-0.0378180068710759,1.9519409,-0.3355074
15.705235078359452,1.8639859001181804,0.1194905553849318,1.9474041,-0.33728707
15.715238412804268,1.854880483564862,-0.2985920121845376,1.9427509,-0.3391
15.725241747249084,1.825965263524788,-0.2825934250814975,1.9379847,-0.34094608
15.735245081693895,2.007581255111962,-0.3570766360356364,1.9331119,-0.3428228
15.745248416138711,2.1453390934069096,-0.3056405309598528,1.9281378,-0.34473097
15.755251750583527,1.915981167895047,-0.4793645707431181,1.9230673,-0.3466692
15.76525508502834,1.934745713996155,-0.3646006348076918,1.9179068,-0.34863544
15.775258419473156,1.777282739245579,-0.4624303642439789,1.912663,-0.35062718
15.785261753917972,2.265816506076253,-0.3869258102365258,1.9073448,-0.35264337
15.795265088362786,1.6430230405674977,-0.4535661599784337,1.9019592,-0.35468137
15.8052684228076,1.850340183746752,-0.2682466114554319,1.8965123,-0.3567381
15.815271757252416,1.937785090463081,-0.2501545024619349,1.8910154,-0.35881197
15.82527509169723,1.7543126582732784,-0.3019681957966407,1.885476,-0.36089957
15.835278426142049,1.7160948070561135,-0.4473570878733061,1.8799028,-0.36299753
15.84528176058686,1.7062954218862942,-0.5340353686401971,1.8743057,-0.36510336
15.855285095031675,2.000017338243902,-0.2538429063179693,1.8686937,-0.36721325
15.865288429476491,1.9833060570462917,-0.3525877207468954,1.8630755,-0.36932492
15.875291763921306,1.949734014944336,-0.6240216640214732,1.8574597,-0.3714348
15.885295098366122,1.9590689483019397,-0.3345985384362508,1.8518571,-0.37354004
15.895298432810936,1.92005165083347,-0.3054970762086623,1.846276,-0.37563705
15.90530176725575,1.674292833236558,-0.5885374837313931,1.8407251,-0.37772334
15.915305101700566,1.7118954559751738,-0.2804228276583373,1.8352116,-0.3797952
15.92530843614538,1.9185564178683283,-0.5716796659258954,1.8297459,-0.38185024
15.935311770590197,1.6642036445242463,-0.4763016078260604,1.8243335,-0.38388538
15.94531510503501,1.7540854210140049,-0.5734528385614259,1.8189828,-0.3858987
15.955318439479823,1.5906728967285215,-0.4937514761419523,1.8137003,-0.38788843
15.96532177392464,1.8132051325284928,-0.5488992676373796,1.808493,-0.3898499
15.975325108369455,1.7791699003924295,-0.2143650331215396,1.8033658,-0.39178383
15.98532844281427,1.5975338615179413,-0.4054574515163519,1.7983232,-0.39368737
15.995331777259086,1.9427614715681347,-0.4385779719911498,1.793371,-0.39555848
16.0053351117039,1.6992311847748025,-0.2026648800144603,1.788513,-0.39739716
16.015338446148714,1.7355714860038165,-0.2128714011944416,1.7837526,-0.39920068
16.02534178059353,1.8420531899216652,-0.4313340671991824,1.779091,-0.40096903
16.035345115038346,1.8458549059950968,-0.3332074116600537,1.7745321,-0.4027015
16.04534844948316,1.923212990635035,-0.4649003341246694,1.7700771,-0.40439868
16.055351783927975,1.7724269450675596,-0.3932561517068026,1.7657267,-0.4060588
16.06535511837279,1.8680198772922103,-0.5391930395793305,1.7614802,-0.40768254
16.075358452817603,1.9110819110356136,-0.3168616986039648,1.7573396,-0.40927005
16.08536178726242,1.5571202869776182,-0.2069743633719661,1.753302,-0.41082263
16.095365121707236,2.085882616928622,-0.2393498049839434,1.749367,-0.41234076
16.10536845615205,1.9609118017216312,-0.3782390648988349,1.7455335,-0.41382384
16.115371790596864,1.4937195144100697,-0.669091884413176,1.7417978,-0.4152745
16.12537512504168,1.777274363834551,-0.4827092660803701,1.7381591,-0.41669333
16.135378459486493,1.5978779611687246,-0.4047730663236931,1.734612,-0.41808283
16.14538179393131,1.8234399805535768,-0.6147337085482626,1.7311553,-0.41944313
16.155385128376125,1.6597936619788936,-0.171809280575453,1.7277833,-0.42077637
16.16538846282094,1.5618403896048922,-0.2693067012209554,1.7244931,-0.42208445
16.175391797265753,1.6464174851577191,-0.3193943936843164,1.7212785,-0.42337072
16.185395131710568,1.8797046729052096,-0.2915757417979964,1.7181362,-0.42463565
16.195398466155385,1.8474428092059056,-0.5770239418952774,1.7150612,-0.42588186
16.2054018006002,1.8740658978636693,-0.5337185213412432,1.7120469,-0.42711294
16.215405135045014,1.741880903295404,-0.3686203832838289,1.7090881,-0.4283303
16.225408469489828,1.7716352116084757,-0.3583700560717336,1.7061799,-0.42953563
16.235411803934642,1.5681968784951563,-0.6129637747995702,1.703315,-0.4307332
16.245415138379457,1.821506444791387,-0.3841928078287179,1.7004874,-0.43192613
16.255418472824275,1.8589305147251245,-0.4203768551454062,1.697691,-0.4331162
16.26542180726909,1.4716031131426328,-0.270361331851689,1.6949193,-0.43430758
16.275425141713903,1.6226597383371248,-0.3656094384963662,1.6921645,-0.43550205
16.285428476158717,1.576917609320535,-0.1719095298341875,1.6894206,-0.43670392
16.29543181060353,1.5383564688035585,-0.4708300832604138,1.686681,-0.43791544
16.30543514504835,1.6817464818586316,-0.5857201521939658,1.683937,-0.43914056
16.315438479493164,1.7109782414852888,-0.1818001047367279,1.6811819,-0.44038332
16.325441813937978,1.5835851084756956,-0.3660261543284708,1.6784087,-0.44164586
16.335445148382792,1.240476058999104,-0.4328652193763819,1.6756091,-0.4429326
16.345448482827607,1.6016545979703445,-0.5515464331059317,1.6727765,-0.4442469
16.355451817272424,1.8065305469575887,-0.4794723161078484,1.6699014,-0.44559324
16.36545515171724,1.6133746780342004,-0.4888978573864866,1.6669769,-0.44697392
16.375458486162053,1.3481373810494626,-0.6039203754510927,1.6639954,-0.44839382
16.385461820606867,1.775467395857619,-0.7524389352663763,1.6609485,-0.44985747
16.39546515505168,1.5119798348403652,-0.497748867682646,1.6578276,-0.4513669
16.4054684894965,1.884074325458288,-0.3243655771535518,1.6546253,-0.45292747
16.415471823941314,1.534539496360579,-0.2458653242450741,1.651334,-0.45454216
16.425475158386128,1.5026018203155138,-0.2920848143813266,1.647945,-0.4562155
16.435478492830942,1.405391766051035,-0.284389923633237,1.6444502,-0.45795155
16.445481827275756,1.5438274486153662,-0.6016047162081846,1.640843,-0.45975268
16.45548516172057,1.5676800080023976,-0.4076998866910785,1.6371146,-0.46162426
16.46548849616539,1.5215231687402366,-0.3682031797976914,1.6332575,-0.46357
16.475491830610203,1.5037499674607997,-0.3602576265074511,1.6292654,-0.46559167
16.485495165055017,1.6529756015644597,-0.4644921637798159,1.6251312,-0.46769416
16.49549849949983,1.5158576931435912,-0.4346861213231281,1.6208485,-0.46988082
16.505501833944646,1.6600052223302464,-0.150234615929302,1.6164101,-0.47215343
16.515505168389463,1.7137615735175915,-0.3152173782911324,1.6118114,-0.47451687
16.525508502834278,2.031485760416851,-0.3863580585201382,1.6070476,-0.47697115
16.535511837279092,1.636244781175613,-0.3603105719177127,1.6021144,-0.47951996
16.545515171723906,1.4075214019791398,-0.5346846145672535,1.5970062,-0.4821663
16.55551850616872,1.4782374798084168,-0.3731698536543073,1.5917224,-0.48490846
16.565521840613535,1.523311577651774,-0.4518175975672048,1.5862603,-0.48774922
16.575525175058353,1.707808949791667,-0.3453447995136265,1.5806171,-0.49068964
16.585528509503167,1.5156634730559062,-0.5776106921606403,1.5747951,-0.4937284
16.59553184394798,1.7054213290200408,-0.3633500896173218,1.5687948,-0.49686503
16.605535178392795,1.289377466076553,-0.5287581448041409,1.5626181,-0.50009966
16.61553851283761,1.5503062839450863,-0.3673414808145062,1.5562669,-0.5034298
16.625541847282427,1.657133991174779,-0.4439911917707262,1.5497478,-0.5068526
16.63554518172724,1.603522233307566,-0.4793986890907873,1.5430661,-0.510365
16.645548516172056,1.409749917046938,-0.5306826671641888,1.5362281,-0.5139638
16.65555185061687,1.5087448282748954,-0.4992011170927518,1.5292412,-0.5176456
16.665555185061685,1.2181042789985308,-0.5561611362317538,1.5221177,-0.5214037
16.675558519506502,1.5043903701551846,-0.5413175126374208,1.5148672,-0.52523303
16.685561853951317,1.4539301500042314,-0.4285214665208849,1.5074991,-0.52912843
16.69556518839613,1.324078862209564,-0.7485702747664715,1.5000303,-0.53308177
16.705568522840945,1.428639838270849,-0.3924270192718709,1.4924731,-0.5370866
16.71557185728576,1.728914884751838,-0.3924425260338295,1.4848417,-0.5411358
16.725575191730577,1.2504323394059378,-0.5473726743069245,1.4771508,-0.5452204
16.73557852617539,1.504029972765314,-0.4886739152271135,1.4694185,-0.5493326
16.745581860620206,1.5412659211677242,-0.655705032961792,1.4616612,-0.5534632
16.75558519506502,1.464919194848028,-0.4579754574514674,1.4538946,-0.557605
16.765588529509834,1.5738074872380603,-0.6447998722070946,1.4461348,-0.5617497
16.77559186395465,1.3929335816057316,-0.9324761534069386,1.4384015,-0.5658858
16.785595198399466,1.3462087625248322,-0.6085712157547178,1.4307096,-0.5700073
16.79559853284428,1.2811815172350465,-0.5081178261060312,1.4230752,-0.57410526
16.805601867289095,1.4203882033035502,-0.8749386665520622,1.4155134,-0.5781721
16.81560520173391,1.455736213742008,-0.6784495161122652,1.4080404,-0.58220077
16.825608536178724,1.490862012495198,-0.7346713992345713,1.40067,-0.5861831
16.83561187062354,1.4170764118593846,-0.5881106825288446,1.3934139,-0.590114
16.845615205068356,1.452575038350974,-0.5302248925818606,1.3862859,-0.59398746
16.85561853951317,1.3633364535342838,-0.7827156594943482,1.3792962,-0.5977975
16.865621873957984,1.1744976343951907,-0.6432564285830014,1.3724543,-0.6015408
16.8756252084028,1.38927043340942,-0.6503636451901499,1.3657666,-0.6052128
16.885628542847613,1.4786930313503923,-0.6045184121666497,1.3592428,-0.60881114
16.89563187729243,1.2345227859262264,-0.6079155837525404,1.3528866,-0.612334
16.905635211737245,1.4074811262328812,-0.5210926532437984,1.3467019,-0.61578023
16.91563854618206,1.6496498438492049,-0.6738456733111383,1.3406901,-0.61914957
16.925641880626873,1.351124716771663,-0.5133356385846849,1.3348554,-0.6224413
16.935645215071688,1.3528486720703286,-0.6561543377680267,1.3291956,-0.6256572
16.945648549516505,1.1181505244169032,-0.6615580147037865,1.3237089,-0.62879956
16.95565188396132,1.1836214235669762,-0.8478603032907928,1.3183943,-0.6318699
16.965655218406134,1.219422645940866,-0.749936233237683,1.3132463,-0.6348727
16.97565855285095,1.4203994329481204,-0.5067800484964612,1.3082606,-0.63781166
16.985661887295763,1.1912651067734354,-0.6401191367631657,1.3034297,-0.6406919
16.99566522174058,1.0420839856040154,-0.6794480387966934,1.2987483,-0.64351785
17.005668556185395,1.3745981436633317,-0.4858412927120534,1.2942066,-0.64629686
17.01567189063021,1.201680599853462,-0.4561629653654973,1.2897962,-0.6490346
17.025675225075023,1.0751262360392853,-0.8055204564610098,1.2855062,-0.65173864
17.035678559519837,1.402726441291506,-0.3722206765904072,1.2813274,-0.6544173
17.045681893964655,1.3640430759962034,-0.6335319064048629,1.2772465,-0.65707827
17.05568522840947,0.9544550030919196,-0.9355200616068295,1.2732512,-0.6597315
17.065688562854284,1.2968006334330069,-0.6906173024359769,1.2693286,-0.66238606
17.075691897299098,1.1051220811914872,-0.6319170573364935,1.265466,-0.6650518
17.085695231743912,1.2818258920165198,-0.5050094727751246,1.2616477,-0.6677394
17.095698566188727,1.2785551731642544,-0.4674252178468877,1.2578577,-0.6704612
17.105701900633544,1.2527215248107515,-0.6740865219534912,1.2540818,-0.67322767
17.11570523507836,1.4045749019363265,-0.8087454749546562,1.2503029,-0.6760516
17.125708569523173,1.6604480153879169,-0.6109767758439265,1.2465037,-0.67894506
17.135711903967987,1.2887043720360294,-0.593881877159223,1.2426664,-0.68192315
17.1457152384128,1.506394886684402,-0.5592477177548076,1.2387745,-0.68499875
17.15571857285762,0.9772548633310152,-0.4731793909417967,1.2348076,-0.68818545
17.165721907302434,1.1600110882577872,-0.6733032749566027,1.2307473,-0.6914998
17.175725241747248,1.0123323089230143,-0.6162252164750698,1.2265737,-0.6949582
17.185728576192062,1.099530637494141,-0.6860134037400725,1.2222675,-0.6985744
17.195731910636876,1.1475788729462362,-0.4182765800446498,1.2178078,-0.7023654
17.20573524508169,1.4804292855328212,-0.7061494927829487,1.2131742,-0.7063494
17.21573857952651,1.1855219832274555,-0.7753512177831196,1.2083468,-0.7105416
17.225741913971323,1.334598861214205,-0.7749937871820529,1.2033056,-0.7149612
17.235745248416137,1.0982038426326437,-0.5853222250521987,1.1980293,-0.7196244
17.24574858286095,1.0732979148854058,-0.7443762377446634,1.1924971,-0.7245511
17.255751917305766,0.909415771915556,-0.6398334802663468,1.1866933,-0.7297559
17.265755251750583,1.4302426414262075,-0.644175567865366,1.1805975,-0.7352581
17.275758586195398,1.350812526625021,-0.8863217284012135,1.1741933,-0.74107385
17.285761920640212,1.1593503236165967,-0.9080788527383876,1.1674633,-0.7472209
17.295765255085026,1.0820238987565445,-0.6581250793224935,1.160397,-0.75371385
17.30576858952984,1.1236758331373728,-0.9933607600415272,1.1529814,-0.7605666
17.31577192397466,0.9032881902992363,-0.9963055884687032,1.1452062,-0.7677951
17.325775258419473,1.166324808290215,-0.4873748436768953,1.1370678,-0.77540827
17.335778592864287,1.2889632143598206,-1.089349838517605,1.1285632,-0.78341806
17.3457819273091,1.28966516755001,-0.6726537455418347,1.1196926,-0.7918333
17.355785261753915,0.8365382732856519,-0.8669285496996447,1.1104587,-0.8006612
17.365788596198733,1.224409653635176,-0.747394893459883,1.1008753,-0.80990446
17.375791930643548,0.8553818499419412,-0.7470420169375971,1.0909537,-0.8195665
17.385795265088362,0.7227007751922725,-0.8809569170039605,1.0807117,-0.82964694
17.395798599533176,1.2055121308031935,-0.8538468909256114,1.0701698,-0.84014606
17.40580193397799,0.9513816819903644,-0.7324743815997377,1.0593594,-0.851055
17.415805268422805,1.1637475897081198,-0.6788445367535714,1.0483093,-0.8623692
17.425808602867622,1.1399052453562548,-0.7228286573898268,1.0370542,-0.8740796
17.435811937312437,1.1098134470957917,-0.8551068491881029,1.0256313,-0.8861799
17.44581527175725,1.0043285738936252,-0.9406502576080088,1.014085,-0.8986536
17.455818606202065,0.7999712790366647,-1.0587143905357226,1.0024557,-0.91149044
17.46582194064688,0.9303452501975648,-0.8897950735267673,0.99078524,-0.9246801
17.475825275091697,1.179484075162654,-0.9431245705259907,0.9791226,-0.93820417
17.48582860953651,1.1044894198544033,-0.7860548985532637,0.96750826,-0.95205367
17.495831943981326,0.9097448406696832,-0.8701097932892247,0.9559832,-0.9662137
17.50583527842614,0.898311598305293,-0.7726268110048876,0.94458336,-0.9806756
17.515838612870954,1.0204781777352905,-1.1614357247636613,0.9333455,-0.99542284
17.52584194731577,0.9394699447381224,-0.7478540335636432,0.92229694,-1.0104465
17.535845281760587,0.8780715296871782,-0.9404229922787032,0.91145974,-1.0257361
17.5458486162054,0.9770248883132469,-1.175895055482772,0.90084624,-1.0412862
17.555851950650215,0.9615045456895188,-1.24262087360287,0.8904681,-1.0570796
17.56585528509503,0.7806748151655224,-0.885664693087328,0.88032156,-1.0731119
17.575858619539844,0.9175130151928684,-1.1065171841957355,0.8703961,-1.0893748
17.58586195398466,0.9203071048447576,-1.0840381719468049,0.8606763,-1.1058534
17.595865288429476,0.8444164245487734,-0.9910487633063356,0.85113263,-1.122542
17.60586862287429,0.7224654824462853,-1.0984489429812183,0.84173065,-1.1394303
17.615871957319104,0.7736165860472608,-1.3576610229965882,0.8324254,-1.1565118
17.62587529176392,0.6711155826190468,-0.9003168410886032,0.8231705,-1.1737721
17.635878626208736,0.8554562162169393,-1.3502327792415807,0.8139071,-1.1912078
17.64588196065355,0.5550905620569195,-1.1850988649993897,0.8045755,-1.2088149
17.655885295098365,1.0085454097740896,-1.2133146810844289,0.79510933,-1.2265947
17.66588862954318,0.9584641729044864,-1.1499992052474182,0.78544605,-1.2445428
17.675891963987993,0.8209670054226096,-1.4211105099283552,0.7755171,-1.2626683
17.68589529843281,0.8785866478866671,-1.2894465073073489,0.76525444,-1.2809834
17.695898632877626,0.8549095170903515,-1.3802923549188204,0.7545972,-1.2994969
17.70590196732244,0.7392941489134542,-1.224848019690228,0.7434836,-1.3182313
17.715905301767254,0.6767213983686131,-1.2369856291023218,0.7318568,-1.3372076
17.72590863621207,0.646749829238272,-1.4155988766338634,0.7196662,-1.356454
17.735911970656883,0.9142029337052056,-1.182039599202207,0.70687217,-1.37599
17.7459153051017,0.5457043881656503,-1.27584548753521,0.6934388,-1.3958468
17.755918639546515,0.534663081231605,-1.5611486310884553,0.6793402,-1.4160509
17.76592197399133,0.7871386702953015,-1.6620164140397906,0.66455805,-1.4366329
17.775925308436143,0.756863821411357,-1.4679049540978375,0.6490918,-1.4576102
17.785928642880958,0.5716316615972505,-1.3927868588645886,0.63294464,-1.4790057
17.795931977325775,0.6758258319405623,-1.6031302760516335,0.6161324,-1.5008402
17.80593531177059,0.6813353541846142,-1.4877976545463438,0.59867895,-1.5231309
17.815938646215404,0.3700408468204166,-1.5566232057287834,0.58062637,-1.5458866
17.825941980660218,0.7501493278583959,-1.3067254871653922,0.5620192,-1.569121
17.835945315105032,0.6347977188311119,-1.764592622491138,0.54290754,-1.5928502
17.845948649549847,0.5847476343589896,-1.4870122469229572,0.5233595,-1.6170801
17.855951983994665,0.6036906299172946,-1.5262929148606568,0.5034388,-1.6418293
17.86595531843948,0.5327118241044599,-1.685107807964816,0.48321223,-1.6671215
17.875958652884293,0.3700585769877214,-1.98998256742921,0.46274722,-1.6929905
17.885961987329107,0.4950447535362466,-1.7092657628088987,0.44211876,-1.7194672
17.89596532177392,0.5101999127829456,-1.9705294055986595,0.42138702,-1.7466094
17.90596865621874,0.5054506735599158,-1.495322955166576,0.40060914,-1.7744853
17.915971990663554,0.4022593356641936,-1.8472797304108652,0.3798319,-1.803185
17.925975325108368,0.4182843464612963,-1.5686541443166728,0.3590994,-1.8328018
17.935978659553182,0.199467148871874,-1.879474749738168,0.33843794,-1.8634598
17.945981993997997,0.2137738678262321,-2.0294562567359007,0.31785643,-1.8953048
17.955985328442814,0.3066097488130535,-1.7837733962737043,0.2973636,-1.9284776
17.96598866288763,0.56413023544515,-1.9581469446794215,0.27694613,-1.9631468
17.975991997332443,0.2170233074251296,-1.6919929120925277,0.25657758,-1.9994847
17.985995331777257,0.1884978110013752,-2.1931533057200387,0.2362197,-2.0376666
17.99599866622207,-0.0349142398567732,-1.9406922363253705,0.21583216,-2.07784
18.00600200066689,0.3548283180705048,-1.831097814013836,0.19535841,-2.120151
18.016005335111704,-0.0210143771023825,-2.0197366255064457,0.1747389,-2.1647098
18.02600866955652,0.1753059324334407,-2.163258622687339,0.15390535,-2.2115939
18.03601200400133,-0.1054701138776624,-2.110673040672517,0.1328007,-2.2608016
18.046015338446143,0.2361148304139363,-2.3844117393446007,0.1113597,-2.3122938
18.05601867289096,0.1908658161882402,-2.542041288429896,0.08951409,-2.3659718
18.06602200733578,-0.0173439495657101,-2.5462964284595766,0.067215145,-2.421634
18.076025341780596,-0.2333614979064056,-2.3979644013251478,0.04440348,-2.4790468
18.086028676225407,0.1977558152554848,-2.683724211759837,0.021025673,-2.5379112
18.09603201067022,0.0452008897951467,-2.670449895030638,-0.0029766709,-2.5978978
18.10603534511504,0.015640960200974,-2.7776048781615765,-0.027651325,-2.6586251
18.116038679559853,-0.1932174301864326,-2.579206740723651,-0.05306372,-2.7197402
18.126042014004668,-0.0979293407823905,-2.487894073050622,-0.07928105,-2.7808948
18.13604534844948,-0.1095943350079739,-2.984903928056915,-0.10638444,-2.8417947
18.146048682894296,0.0387683279308166,-2.806687223033841,-0.13444741,-2.9021552
18.15605201733911,-0.0655215540899317,-2.778409845664077,-0.16356473,-2.9617836
18.166055351783925,-0.3023069819530831,-3.031982800870073,-0.19382663,-3.0205371
18.176058686228743,-0.2605002416307993,-3.2624185730797137,-0.22532786,-3.0783346
18.18606202067356,-0.3052786267978821,-2.9240834574757204,-0.25813448,-3.135104
18.19606535511837,-0.2616579008001494,-3.3818007099465976,-0.29231185,-3.190836
18.206068689563185,-0.562710414194003,-2.9849292337710622,-0.3278997,-3.2455297
18.216072024008,-0.3755089461468471,-3.3856902394561468,-0.36488461,-3.2991455
18.226075358452817,-0.43622762256399,-3.563053099773756,-0.40322953,-3.351648
18.23607869289763,-0.2153611175052718,-3.4519947859005957,-0.44285,-3.4029582
18.24608202734245,-0.2579251924386755,-3.4353174867472847,-0.48361725,-3.4529471
18.25608536178726,-0.2833110201875026,-3.452775057928804,-0.5253348,-3.5014093
18.266088696232075,-0.4049356712206329,-3.4295422459663185,-0.5677907,-3.5481093
18.27609203067689,-0.4750571537532577,-3.528973664424306,-0.6107312,-3.5927482
18.286095365121707,-0.6395324150251147,-3.3349449010203287,-0.65388626,-3.63499
18.29609869956652,-0.7770934951383544,-3.6597471261965246,-0.6969546,-3.674442
18.30610203401133,-0.675629879539215,-3.634885780580368,-0.73966694,-3.7107193
18.31610536845615,-0.7794198055197652,-3.679302867024661,-0.78176606,-3.7434218
18.326108702900967,-0.7777495721467261,-3.9911440438126298,-0.8230074,-3.7721431
18.33611203734578,-0.7886616714783986,-3.9420051801434544,-0.86320823,-3.7965095
18.3461153717906,-1.0881268224173302,-3.774841174141362,-0.90222543,-3.8161697
18.35611870623541,-0.7928172060829464,-3.7298418442546586,-0.9399747,-3.8308022
18.366122040680224,-0.8190614813499552,-4.106862167312818,-0.97640425,-3.840111
18.37612537512504,-1.1464810951234583,-3.523346337333119,-1.011532,-3.8438435
18.386128709569856,-1.1376002416921491,-3.724030610121381,-1.0454111,-3.8417733
18.39613204401467,-1.12170986706185,-3.793264979966229,-1.0781436,-3.8337026
18.406135378459485,-1.1517030694417365,-3.7036772849636863,-1.1098428,-3.8194628
18.4161387129043,-1.0740586887637302,-3.831133247816098,-1.1406606,-3.7989094
18.426142047349117,-1.2896971363181506,-3.693162989617375,-1.1707678,-3.7719138
18.43614538179393,-1.35133854770197,-3.6322875142698754,-1.2003205,-3.7383926
18.446148716238746,-0.8123103111327188,-3.4508030706060806,-1.2294918,-3.6982741
18.45615205068356,-1.1349098669063706,-3.617138021979823,-1.2584419,-3.6515262
18.46615538512837,-1.5693181618572425,-3.747882704467726,-1.2873192,-3.5981512
18.47615871957319,-1.1213350652338987,-3.607759413500757,-1.3162389,-3.5382226
18.486162054018003,-1.4532410947132628,-3.44866618023342,-1.3453046,-3.471852
18.49616538846282,-1.5415588781301308,-3.537389732295511,-1.3745835,-3.3992221
18.506168722907635,-1.4229736549463308,-3.41197365668213,-1.4041224,-3.3205717
18.51617205735245,-1.55891421352776,-3.3159014516815333,-1.4339136,-3.2362685
18.526175391797263,-1.4009346471757376,-3.149937635764179,-1.4639341,-3.1467109
18.53617872624208,-1.5367339495934658,-2.938212931888431,-1.4941229,-3.0523973
18.546182060686892,-1.5610134055396283,-2.978705533094573,-1.5243942,-2.953881
18.55618539513171,-1.4979704278275596,-2.7428775693315064,-1.554618,-2.8518407
18.566188729576524,-1.6184758620951702,-2.734447436380247,-1.5846612,-2.7469447
18.57619206402134,-1.7405854589243448,-2.7767423894659555,-1.6143731,-2.6399012
18.586195398466156,-1.5338547698547256,-2.4800622643476924,-1.6435785,-2.5314908
18.59619873291097,-1.605836395520856,-2.402307652158793,-1.6721145,-2.4224298
18.606202067355785,-1.6910894035091115,-2.2364950635822693,-1.6998161,-2.3134317
18.6162054018006,-1.5806207137646011,-2.100116665634196,-1.7265317,-2.2051487
18.626208736245413,-1.757846937845304,-1.924367086049508,-1.7521127,-2.0982175
18.636212070690227,-1.7292567311508154,-1.9337919366990304,-1.7764432,-1.9931499
18.646215405135045,-1.740955079577282,-1.8891807214974383,-1.7994232,-1.8903979
18.65621873957986,-1.9123469357516791,-1.7202543335459717,-1.8209817,-1.7903004
18.666222074024677,-1.3929060778953026,-1.7828093928493625,-1.841062,-1.6931677
18.676225408469488,-1.8257943216273855,-1.69680329864651,-1.8596431,-1.5991747
18.686228742914302,-1.9254441481648592,-1.303853127406295,-1.8767251,-1.5084174
18.69623207735912,-1.968066126347028,-1.5148379741213185,-1.892322,-1.4209821
18.70623541180393,-2.119232903661718,-1.4682971741098167,-1.9064759,-1.3368423
18.71623874624875,-2.150494369305516,-1.1736804189967982,-1.9192411,-1.2559555
18.726242080693563,-1.4865699936841374,-1.2402320786931154,-1.930689,-1.1782278
18.736245415138377,-2.168021316633302,-0.9700852976045472,-1.9408935,-1.1035845
18.74624874958319,-2.0377505344689566,-0.8331816650664432,-1.9499444,-1.0318974
18.75625208402801,-1.980969866354786,-1.0490407964106034,-1.9579333,-0.96305144
18.766255418472824,-1.9745910404104925,-0.7699909529468398,-1.9649571,-0.89692044
18.77625875291764,-1.990549387823852,-0.890752680168619,-1.9711107,-0.8334168
18.78626208736245,-1.9941359014134852,-0.9427746350538712,-1.9764899,-0.7724316
18.796265421807263,-1.911996447568503,-0.9588671887559964,-1.9811882,-0.7138747
18.80626875625208,-2.044803954099409,-0.5188404983917794,-1.9852971,-0.65766096
18.8162720906969,-1.938787108819675,-0.4890124829682148,-1.9889005,-0.6037427
18.826275425141716,-1.9995162696503024,-0.3497180694800514,-1.9920777,-0.55205214
18.836278759586527,-1.856063700289303,-0.4086174655595759,-1.9949034,-0.50253105
18.84628209403134,-1.8601653451267988,-0.3159746486248245,-1.9974431,-0.45515585
18.85628542847616,-2.0692885621123622,-0.5856613875713987,-1.9997572,-0.40987718
18.866288762920973,-1.9439528982576515,-0.2601389332103426,-2.0018976,-0.3666569
18.876292097365788,-1.8466635728530687,-0.4428130057530045,-2.0039105,-0.32545316
18.8862954318106,-2.1490372174593104,-0.1959290696311362,-2.0058331,-0.28624213
18.896298766255416,-2.026218333440736,-0.5124652505575716,-2.0076985,-0.2489761
18.90630210070023,-1.9614012800020204,-0.4741904929393402,-2.0095317,-0.21361195
18.91630543514505,-2.161254099671156,0.0377576760660428,-2.011353,-0.18009697
18.926308769589863,-1.7472256159410944,-0.3178549040044586,-2.0131755,-0.14839636
18.93631210403468,-2.071571083426579,-0.101373188204478,-2.0150104,-0.11844526
18.94631543847949,-1.755914970003046,-0.1556097173151302,-2.0168629,-0.09018551
18.956318772924305,-2.095318227245665,0.1751587310121551,-2.018735,-0.06356488
18.966322107369123,-2.080458013160255,0.0742461335546811,-2.0206249,-0.03851734
18.976325441813938,-2.2460457328078496,-0.0380719591418366,-2.022531,-0.014976367
18.986328776258752,-2.2734401296498903,-0.1502980354071254,-2.024448,0.0071264654
18.99633211070357,-1.8984493668984657,0.0197126244981589,-2.0263674,0.027850762
19.00633544514838,-2.071837714956203,-0.0670872509012572,-2.0282829,0.04726757
19.016338779593195,-2.0565362176963085,0.1073300391448007,-2.030185,0.065444365
19.02634211403801,-1.8753000340981352,-0.3156964837723155,-2.0320656,0.082448855
19.036345448482827,-2.146644726152234,0.1168881826315905,-2.0339146,0.098340884
19.04634878292764,-2.035705934690589,0.1675730899519238,-2.0357232,0.11318554
19.05635211737245,-1.979603264430795,0.0745306861025895,-2.0374825,0.12704886
19.06635545181727,-2.09749082468575,0.0958355014696022,-2.0391839,0.13998379
19.076358786262087,-1.844759188432972,0.0345171022529352,-2.040818,0.15205039
19.0863621207069,-2.02498654715614,0.182784677699105,-2.0423787,0.16330327
19.09636545515172,-1.7799030283018196,0.1205571424875494,-2.0438585,0.17379607
19.10636878959653,-1.86842743461004,0.3601205114357577,-2.0452507,0.18357576
19.116372124041344,-2.020012199046899,0.1528754013469161,-2.046548,0.19269122
19.12637545848616,-2.057919523653281,0.1547411690075388,-2.047747,0.2011875
19.136378792930977,-1.878454273655916,0.2359006237737339,-2.0488417,0.20910777
19.14638212737579,-1.9692463589429807,0.0401333304536497,-2.0498273,0.21648921
19.156385461820605,-2.147537925754838,0.5376637882587352,-2.050701,0.22337164
19.16638879626542,-2.0268919988439267,0.1067507776107928,-2.0514581,0.22978915
19.176392130710237,-1.7832900462476486,0.2716740949415304,-2.0520964,0.23577727
19.18639546515505,-1.908905285029968,0.2147737199814549,-2.0526125,0.24136247
19.196398799599866,-2.0410435106062508,0.2157866278789997,-2.053004,0.24657787
19.20640213404468,-2.1982111598028498,0.2334680008125745,-2.0532694,0.2514497
19.21640546848949,-1.943900499753454,0.5293695351578265,-2.053406,0.25600207
19.22640880293431,-1.9728608827030076,-0.0934526843743133,-2.0534127,0.2602595
19.236412137379126,-1.997267044129728,0.6722234637010862,-2.0532875,0.26424515
19.24641547182394,-1.8505788081409156,0.144057406771637,-2.0530298,0.26797807
19.256418806268755,-1.8891904374356543,0.1585659281594115,-2.0526378,0.27147877
19.26642214071357,-2.1782100086259777,0.2215859566384362,-2.05211,0.27476442
19.276425475158383,-1.958653772599728,-0.0032007569505354,-2.0514452,0.27785218
19.2864288096032,-2.141963439691029,0.2827731058556618,-2.0506432,0.28075826
19.296432144048016,-2.027986799420912,0.343874513532745,-2.049703,0.28349555
19.30643547849283,-2.146098299092852,0.3950402832239503,-2.0486224,0.2860793
19.316438812937644,-2.138566533684685,0.537454254221365,-2.047402,0.28852117
19.32644214738246,-2.2154398264794213,0.1301421348177842,-2.0460408,0.29083335
19.336445481827276,-1.892514038365108,0.546511141777626,-2.0445378,0.29302585
19.34644881627209,-1.904878264751532,0.3840345120025593,-2.042892,0.29511034
19.356452150716905,-1.9464920199900375,0.1482632412692315,-2.0411026,0.29709518
19.36645548516172,-2.0196051649624187,0.1229496217674034,-2.039169,0.29898942
19.376458819606533,-2.134827997801964,0.3674153877182292,-2.037092,0.30080163
19.386462154051348,-2.108411693610304,0.357414680505973,-2.03487,0.30253828
19.396465488496165,-2.132099439193471,0.3561864269907842,-2.032502,0.30420792
19.40646882294098,-2.006998072137653,0.5248945137054681,-2.0299897,0.305817
19.416472157385797,-1.881987136816276,0.5013750454276213,-2.0273316,0.30737007
19.426475491830608,-2.040721293295062,0.3264707963908025,-2.0245283,0.3088745
19.436478826275422,-2.07134705831832,0.2579897085665589,-2.0215805,0.31033456
19.44648216072024,-1.9602900896952211,0.2130757562122155,-2.018488,0.31175554
19.45648549516505,-2.1000715123592038,0.1117968887196696,-2.0152524,0.3131417
19.46648882960987,-2.2654614601880843,0.1671916581492809,-2.011873,0.31449783
19.476492164054683,-1.8171102199977636,0.0876401995122681,-2.008354,0.31582677
19.486495498499497,-2.113170059617689,0.5977763265857061,-2.0046957,0.31713283
19.49649883294431,-2.000125992831828,0.3789831424614094,-2.0008988,0.3184191
19.50650216738913,-1.8049869423588227,0.4318508579290993,-1.9969662,0.3196882
19.516505501833944,-2.1263478998510017,0.2994224695689559,-1.9929014,0.3209437
19.52650883627876,-2.137384768033721,0.7026050876641324,-1.9887074,0.32218754
19.53651217072357,-2.13051587427994,0.1800265158550719,-1.9843866,0.3234223
19.546515505168387,-2.0439929418376384,0.1142203479593957,-1.979942,0.3246504
19.556518839613204,-1.6816165989121317,0.7035777146145639,-1.9753798,0.3258723
19.56652217405802,-1.9524558826668217,0.1436148448266649,-1.9707032,0.3270911
19.576525508502836,-2.213205435234496,0.3065088420460628,-1.9659165,0.32830846
19.586528842947647,-1.9216800882795644,0.2468589075014023,-1.9610263,0.32952487
19.59653217739246,-1.8375635161070136,0.4052410461965586,-1.9560369,0.33074224
19.60653551183728,-1.8188380000549704,0.2999438219508524,-1.9509543,0.33196175
19.616538846282094,-2.0290608868253845,0.4486228129449532,-1.945784,0.3331846
19.626542180726908,-1.8584443890097688,0.4833766079232893,-1.9405335,0.3344108
19.63654551517172,-1.7383008706552736,0.1382252721991063,-1.9352087,0.33564126
19.646548849616536,-2.068423003534254,0.2395166087051132,-1.9298161,0.33687794
19.65655218406135,-2.008193648215726,0.4674858079509335,-1.9243616,0.33812034
19.66655551850617,-1.7935082541291036,0.5204189421181692,-1.9188544,0.3393699
19.676558852950983,-1.783169262346559,0.3881758344301073,-1.9132994,0.34062612
19.6865621873958,-1.659107113185739,0.4286690717224393,-1.907703,0.34189022
19.69656552184061,-1.8252624499170973,0.5816047766568182,-1.9020742,0.34316194
19.706568856285426,-1.8145981962348503,0.3152086072702438,-1.8964182,0.34444273
19.716572190730243,-1.953933271137889,0.4676331581510012,-1.8907422,0.34573257
19.726575525175058,-1.639073371351081,0.3559083651869569,-1.8850507,0.34703147
19.736578859619872,-1.624801491509135,0.0693095722776537,-1.8793527,0.34833992
19.74658219406469,-1.82565142943356,0.3601118690010193,-1.8736523,0.3496591
19.7565855285095,-1.922713864537929,0.7250191696035029,-1.8679546,0.35098803
19.766588862954315,-1.819911576108816,0.3075946286418302,-1.8622648,0.35232842
19.776592197399133,-1.8023930116148368,0.0696474202732521,-1.856589,0.35368025
19.786595531843947,-1.916558825678554,0.518872393904674,-1.8509301,0.35504377
19.79659886628876,-1.8931983932086216,0.2483743876085412,-1.8452915,0.35641897
19.806602200733572,-1.5986923245461504,0.5750660879220598,-1.8396784,0.3578068
19.81660553517839,-1.7138237864296797,0.3070862425053043,-1.8340932,0.35920823
19.826608869623207,-1.8235307897364312,0.2560615499250533,-1.8285377,0.36062324
19.83661220406802,-1.9330504324271007,0.221356687586983,-1.8230133,0.36205256
19.84661553851284,-1.8727534965826285,0.2241516631937577,-1.8175238,0.3634969
19.85661887295765,-2.010798483321557,0.4136170074496876,-1.8120695,0.36495602
19.866622207402465,-1.7372372380549108,0.6371790608696595,-1.8066505,0.36643136
19.87662554184728,-1.868847638550424,0.4278361120642854,-1.8012668,0.3679241
19.886628876292097,-1.7178467198550311,0.3467141845979415,-1.79592,0.36943376
19.89663221073691,-1.6492466722002963,0.5024514835710985,-1.7906096,0.37096083
19.906635545181725,-1.7079144933892392,0.3492074919600617,-1.7853342,0.3725065
19.91663887962654,-1.8067714256654,0.1837863150008351,-1.7800921,0.37407148
19.92664221407136,-1.870131591708488,0.2970543785662591,-1.7748842,0.37565625
19.93664554851617,-1.9139276443352868,0.4577601166077086,-1.7697077,0.37726104
19.946648882960982,-1.5619112230785073,0.2569876471998681,-1.7645608,0.37888753
19.9566522174058,-1.6949482139083178,0.2395157083275021,-1.7594434,0.38053453
19.96665555185061,-1.779247212036539,0.2925285865479047,-1.7543523,0.38220417
19.97665888629543,-1.6392543510629096,0.2957161174100871,-1.7492859,0.38389623
19.986662220740246,-1.5738047212949473,0.3621436210649722,-1.7442414,0.38561165
19.99666555518506,-1.818994610688331,0.212484811365753,-1.7392182,0.38734925
20.006668889629875,-1.6795587420222269,0.5362540897767887,-1.7342137,0.38911092
20.01667222407469,-1.6725115899967855,0.7392990671367173,-1.7292258,0.39089596
20.026675558519504,-1.4949969129409442,0.3588607918267793,-1.7242516,0.3927058
20.03667889296432,-1.7531091821261322,0.4769731468042046,-1.7192913,0.39453924
20.046682227409136,-1.827032650413776,0.5830040002923202,-1.714342,0.396397
20.05668556185395,-1.642998952217364,0.448085528290411,-1.7094009,0.39827907
20.066688896298764,-1.590089663775164,0.6696113210059531,-1.7044688,0.40018475
20.07669223074358,-1.6633673909721651,0.3958155255077482,-1.6995431,0.4021145
20.086695565188396,-1.4585648913396758,0.5595038670204837,-1.6946234,0.4040674
20.09669889963321,-1.7288659725332418,0.416764360033596,-1.6897069,0.40604413
20.106702234078025,-1.6472418953998549,0.4718891696895453,-1.6847948,0.40804327
20.11670556852284,-1.8758527701573544,0.1878915005027765,-1.679886,0.4100641
20.126708902967653,-1.8012686223428775,0.2762168973021905,-1.6749796,0.4121071
20.136712237412468,-1.7605144525099397,0.5178146192889314,-1.6700753,0.41417062
20.146715571857285,-1.6850441927811186,0.4537648375606232,-1.665174,0.41625392
20.1567189063021,-1.8390973646610755,0.3567745810256871,-1.6602757,0.4183563
20.166722240746918,-1.5630931246324495,0.5169970606125771,-1.6553799,0.42047727
20.17672557519173,-1.7555804724479749,0.4537552197166142,-1.6504886,0.42261517
20.186728909636543,-1.312762359434223,0.4286366041177363,-1.6456023,0.4247688
20.19673224408136,-1.7422450395068263,0.407001499879795,-1.6407223,0.42693722
20.20673557852617,-1.6201000131142944,0.4121996688865452,-1.6358473,0.42911994
20.21673891297099,-1.6342712828244284,0.2201868457173981,-1.6309818,0.4313141
20.226742247415803,-1.769585854235991,0.4161527578980771,-1.6261266,0.43351972
20.236745581860617,-1.645586175101793,0.3554944354725326,-1.6212832,0.4357344
20.246748916305435,-1.6429339847710116,0.4514658081444985,-1.6164514,0.43795836
20.25675225075025,-1.4785369401943211,0.4293439061511264,-1.6116352,0.44018948
20.266755585195064,-1.5476313028165267,0.364919403615651,-1.606836,0.4424256
20.27675891963988,-1.5172108263629802,0.5044748327200216,-1.6020554,0.44466627
20.28676225408469,-1.468661369954838,0.5571126133401575,-1.5972952,0.4469105
20.296765588529507,-1.505712399306549,0.4373319637516624,-1.592558,0.44915593
20.306768922974324,-1.552750514963029,0.6136450778475533,-1.5878453,0.45140207
20.31677225741914,-1.6827508165373195,0.3619052237660358,-1.5831586,0.45364797
20.326775591863957,-1.5531524658758555,0.520529839308449,-1.5785006,0.45589197
20.336778926308767,-1.6993897383978505,0.4491191931455787,-1.573873,0.45813286
20.34678226075358,-1.5852589369006944,0.1301618011179102,-1.5692773,0.4603697
20.3567855951984,-1.5994620662074952,0.441001284202441,-1.5647144,0.46260273
20.366788929643214,-1.5859089612204458,0.6791564905539939,-1.5601863,0.46483052
20.376792264088028,-1.7395547312654034,0.3452719519242856,-1.5556941,0.46705258
20.38679559853284,-1.9443115427861304,0.3990508033169942,-1.551239,0.4692682
20.396798932977656,-1.6071022383727993,0.3969437497928173,-1.5468208,0.47147787
20.40680226742247,-1.3768538677275637,0.6048143306692264,-1.5424415,0.47368038
20.41680560186729,-1.526552838126908,0.4224407704226889,-1.538101,0.4758767
20.426808936312103,-1.3795047576685606,0.4774100566274834,-1.5337983,0.47806728
20.43681227075692,-1.651351410860682,0.2253077870701015,-1.5295347,0.4802512
20.44681560520173,-1.5899614500263222,0.5983437291974261,-1.5253087,0.48243058
20.456818939646546,-1.1774123397102625,0.4968220141872058,-1.5211207,0.4846059
20.466822274091363,-1.6288006411301603,0.3123006012031484,-1.5169674,0.48677814
20.476825608536178,-1.4262833456372046,0.227850040137702,-1.5128495,0.48894846
20.486828942980992,-1.421578953313652,0.6177289346313027,-1.5087644,0.49111784
20.496832277425806,-1.4337175726610505,0.4646859375005381,-1.5047096,0.49328935
20.50683561187062,-1.409421544615617,0.525872790190499,-1.5006824,0.4954654
20.51683894631544,-1.6058584817482304,0.7804252174370371,-1.4966806,0.49764717
20.526842280760253,-1.5368429017318168,0.6218927077080874,-1.4927012,0.49983704
20.536845615205067,-1.8418077534350064,0.6997028522601159,-1.488739,0.5020386
20.54684894964988,-1.2535988776518705,0.5154462473707486,-1.4847902,0.5042559
20.556852284094692,-1.3849684944374572,0.5975247908434815,-1.4808517,0.5064913
20.566855618539517,-1.560044932010571,0.5986303751176537,-1.4769176,0.5087482
20.576858952984328,-1.579737389959563,0.4281020283817347,-1.472982,0.5110327
20.586862287429145,-1.2841885710284893,0.6685076545878628,-1.4690405,0.51334774
20.59686562187396,-1.5539449998363266,0.4152067884112085,-1.4650861,0.51569855
20.60686895631877,-1.5395577994727023,0.6381151612022439,-1.4611124,0.51809037
20.616872290763585,-1.5874162417266449,0.5847448321412572,-1.4571112,0.5205287
20.6268756252084,-1.3200618625063525,0.521063562939172,-1.4530771,0.5230187
20.636878959653217,-1.2752193808829584,0.4917610777587813,-1.4490012,0.5255674
20.64688229409803,-1.45341655124715,0.393973748043015,-1.4448758,0.5281812
20.656885628542845,-1.2633396263139076,0.4287826643290993,-1.4406905,0.5308665
20.66688896298766,-1.3579967168713811,0.5363114853755064,-1.4364396,0.5336298
20.67689229743248,-1.5628939405591988,0.4589408835890095,-1.4321114,0.53647983
20.68689563187729,-1.1920268388115134,0.5839029561413188,-1.4276972,0.53942406
20.696898966322102,-1.545278077718409,0.6028532954850804,-1.4231876,0.5424694
20.70690230076692,-1.4102365823680996,1.0786137805680602,-1.4185728,0.54562485
20.71690563521173,-1.3399303775520486,0.5069202173627716,-1.4138418,0.5488988
20.72690896965655,-1.1640391776978605,0.2914213499649145,-1.4089843,0.5523006
20.736912304101367,-1.3572040842284596,0.8703609704157,-1.403992,0.5558382
20.74691563854618,-1.383054453325518,0.314879969234939,-1.3988527,0.5595201
20.756918972990995,-1.419247783684342,0.7967912223754423,-1.3935591,0.5633553
20.76692230743581,-1.2976476027301058,0.4565849366734521,-1.3880984,0.5673543
20.776925641880624,-1.4510041753937903,0.5023211158259657,-1.3824643,0.5715231
20.78692897632544,-1.2881588617497397,0.7909329002983423,-1.3766471,0.5758711
20.796932310770256,-1.1785562640399687,0.662598739897223,-1.370637,0.58040845
20.80693564521507,-1.5302072715304544,0.3990681979441324,-1.3644303,0.58514035
20.816938979659884,-1.244472539000588,0.4005679589008507,-1.3580185,0.59007394
20.8269423141047,-1.352253380981415,0.6522128149696198,-1.3513973,0.5952178
20.83694564854952,-1.4829728563604374,0.4572253220315508,-1.3445613,0.60057676
20.84694898299433,-1.3203240169313155,0.6907611969115307,-1.3375098,0.6061548
20.856952317439145,-1.1408060249281111,0.7106969997825586,-1.3302418,0.61195695
20.86695565188396,-1.2827684143779956,0.5122132772082117,-1.3227576,0.61798537
20.876958986328773,-1.4481902776114357,0.5520944672337332,-1.3150584,0.6242424
20.88696232077359,-1.2197546428855186,0.6838850549324659,-1.3071523,0.6307267
20.89696565521841,-1.5898736097377384,0.5202892689863698,-1.2990429,0.637437
20.90696898966322,-1.0878072250315016,0.6548582221086476,-1.2907412,0.64436996
20.916972324108038,-1.4745805758169577,1.001272096874783,-1.2822539,0.6515235
20.92697565855285,-1.2598663202419471,0.7105618107482833,-1.2735993,0.6588861
20.936978992997663,-1.1890411990138017,0.602877100167885,-1.2647889,0.66645205
20.94698232744248,-1.351498921960682,0.9814663745937008,-1.25584,0.6742116
20.95698566188729,-1.0852221112511933,0.7918005486916604,-1.2467736,0.6821505
20.96698899633211,-1.1425459439203725,0.5234055020322839,-1.2376083,0.6902567
20.976992330776923,-1.030591362857531,0.5529268537071291,-1.2283654,0.6985134
20.986995665221738,-1.1729036925109857,0.4390846415358621,-1.2190682,0.7069055
20.996998999666555,-1.5146446105785532,0.7384381831591714,-1.2097422,0.7154118
21.00700233411137,-1.3229419771396027,0.3981280442375399,-1.2004107,0.7240149
21.017005668556184,-1.1134881669665728,1.0204336098037945,-1.1910979,0.7326933
21.027009003001,-0.9790882129174182,0.6698541318629111,-1.1818274,0.7414278
21.03701233744581,-1.1790772063613726,0.8477524831904716,-1.1726261,0.75019443
21.047015671890627,-1.004904563575996,0.6693277635752601,-1.1635146,0.75897205
21.057019006335445,-1.1608537937997987,0.7723312370102813,-1.1545144,0.7677423
21.06702234078026,-1.0755914997839275,0.7137802672963676,-1.1456487,0.77647984
21.077025675225077,-1.1693118686348651,0.947350181311254,-1.1369337,0.7851671
21.087029009669887,-0.962427036903468,0.8187710882976494,-1.1283866,0.79378474
21.0970323441147,-0.8784740603840224,0.6961294085733376,-1.1200206,0.80231655
21.10703567855952,-0.8853082646521304,0.842564248209701,-1.1118495,0.81074464
21.117039013004334,-0.6304420649065424,0.5895608118897145,-1.1038821,0.819054
21.127042347449148,-1.2167664639605298,0.8386564114817608,-1.0961244,0.8272356
21.13704568189396,-1.045974297603464,1.0759209793531936,-1.0885799,0.8352796
21.147049016338777,-1.1979353125092882,0.9268636875033228,-1.0812516,0.8431765
21.157052350783594,-0.91535317089853,0.9047142057206156,-1.0741372,0.8509222
21.16705568522841,-1.22583811725144,1.018240610151412,-1.0672321,0.85851634
21.177059019673223,-0.8891771226282833,0.9052464915191754,-1.0605322,0.8659564
21.18706235411804,-1.0347305704055418,0.8576332677328398,-1.0540267,0.87324655
21.19706568856285,-1.0689180246525047,0.9284236146571032,-1.0477046,0.88039386
21.20706902300767,-1.0440787313152158,0.7138010336085956,-1.041552,0.88740647
21.217072357452484,-1.197593574046645,0.7372384001895615,-1.0355543,0.8942944
21.227075691897294,-0.9984535107176244,0.8551599442186154,-1.0296925,0.90107334
21.237079026342112,-0.9908509302553656,0.9436858288223998,-1.0239481,0.9077591
21.247082360786926,-1.1085382968873467,1.0979804497010577,-1.0182967,0.9143716
21.25708569523174,-1.0457907152142665,0.8228982721876498,-1.0127172,0.9209317
21.26708902967656,-0.924374024496784,0.6224366523983222,-1.0071836,0.9274641
21.277092364121373,-1.1063114872250572,1.0553019047519516,-1.0016679,0.9339951
21.287095698566187,-1.2392429080469325,1.0862391623280132,-0.9961408,0.9405569
21.297099033011,-0.7427537139986337,0.8738886662555616,-0.99057347,0.947178
21.307102367455816,-0.9163403811124936,1.108123825106607,-0.9849331,0.9538938
21.317105701900637,-1.0207094179533978,1.0816390565765548,-0.97918445,0.96074283
21.327109036345448,-1.0418297715931415,0.8913111649978313,-0.9732941,0.9677595
21.337112370790265,-1.0514089199872292,1.0261031618239598,-0.96722525,0.9749874
21.34711570523508,-0.7480454858611914,0.9591288199386596,-0.96093994,0.9824699
21.35711903967989,-1.1025387100596415,0.8366741658596565,-0.95439774,0.99025095
21.367122374124705,-0.8426466112120858,1.2883368134161708,-0.9475611,0.9983765
21.377125708569523,-0.8326341495547221,0.9666390792471355,-0.9403885,1.0068923
21.387129043014337,-0.7664892503913866,1.0020286750061396,-0.9328404,1.0158495
21.39713237745915,-0.9277474227392262,0.9078011952314042,-0.9248752,1.0252961
21.407135711903965,-0.6491851283500081,0.6846534649783472,-0.91645557,1.0352787
21.41713904634878,-0.7300774748945118,1.0102971571113493,-0.9075423,1.0458461
21.4271423807936,-0.9004634082333227,1.3484020572766116,-0.89809805,1.057047
21.43714571523841,-0.9350358016594722,1.0076242593232687,-0.88809377,1.0689198
21.447149049683222,-0.8363227543932311,1.1871882073021278,-0.87749773,1.081509
21.45715238412804,-0.8717287472865671,0.9049183355829508,-0.86628693,1.0948492
21.46715571857285,-0.9238266819455718,1.349506262745014,-0.85443956,1.1089753
21.477159053017672,-0.7711072511911122,1.241714878323131,-0.84194857,1.123907
21.487162387462487,-0.8097143252294179,1.092323318567822,-0.8288071,1.1396645
21.4971657219073,-0.5068638746467771,1.1806802951028417,-0.815019,1.1562597
21.507169056352115,-0.8128188025253944,1.3914711047799022,-0.80059487,1.1736959
21.51717239079693,-0.8422922840715805,1.1564758963375477,-0.7855616,1.1919628
21.527175725241747,-0.7198319127165844,1.2648706642689895,-0.76994866,1.2110466
21.53717905968656,-0.6696584614716765,1.5982512306089445,-0.7537942,1.2309285
21.547182394131376,-0.6451894197029094,0.9480050585918678,-0.7371506,1.2515726
21.55718572857619,-0.6334981277726744,1.3311653390656348,-0.7200752,1.272943
21.567189063021004,-0.6625260664441338,1.383720192446571,-0.7026289,1.2950014
21.57719239746582,-0.6597245643523725,1.3608726100080066,-0.68487626,1.317708
21.58719573191064,-0.5496183468240341,1.3099975409800857,-0.6668943,1.3410102
21.59719906635545,-0.7696471409698777,1.8680486949414448,-0.64874786,1.3648725
21.607202400800265,-0.7205531176053146,1.453319315886505,-0.63050646,1.3892578
21.61720573524508,-0.8229588835695674,1.4802474686624598,-0.6122301,1.414143
21.627209069689894,-0.7237778879063184,1.4215671920721815,-0.59398156,1.4394995
21.63721240413471,-0.4119611528172345,1.584601104201433,-0.5758063,1.4653273
21.64721573857953,-0.4681224265151087,1.2747004299760474,-0.5577424,1.4916315
21.65721907302434,-0.2622422980792424,1.38892007457628,-0.53981316,1.5184401
21.667222407469158,-0.2926082898633007,1.7490146069902743,-0.5220395,1.5457819
21.67722574191397,-0.4191247571349696,1.4963960522777395,-0.50442046,1.5737138
21.687229076358783,-0.466528057428813,1.5836669669889385,-0.4869418,1.6023091
21.6972324108036,-0.4681551585133574,1.6473074305030853,-0.46958858,1.6316396
21.70723574524841,-0.7612429032076324,1.8843820135128333,-0.45232338,1.6618044
21.71723907969323,-0.4502461787111524,1.6755851666210086,-0.43510288,1.692905
21.727242414138043,-0.5044392788859915,1.835151730680092,-0.4178754,1.7250576
21.737245748582858,-0.5364377034380128,1.4770931122983693,-0.40058923,1.7583628
21.747249083027675,-0.3229553637904774,1.9281533182937816,-0.38318038,1.7929397
21.75725241747249,-0.3952787395911569,1.7139725997946416,-0.36558545,1.8288966
21.767255751917304,-0.3329457902859007,1.7032798607300437,-0.34773725,1.8663405
21.77725908636212,-0.4809520892058555,1.8481086301715453,-0.32957834,1.9053501
21.787262420806933,-0.1804756499437762,1.945059914072082,-0.31104422,1.9460074
21.79726575525175,-0.354051780172143,2.332404709048905,-0.29207498,1.9883755
21.807269089696565,-0.2134029674951054,2.130830426540488,-0.2726226,2.0324776
21.81727242414138,-0.300712366772453,2.0323508614461385,-0.25263667,2.0783317
21.827275758586197,-0.5517769510960582,2.3099954928853674,-0.23207386,2.125924
21.837279093031007,-0.1346917589758607,2.181740948229785,-0.2108946,2.1752207
21.847282427475825,-0.2001978864871419,2.364017442237273,-0.18907858,2.2261279
21.85728576192064,-0.3900396866799364,2.211130665618796,-0.16659905,2.278554
21.86728909636545,-0.3040319738234726,2.612375708376748,-0.1434445,2.332359
21.877292430810268,0.0214836419956486,2.064277236348643,-0.11960484,2.387388
21.88729576525508,-0.3127228049721741,2.4238261377936587,-0.09509285,2.4434266
21.897299099699897,-0.1318254053861297,2.2949459237615435,-0.06991567,2.500263
21.907302434144714,0.2559557459395721,2.591294984512631,-0.044092447,2.5576575
21.91730576858953,0.0611745204024429,2.492258736342368,-0.017640859,2.6153681
21.927309103034343,0.1245217603675456,2.5914237435996674,0.009405211,2.673115
21.93731243747916,0.0004334054884125,2.793285483520906,0.037025437,2.7306492
21.94731577192397,-0.1741273152502686,2.9949866044124107,0.06520887,2.7877448
21.95731910636879,0.1254085976426538,3.0019475442686696,0.09393506,2.8441563
21.967322440813604,-0.0348873854461358,2.726200127269611,0.12321104,2.8997
21.977325775258414,-0.0189298716912821,2.9574969651120018,0.15305339,2.954219
21.987329109703232,0.1947358942721297,2.9059024256761337,0.18350123,3.0076008
21.997332444148046,0.0627626415267049,2.841390115338793,0.21458714,3.0597396
22.00733577859286,0.2381911659396254,3.017363083088748,0.24637856,3.110597
22.01733911303768,0.1737713657380502,3.374885434187657,0.27893847,3.1601458
22.027342447482493,0.2959690507446038,3.3885325140162674,0.31234133,3.2083879
22.037345781927307,0.260588345836482,3.2893041193660038,0.3466407,3.255307
22.04734911637212,0.3650588503470735,3.0516284666233204,0.38189316,3.3009064
22.057352450816936,0.6209709802647656,3.3385610391980536,0.4181385,3.3451743
22.067355785261757,0.5525460113286973,3.297216371978794,0.45537043,3.3880446
22.077359119706568,0.4502269555642866,3.329540565678999,0.493572,3.4294388
22.087362454151386,0.6952123051463578,3.5539161110451096,0.5326866,3.4692278
22.0973657885962,0.6001964296459804,3.756375185294936,0.57262754,3.5072415
22.10736912304101,0.7543578408545389,3.710406982479118,0.61325735,3.5432453
22.11737245748583,0.4038306648003326,3.531426181359597,0.65443057,3.5769832
22.127375791930643,0.5030741062616307,3.781984787214413,0.6959741,3.6081588
22.137379126375457,0.7161737487292014,3.497939221305529,0.7377112,3.6364563
22.14738246082027,0.6994977263533343,3.5123162954940965,0.77943796,3.6615293
22.157385795265085,0.7573448223209686,3.5139616774889264,0.820984,3.6830478
22.167389129709903,0.8823847268209023,3.8403659477565744,0.86218655,3.7006829
22.17739246415472,1.1271834551337554,3.927468991750933,0.9028871,3.714111
22.18739579859953,0.8156248604091447,3.934460855068833,0.9429781,3.723042
22.197399133044343,0.7075725092334965,3.673311750504319,0.9823646,3.7271988
22.20740246748916,1.00539572476243,3.493926611199222,1.0209982,3.726333
22.21740580193397,0.9880576176360591,3.6582510153962775,1.0588297,3.72022
22.227409136378792,1.0469634034460946,3.6368456570389753,1.0958586,3.708656
22.237412470823607,1.133390232084978,3.7822104269091104,1.1321007,3.6914585
22.24741580526842,1.3175686365912689,3.754744221171738,1.1675911,3.6684635
22.257419139713235,1.029681329685583,3.684796815320233,1.2023612,3.639538
22.26742247415805,0.980440926183436,3.744601735186228,1.2364691,3.6045625
22.277425808602867,1.3072217397593064,4.009778157978713,1.2699668,3.563451
22.28742914304768,1.1616435285792877,3.548951151538404,1.3029133,3.5161366
22.297432477492496,1.204177683333444,3.564828260759079,1.3353416,3.4626215
22.30743581193731,1.3828094683385193,3.463257908926117,1.3672932,3.402931
22.317439146382124,1.5228583517474417,3.311552456998056,1.3987962,3.3371456
22.32744248082694,1.5414787335543048,3.4125393553689265,1.4298469,3.265436
22.33744581527176,1.4246345005436312,3.207294730434137,1.4604406,3.1880188
22.34744914971657,1.822525506076204,3.050162415149853,1.4905506,3.1051886
22.357452484161385,1.5344616333842136,2.9740974338039265,1.520136,3.0173001
22.3674558186062,1.7879841914706531,3.1296665548341087,1.5491247,2.924836
22.377459153051014,1.4478474520649267,2.980025005379206,1.577447,2.8282974
22.38746248749583,1.616772081457908,2.7290286185284285,1.605019,2.728257
22.39746582194065,1.7193917598516406,2.7656382053459936,1.6317555,2.6253226
22.40746915638546,1.6645788106184265,2.599475528883037,1.6575562,2.5201886
22.417472490830274,1.7224255612796429,2.536988762205624,1.6823398,2.4135118
22.42747582527509,1.691140640883219,2.302100226821687,1.7060324,2.3059564
22.437479159719903,1.959780931163896,2.136102648312859,1.7285622,2.198219
22.44748249416472,1.7922364062638023,2.141303524952056,1.7498833,2.0909257
22.45748582860953,2.013350017751849,1.950136387222277,1.7699654,1.9846727
22.46748916305435,1.6594246823531182,1.8375080007564544,1.7887981,1.8799843
22.477492497499163,1.8375177423841649,1.6756790523516036,1.80638,1.7773911
22.48749583194398,1.735509334557385,1.459076416936358,1.8227334,1.6773037
22.4974991663888,1.8606694524899567,1.609110609865493,1.8378938,1.5800823
22.50750250083361,1.6177635642178236,1.75136442964176,1.8519088,1.4860085
22.517505835278424,1.660258186192609,1.6148386201495477,1.8648275,1.3953482
22.52750916972324,1.7657816576713263,1.6448994342080565,1.8767132,1.308251
22.537512504168053,1.9970173976762584,1.1655880794608118,1.887629,1.2248222
22.54751583861287,1.759811968496403,1.3226662151595985,1.8976349,1.1451484
22.557519173057685,1.8699756524106617,1.124508156114014,1.906794,1.0692257
22.5675225075025,2.111321659048513,0.9588010160166642,1.9151651,0.9970311
22.577525841947317,1.9445567049302297,1.1386823533102493,1.9228054,0.9284872
22.587529176392128,2.0618593013198785,0.8991589608466523,1.9297634,0.8635248
22.597532510836945,1.9060669062121791,0.5931333866330041,1.9360884,0.80201256
22.60753584528176,1.7991900263230232,0.8357934439749587,1.9418238,0.74381816
22.61753917972657,1.9445141683756069,0.736546733804692,1.9470088,0.6887821
22.627542514171388,2.128045019490102,0.4875273440873571,1.9516789,0.6367663
22.6375458486162,1.9431128003608316,0.6371933634537934,1.9558672,0.5875944
22.647549183061017,1.8787474989081865,0.7697225997863424,1.9596034,0.5411042
22.657552517505835,2.125965834709307,0.5473983231696503,1.9629172,0.49712288
22.66755585195065,2.263619007241584,0.2305928108253115,1.9658321,0.4555062
22.677559186395463,1.9976567598822736,0.4645053608192367,1.9683741,0.4160899
22.68756252084028,1.8655133924458365,0.4112750275193749,1.970565,0.37872207
22.69756585528509,1.8401636734058315,0.4287551140172941,1.9724269,0.3432728
22.70756918972991,2.1678775911772696,0.3273200941463092,1.9739801,0.30960715
22.717572524174724,1.7339539575407064,0.1049477167872386,1.975244,0.27760231
22.727575858619534,2.098893819368516,0.2187434285740024,1.9762377,0.2471403
22.737579193064352,1.612065075448546,0.3695863728311266,1.9769772,0.21812929
22.747582527509167,2.038328093273583,0.0298001021952502,1.9774818,0.19046845
22.757585861953984,2.1684441611094574,0.0223300341691511,1.9777652,0.16407408
22.7675891963988,1.9170318327685043,0.1507117974608179,1.9778429,0.1388656
22.777592530843613,2.28829826078867,0.3150885143878094,1.9777294,0.11477937
22.787595865288427,2.075697400318495,0.1170018131295361,1.9774384,0.09174885
22.79759919973324,2.1408323013991564,-0.1633883574950825,1.9769819,0.06971587
22.80760253417806,2.118877930699939,-0.1060925841286356,1.9763724,0.048636094
22.817605868622877,2.0699694311339645,-0.0499735618608943,1.9756199,0.028459921
22.827609203067688,2.097126783720358,-0.0168133754918469,1.974736,0.009144202
22.837612537512506,1.5605560903202935,-0.0252441860810098,1.9737293,-0.0093494505
22.84761587195732,2.1172270231255705,-0.0016786733570998,1.972608,-0.027051076
22.85761920640213,2.004748621124248,0.1622606263817926,1.971382,-0.043995246
22.86762254084695,2.065924089122343,-0.0329762558047839,1.9700576,-0.060212
22.877625875291763,2.174832435065308,-0.0579294672741173,1.9686413,-0.075732574
22.887629209736577,1.8822647543309643,-0.4909447787476412,1.9671404,-0.09057723
22.89763254418139,1.9440850988014395,-0.0231670718515146,1.9655601,-0.10477339
22.90763587862621,1.9612585439414576,-0.0285344680197003,1.9639052,-0.118348226
22.917639213071023,2.034991895726101,0.0337669042352176,1.962181,-0.13132058
22.92764254751584,1.966755713518365,-0.0994019454115669,1.9603915,-0.14371525
22.93764588196065,2.085178137308364,0.0461872333840414,1.9585413,-0.15555464
22.947649216405463,1.7514640555396248,-0.2567676292339282,1.9566318,-0.16686188
22.95765255085028,2.1328137398049822,0.0354451205097841,1.954668,-0.17765461
22.96765588529509,2.0395411796685154,-0.2482911358656262,1.9526535,-0.18795477
22.977659219739916,2.115014625538948,-0.0815714525102146,1.9505883,-0.19778405
22.987662554184727,1.945340931813071,-0.1693976819501556,1.9484755,-0.20716272
22.99766588862954,2.174143864278084,0.0579537502669628,1.9463181,-0.21610795
23.007669223074355,2.1061655448485688,-0.225297204747966,1.9441167,-0.22464024
23.01767255751917,1.9843129169627705,-0.1542687554133797,1.9418739,-0.23277794
23.027675891963987,1.972665815805882,-0.2150747248233697,1.9395895,-0.24054085
23.0376792264088,1.8288739774635243,-0.0543080728406364,1.9372668,-0.24794494
23.047682560853616,1.8140148546306836,-0.3187492990732965,1.934906,-0.2550069
23.05768589529843,1.9971194517544648,0.0399134017613436,1.9325076,-0.26174605
23.067689229743245,1.9164688844011848,-0.3631909529332756,1.9300736,-0.26817596
23.077692564188062,1.8945947902700504,-0.0187749149934862,1.927604,-0.27431357
23.08769589863288,1.5526684939295092,-0.4221226236131447,1.9251004,-0.2801739
23.09769923307769,2.381476314309661,-0.1869775888664615,1.9225621,-0.28577197
23.107702567522505,1.8031089484063527,-0.2856046062463803,1.9199909,-0.29111946
23.11770590196732,1.976311681921636,-0.1559271068847806,1.9173881,-0.29623115
23.127709236412137,2.239270569858649,-0.2279265075425507,1.9147526,-0.30112112
23.13771257085695,1.8794955429589455,-0.1713562061926817,1.9120849,-0.3057996
23.14771590530177,1.8528128671864827,-0.4474866825866929,1.9093871,-0.31027806
23.15771923974658,1.690621543779799,-0.5301908624540108,1.906658,-0.3145684
23.167722574191394,1.8171699162325956,-0.474904219839081,1.9038986,-0.31868184
23.17772590863621,1.9956242261696728,-0.4808484935846056,1.9011103,-0.32262576
23.187729243081023,1.474065459453472,-0.4601246614493557,1.8982921,-0.3264116
23.19773257752584,1.871788424394256,-0.396858450085171,1.8954457,-0.33004773
23.20773591197065,2.167423987180819,-0.4004841004446161,1.8925697,-0.33354294
23.21773924641547,2.068538306469005,-0.3136253392684737,1.8896666,-0.33690464
23.227742580860284,1.9269357970159784,-0.4383286306469632,1.8867353,-0.3401407
23.2377459153051,1.9213236615452212,-0.429952788721447,1.8837775,-0.34325755
23.24774924974992,1.952482699902712,-0.3527203574417492,1.8807915,-0.3462628
23.25775258419473,1.78210189002801,-0.1705255580846481,1.8777802,-0.3491615
23.267755918639544,1.9846187948698597,-0.3884825394239623,1.8747429,-0.35196006
23.27775925308436,1.9391935084214704,-0.335750798708592,1.8716791,-0.35466468
23.287762587529173,1.7839884831021269,-0.3144522723802904,1.8685905,-0.35728014
23.29776592197399,1.817714222972476,-0.4685650645531252,1.865477,-0.35981023
23.307769256418805,1.6641715738470182,-0.3823672491062809,1.8623391,-0.36226046
23.31777259086362,1.9893353068886717,-0.4344828355039489,1.8591766,-0.3646356
23.327775925308437,2.2790819045532,-0.1990991325998994,1.8559908,-0.3669387
23.337779259753248,2.0932943706291387,-0.2142973478945602,1.8527822,-0.36917412
23.347782594198065,2.1722276913658067,-0.4532330733747883,1.8495502,-0.37134373
23.35778592864288,1.5068247514021156,-0.4036710135342033,1.8462955,-0.3734535
23.36778926308769,1.9712903429407265,-0.3155675834194051,1.8430194,-0.3755051
23.37779259753251,1.9254858805084365,-0.1416781633535771,1.8397218,-0.37750065
23.387795931977323,1.9380666997162723,-0.2214766088526762,1.8364028,-0.37944257
23.39779926642214,1.7364023571993172,-0.5071018872181117,1.8330625,-0.38133633
23.407802600866955,2.1160182064369035,-0.3291182921237615,1.8297023,-0.38318074
23.41780593531177,1.7769668120630262,-0.4389060045278489,1.8263222,-0.38497913
23.427809269756583,1.7696185906348614,-0.4534678106653259,1.8229214,-0.3867346
23.4378126042014,1.6710366292060306,-0.5735991456885284,1.8195022,-0.38844812
23.44781593864621,1.8307658268892777,-0.4388732590552348,1.816063,-0.3901211
23.45781927309103,2.0225840734274048,-0.3073584859927251,1.812606,-0.39175546
23.467822607535844,1.8927876108345787,-0.4641620924832894,1.8091298,-0.39335287
23.477825941980655,1.8313016219104172,-0.299907467181203,1.8056364,-0.39491498
23.487829276425472,1.953337382133639,-0.3694956567533357,1.8021246,-0.39644277
23.497832610870287,2.0042149987198816,-0.355559462377103,1.7985951,-0.3979379
23.507835945315104,1.957698244387168,-0.4315744515903797,1.7950474,-0.39940155
23.51783927975992,1.5632940590529745,-0.3191753616506476,1.7914834,-0.40083373
23.527842614204733,1.940378510174409,-0.2744545524568836,1.7879022,-0.4022361
23.537845948649547,1.891291990510636,-0.4143679997282626,1.784304,-0.40360963
23.54784928309436,1.7033227008904843,-0.2806408672758338,1.7806886,-0.40495694
23.55785261753918,1.8846590059584705,-0.4488529467535012,1.7770572,-0.40627515
23.567855951983997,1.983449433425624,-0.4984646635562418,1.7734088,-0.40756857
23.577859286428808,1.7258379134286672,-0.1218875231269443,1.7697436,-0.40883696
23.587862620873626,1.93997107497425,-0.4223698049758873,1.7660617,-0.41008008
23.59786595531844,1.8490950469759468,-0.3467682147394352,1.7623633,-0.4112991
23.60786928976325,1.3904368505267168,-0.5072792096270831,1.7586485,-0.4124955
23.61787262420807,1.7909298004579126,-0.4261241957396348,1.7549157,-0.41366804
23.627875958652883,1.8318869510835072,-0.2045386259728824,1.7511672,-0.41481936
23.637879293097697,1.7428429182539025,-0.5339426654993312,1.7474009,-0.415949
23.64788262754251,1.8360397343530237,-0.4256272092339944,1.7436174,-0.41705668
23.65788596198733,1.7601280933841004,-0.4217453501546262,1.7398156,-0.4181453
23.667889296432143,2.116025467419056,-0.7154361695587015,1.7359966,-0.41921318
23.67789263087696,1.71769833146146,-0.3812410426301544,1.73216,-0.42026126
23.68789596532177,1.6549620423397104,-0.2470773175620582,1.7283038,-0.42129076
23.697899299766583,1.8902933821729624,-0.3905846557749414,1.7244296,-0.4223014
23.7079026342114,1.7238612274361718,-0.4015924443956149,1.7205364,-0.4232937
23.71790596865622,1.7448880265731863,-0.3979399308141392,1.716623,-0.42426813
23.727909303101036,1.7285359901679016,-0.3497096500718297,1.712689,-0.4252249
23.737912637545847,1.8658335122320049,-0.5735175624721625,1.7087355,-0.42616522
23.74791597199066,1.5913538965799083,-0.652666566127589,1.7047607,-0.42708886
23.757919306435475,1.875000713889943,-0.3542599201143543,1.7007644,-0.42799628
23.767922640880293,1.8169046046441244,-0.6076623327841257,1.6967458,-0.4288875
23.777925975325108,2.0049157238451425,-0.4860044430900048,1.6927048,-0.42976344
23.78792930976992,1.7584489591366517,-0.26796873767951,1.688641,-0.43062437
23.797932644214736,1.5812011576746492,-0.4795355305377113,1.6845533,-0.43146956
23.80793597865955,1.752139262407272,0.0295624477013985,1.680441,-0.4323014
23.817939313104365,1.7664328129611415,-0.1595875583900733,1.676304,-0.43311822
23.827942647549182,1.8981007927779772,-0.3468354038361403,1.6721416,-0.4339217
23.837945981994,1.564841168939018,-0.2445813842423246,1.667952,-0.43471205
23.84794931643881,1.484459567470777,-0.1649333861866432,1.6637365,-0.4354881
23.857952650883625,1.7351172415287583,-0.8041314989332438,1.6594937,-0.436252
23.86795598532844,1.649965468419098,-0.3100525567557655,1.655222,-0.43700278
23.877959319773257,1.661397214214127,-0.302454436803912,1.6509212,-0.43774188
23.88796265421807,1.5653409180087854,-0.6071774198000126,1.6465918,-0.43846858
23.89796598866289,1.6780056726466988,-0.4081345042740785,1.6422318,-0.4391836
23.9079693231077,1.6323268148311307,-0.2303798629197482,1.6378404,-0.43988717
23.917972657552514,1.5528992386228488,-0.3691181162530565,1.6334184,-0.44057977
23.92797599199733,1.6864554556186322,-0.6512353631434351,1.628964,-0.4412614
23.937979326442147,1.4742186257843086,-0.4175922668535431,1.6244768,-0.44193184
23.94798266088696,1.9650497616236149,-0.3341556747554081,1.6199554,-0.44259274
23.95798599533177,1.4048043944481174,-0.8893032009424338,1.6154004,-0.4432429
23.96798932977659,1.769370590363143,-0.4388628115557698,1.6108106,-0.4438833
23.977992664221404,1.8263482817677232,-0.5582565612152159,1.6061853,-0.44451463
23.98799599866622,1.7034188186896153,-0.3009585532579406,1.601524,-0.44513595
23.99799933311104,1.5794784957579044,-0.4935510498432243,1.596826,-0.4457487
24.00800266755585,1.6460809165698314,-0.3500086691144068,1.5920905,-0.44635236
24.018006002000664,1.6358170037748263,-0.287101162437952,1.5873178,-0.4469477
24.02800933644548,1.5643344059930333,-0.6342692879778251,1.5825056,-0.4475342
24.038012670890296,1.9258103382334664,-0.5275336774082702,1.5776553,-0.44811285
24.04801600533511,1.5396178472954616,-0.4485588725708598,1.5727652,-0.44868314
24.058019339779925,1.6305606001597732,-0.4985651124707779,1.5678347,-0.4492458
24.06802267422474,1.613446770890015,-0.4484254915825448,1.5628644,-0.4498011
24.078026008669557,1.637842355256503,-0.7980071721329136,1.5578533,-0.45034802
24.08802934311437,1.889287698889836,-0.4684244421928437,1.5528005,-0.45088875
24.098032677559186,1.6897656406949386,-0.6550177568007811,1.5477052,-0.45142233
24.108036012004,1.527517389899131,-0.5511455207789571,1.5425683,-0.45194948
24.11803934644881,1.814100335132017,-0.5401900315439174,1.5373884,-0.45246923
24.12804268089363,1.7028072292435006,-0.5519252453629975,1.5321661,-0.45298254
24.138046015338443,1.5166349153213787,-0.4932633325230642,1.5268986,-0.4534899
24.14804934978326,1.7725160452495283,-0.7420019195506975,1.5215894,-0.4539913
24.158052684228075,1.3779801739725135,-0.7527377637631556,1.5162357,-0.45448625
24.16805601867289,1.4075736332408406,-0.584524925903497,1.510836,-0.45497572
24.178059353117703,1.3238747073814172,-0.5750752097277795,1.5053934,-0.455459
24.18806268756252,1.2591662410648743,-0.6198449583551326,1.4999057,-0.45593703
24.198066022007332,1.736741423018527,-0.4088278194465204,1.4943737,-0.4564103
24.20806935645215,1.5800817401251488,-0.622028310627558,1.4887944,-0.4568776
24.218072690896964,1.316810178098705,-0.6447569248183328,1.4831716,-0.45733988
24.228076025341775,1.535980702540489,-0.3459558772975767,1.4775025,-0.45779765
24.238079359786592,1.673034266928216,-0.3839167537319381,1.4717883,-0.4582497
24.248082694231407,1.4222401125202673,-0.4771801520379619,1.4660276,-0.4586972
24.258086028676225,1.4798440328386442,-0.5134234202831393,1.460222,-0.45914042
24.26808936312104,1.828763407620679,-0.7499561686092582,1.4543706,-0.4595784
24.278092697565853,1.483118295642767,-0.3063343943448835,1.4484718,-0.4600128
24.288096032010667,1.2935382022813713,-0.5871294665252107,1.4425293,-0.4604422
24.29809936645548,1.4291444889121732,-0.5265620964324842,1.4365405,-0.46086752
24.3081027009003,1.2641609557033997,-0.4063083489269106,1.4305059,-0.46128857
24.318106035345117,1.598527503410645,-0.421909618181435,1.4244248,-0.4617058
24.328109369789928,1.3630335284036583,-0.4877867342681882,1.4182992,-0.46211898
24.338112704234742,1.353653656707642,-0.5532838360953695,1.4121289,-0.46252787
24.34811603867956,1.8065445824798427,-0.4917053669735262,1.4059128,-0.46293342
24.35811937312437,1.3003243241420952,-0.4817098993386169,1.3996507,-0.4633354
24.36812270756919,1.27058666947638,-0.6913483472377625,1.3933452,-0.46373332
24.378126042014003,1.3120637665097448,-0.5809167593675866,1.3869952,-0.4641279
24.388129376458817,1.6036267810136025,-0.4303220676803942,1.3806006,-0.4645182
24.39813271090363,1.5363525131546945,-0.6847708113978933,1.3741606,-0.4649061
24.40813604534845,1.3714999871518267,-0.4820221669528725,1.3676788,-0.4652897
24.418139379793264,1.353214755979446,-0.5675084198773364,1.3611528,-0.46567
24.42814271423808,1.508403385848185,-0.5810424617043056,1.3545836,-0.46604764
24.43814604868289,1.4708160770906804,-0.292833485335763,1.3479725,-0.46642172
24.448149383127703,1.4058061035507112,-0.3579025019487833,1.3413187,-0.46679223
24.45815271757252,1.5101379310517011,-0.7579952877349494,1.3346236,-0.46715963
24.46815605201734,1.2555285475988602,-0.666100785552117,1.327885,-0.46752417
24.478159386462156,1.287209185175477,-0.5578051151520993,1.3211073,-0.46788514
24.488162720906967,1.5021844321928937,-0.3592372465830779,1.3142887,-0.46824324
24.49816605535178,1.450734999562588,-0.617662707254456,1.30743,-0.46859825
24.5081693897966,1.08666038308604,-0.5435738476464531,1.3005302,-0.46895087
24.518172724241413,1.3973162528862164,-0.5301275960987901,1.293593,-0.4693004
24.528176058686228,1.703806627860684,-0.3749365703855575,1.2866175,-0.46964633
24.53817939313104,1.500014655460432,-0.7088527192339514,1.2796022,-0.4699899
24.548182727575856,1.2996556706042244,-0.582340361857689,1.2725507,-0.47033012
24.55818606202067,1.254606951610306,-0.4966754395682545,1.265463,-0.47066796
24.568189396465485,1.4187305836396806,-0.7386831971433356,1.2583386,-0.47100246
24.578192730910303,1.538955409960323,-0.5638444195767063,1.2511774,-0.47133458
24.58819606535512,1.0942725883177893,-0.5907099739319643,1.2439822,-0.47166383
24.59819939979993,1.3899755785727022,-0.440972536295009,1.236753,-0.47199023
24.608202734244745,1.291294762045359,-0.4666504345032908,1.2294897,-0.47231376
24.61820606868956,1.3640686503136945,-0.7921177911009414,1.2221923,-0.4726349
24.628209403134377,1.1177622241178509,-0.4305644208510447,1.2148637,-0.47295344
24.63821273757919,1.503432739028102,-0.5546729636855626,1.2075032,-0.47326887
24.64821607202401,1.542346188723025,-0.4488527650022087,1.2001108,-0.4735812
24.65821940646882,1.4144459518695265,-0.7483516422679029,1.1926892,-0.47389138
24.668222740913635,1.5654829937378685,-0.5355980317143031,1.1852375,-0.47419894
24.67822607535845,1.2417146489939117,-0.720751627671585,1.177758,-0.47450387
24.688229409803267,1.3318837163416075,-0.8757193576818163,1.1702476,-0.4748057
24.69823274424808,1.3920458641573603,-0.7727289412510806,1.162712,-0.4751054
24.70823607869289,1.336366978339549,-0.7126546512661542,1.1551499,-0.475402
24.71823941313771,1.2347451209265463,-0.7527538554842207,1.1475616,-0.47569668
24.728242747582527,1.2438060524973942,-0.3607057768857163,1.139947,-0.4759885
24.73824608202734,1.4692814065787956,-0.5959278613431296,1.132309,-0.47627747
24.74824941647216,1.2512088421550147,-0.5275503179045592,1.1246477,-0.4765631
24.75825275091697,1.4179266384347258,-0.7838300096474208,1.1169639,-0.476848
24.768256085361784,1.230189963728229,-0.9379259074840962,1.1092564,-0.47712886
24.7782594198066,1.4035914671831011,-0.360253854337376,1.1015295,-0.47740757
24.788262754251416,1.2404035539413345,-0.9942369984220388,1.0937812,-0.47768342
24.79826608869623,1.3129333964136445,-0.8166818088461169,1.0860128,-0.4779569
24.808269423141045,1.115248692300012,-0.5927722312811875,1.0782262,-0.4782282
24.81827275758586,1.246027115436369,-0.7657749307646494,1.0704217,-0.47849667
24.828276092030677,1.103436591335744,-0.6795952003349138,1.0626005,-0.47876203
24.83827942647549,1.1324305332677422,-0.8708826760582473,1.054761,-0.47902596
24.848282760920306,1.1368772335145911,-0.6597016802334646,1.0469071,-0.47928703
24.85828609536512,1.152894859975111,-0.9289298017789184,1.0390387,-0.479545
24.86828942980993,1.3207549627586344,-1.1341101700841505,1.0311568,-0.47979987
24.87829276425475,1.0981604873931474,-0.8228277362259153,1.0232599,-0.48005354
24.888296098699563,1.1799960518381716,-0.6521853814432159,1.015352,-0.48030436
24.89829943314438,1.3193707218214252,-0.8500618725824722,1.0074327,-0.4805528
24.908302767589195,1.2308617906474515,-0.7207273433364677,0.9995008,-0.4807986
24.91830610203401,0.8785924560267837,-0.4720531939466227,0.9915607,-0.48104155
24.928309436478823,0.9118853076438362,-0.7013816760465397,0.9836109,-0.4812826
24.93831277092364,1.1785018699567245,-0.7302734544004876,0.9756538,-0.481521
24.948316105368452,1.038054515400198,-0.6549872487518098,0.96768665,-0.48175633
24.95831943981327,0.8703447300848774,-0.7965519420569708,0.9597143,-0.4819895
24.968322774258084,1.011901839079988,-0.8960239611558789,0.9517368,-0.48221982
24.9783261087029,1.152801521507859,-0.6407112026349359,0.94375306,-0.48244846
24.988329443147716,1.0289291485133163,-0.6932895354615828,0.93576425,-0.48267376
24.99833277759253,1.0797273273339467,-0.9525182118107836,0.92777294,-0.4828974
25.008336112037345,1.0253413779720026,-0.8719089111952926,0.91977865,-0.4831184
25.01833944648216,0.9512190675582436,-0.7712686219776315,0.91178244,-0.48333657
25.028342780926973,1.0825105673471789,-1.082893107092478,0.9037834,-0.48355305
25.038346115371787,0.7910906330652732,-0.7895510484755881,0.89578545,-0.48376667
25.048349449816605,0.907941257051584,-0.8171132480000978,0.8877868,-0.4839779
25.05835278426142,1.1386958116139867,-1.0624402437726346,0.8797885,-0.48418677
25.068356118706237,0.8010527545824573,-0.6302275898784586,0.871793,-0.48439252
25.078359453151048,1.0566497734559457,-0.9540959107930088,0.8637997,-0.48459685
25.088362787595862,0.8548554589455291,-0.977821558167382,0.8558092,-0.48479855
25.09836612204068,0.8072924982511536,-0.7790234579563526,0.8478218,-0.48499763
25.10836945648549,0.8601947230440627,-0.7580256536975871,0.83984005,-0.48519456
25.11837279093031,0.9073369869137518,-1.089326485583868,0.83186287,-0.4853896
25.128376125375123,0.894102433824804,-1.3374718863662982,0.8238924,-0.48558247
25.138379459819937,0.9304385691925758,-0.980650076744084,0.81592757,-0.485772
25.14838279426475,1.062658587217463,-1.2496336869919686,0.8079708,-0.48595965
25.15838612870957,1.103504765326586,-0.8554326131115924,0.8000215,-0.4861449
25.168389463154384,1.1071903598690556,-0.9985528553436352,0.79208034,-0.48632777
25.1783927975992,1.0615056856273015,-1.223750133651627,0.7841493,-0.48650873
25.18839613204401,1.0062907756854509,-1.1314630996774464,0.7762281,-0.4866873
25.198399466488823,0.641407696934088,-1.1974511207994205,0.7683176,-0.48686326
25.20840280093364,0.8796004104789795,-1.1658427897840085,0.76041657,-0.4870373
25.21840613537846,0.92469944200455,-1.3271386057493868,0.7525289,-0.48720944
25.228409469823276,0.5386027068259645,-0.8640981942096686,0.74465436,-0.48737967
25.238412804268087,0.9824737675131302,-1.2417639025575835,0.7367919,-0.48754656
25.2484161387129,0.8355438061869549,-0.9462279588160656,0.7289424,-0.48771155
25.25841947315772,0.8878134358692423,-1.092088992468174,0.72110784,-0.48787558
25.268422807602533,0.9779915096873965,-1.239494174843911,0.7132882,-0.48803604
25.278426142047348,0.8070214334248567,-1.1485388465468025,0.7054817,-0.48819554
25.28842947649216,0.7498934793918136,-1.2207294019867334,0.6976936,-0.48835194
25.298432810936976,0.790033511619363,-1.1739310129458818,0.6899214,-0.48850667
25.30843614538179,0.6099623863453045,-1.0761069946037782,0.68216664,-0.48865926
25.31843947982661,0.6087150553009755,-1.246860850974416,0.6744273,-0.48880994
25.328442814271423,0.6986452770304528,-1.1786398665462887,0.66670734,-0.48895848
25.33844614871624,0.4126495180723913,-1.117443926506593,0.6590058,-0.48910487
25.34844948316105,0.6163524909753593,-1.087321989884651,0.6513236,-0.4892491
25.358452817605865,0.6333652156390958,-1.2974062649848903,0.64365923,-0.48939216
25.368456152050683,0.9791444342445388,-1.3519873054575122,0.6360162,-0.48953235
25.378459486495498,0.8646828142925692,-1.3253970923369145,0.62839377,-0.48967135
25.388462820940312,0.727733636843254,-1.3422049955495603,0.62079173,-0.48980844
25.39846615538513,0.7789450434030287,-1.4775686998801665,0.61321,-0.48994195
25.40846948982994,0.4902817249055097,-1.493178786853398,0.60565156,-0.49007523
25.418472824274755,0.6387365719292779,-1.453800167687823,0.5981148,-0.49020612
25.42847615871957,0.7159755399656168,-1.2489029262220546,0.5905995,-0.4903351
25.438479493164387,0.4484699856758831,-1.5793098033344015,0.5831081,-0.49046195
25.4484828276092,0.3645721210820258,-1.18995532741564,0.5756406,-0.49058735
25.45848616205401,0.6106152423061886,-1.4485436071899422,0.5681971,-0.49071085
25.46848949649883,0.3485283267626778,-1.5474213038463571,0.56077576,-0.49083316
25.478492830943647,0.610322911348296,-1.6126411476087932,0.5533804,-0.4909531
25.48849616538846,0.6793923084778049,-1.2562054027649974,0.54600936,-0.49107158
25.49849949983328,0.359795678491883,-1.7853363422687902,0.53866434,-0.49118793
25.50850283427809,0.3537273101955471,-1.4208581423398423,0.5313431,-0.49130237
25.518506168722904,0.6249889952617166,-1.712605792602413,0.5240493,-0.49141562
25.52850950316772,0.457061628598175,-1.8460324938208617,0.516782,-0.49152672
25.538512837612537,0.5677086124023617,-1.8126525039075725,0.5095394,-0.4916364
25.54851617205735,0.3774929029102031,-1.69735755980784,0.502325,-0.49174464
25.558519506502165,0.370266311889857,-1.857867139387017,0.4951377,-0.49185073
25.56852284094698,0.3816628959824419,-1.7382418077599,0.48797828,-0.49195564
25.578526175391797,0.608300334582724,-1.8056553144911984,0.4808451,-0.49205863
25.58852950983661,0.4627009939355925,-1.960427663895666,0.47374046,-0.49216068
25.598532844281426,0.2165286622305504,-1.870383366800205,0.46666515,-0.49226058
25.60853617872624,0.3284854377382372,-2.220984394184068,0.4596172,-0.49235952
25.61853951317105,0.2332860624402257,-2.0602214405187658,0.45259696,-0.49245656
25.62854284761587,0.1852111975934998,-1.8668166198656515,0.44560772,-0.49255168
25.638546182060686,0.3126154765777061,-1.9254837027054328,0.43864667,-0.49264586
25.6485495165055,0.258579948987761,-2.1627216232528954,0.4317137,-0.49273837
25.658552850950315,0.0565604763899072,-2.2176854120752365,0.42481196,-0.49282992
25.66855618539513,0.1765405647481418,-2.4701448013610934,0.41794002,-0.49292004
25.678559519839943,0.0707251385393903,-2.360207807279937,0.41109782,-0.4930085
25.68856285428476,0.1902787803219742,-2.290156750507652,0.40428454,-0.49309528
25.698566188729576,0.0171840547748088,-2.3376444971239887,0.39750367,-0.4931811
25.70856952317439,0.0527091684062717,-2.8879654414993903,0.39075238,-0.49326527
25.718572857619204,-0.0175388684376094,-2.34610782208021,0.3840322,-0.493348
25.72857619206402,-0.222460473671278,-2.5423209887617157,0.37734115,-0.49343002
25.738579526508836,0.2417345591421033,-2.7253630635467494,0.37068218,-0.4935106
25.74858286095365,-0.0221134995149796,-2.8596352829848413,0.3640554,-0.49358952
25.758586195398465,0.1947443174724837,-2.729941445604681,0.357459,-0.49366748
25.76858952984328,-0.0697808692910304,-2.5682782238767925,0.35089296,-0.49374378
25.778592864288093,-0.0055242926232902,-2.957242772690417,0.3443597,-0.49381912
25.788596198732908,-0.2303518434728846,-2.806542095518499,0.33785743,-0.49389327
25.798599533177725,-0.2559414641524664,-3.253568848295067,0.33138663,-0.49396622
25.80860286762254,-0.1999274940905865,-3.2134354557847247,0.32494837,-0.49403822
25.818606202067357,0.0203222652836845,-3.0204250142388176,0.31854182,-0.49410856
25.828609536512168,-0.3886408407700497,-3.207288117156528,0.31216794,-0.4941784
25.838612870956982,-0.5676000055243452,-3.323042188634047,0.30582446,-0.49424708
25.8486162054018,-0.1636785223045216,-2.879393012895372,0.299514,-0.4943143
25.85861953984661,-0.2396993478887592,-3.283951106393326,0.2932362,-0.49437988
25.86862287429143,-0.4465588495943968,-3.469044824710254,0.28699058,-0.4944452
25.878626208736243,-0.1064578263998167,-3.4082689647326028,0.28077656,-0.4945091
25.888629543181057,-0.132263252132528,-3.2238163321076785,0.27459508,-0.49457252
25.89863287762587,-0.745413295709398,-3.583689391036759,0.26844615,-0.49463475
25.90863621207069,-0.6198098788891686,-3.544376084248963,0.26232952,-0.49469507
25.918639546515504,-0.5641030323693763,-3.1288242080280164,0.2562458,-0.4947554
25.92864288096032,-0.7526549387177315,-3.586664258443767,0.2501951,-0.49481452
25.93864621540513,-0.5349883565748073,-3.660536717775949,0.2441762,-0.49487245
25.948649549849947,-0.6476751513076334,-3.852530038624325,0.23818915,-0.4949304
25.958652884294764,-0.6852742949507258,-3.650520757788516,0.23223619,-0.49498618
25.96865621873958,-0.6894209394360479,-3.6687563551294367,0.22631495,-0.49504173
25.978659553184396,-0.5642122564469512,-3.636173608196398,0.22042744,-0.49509585
25.988662887629207,-0.8031383144021617,-3.970055259898289,0.21457069,-0.49514925
25.99866622207402,-0.9417052959530766,-3.839736889098601,0.20874827,-0.49520195
26.00866955651884,-0.8518220889444691,-3.885779973090795,0.20295767,-0.49525344
26.018672890963654,-1.0680536342745024,-3.9940665490440574,0.19719867,-0.49530447
26.028676225408468,-1.2133912562583844,-3.847308962301834,0.19147353,-0.49535477
26.03867955985328,-1.224135853493864,-3.952674193761474,0.18578117,-0.49540365
26.048682894298096,-1.1006407733291763,-3.987710113483193,0.18012099,-0.49545252
26.05868622874291,-1.0223058775666554,-3.65513561229522,0.17449205,-0.4955002
26.06868956318773,-1.199183722378068,-3.804632657953493,0.16889696,-0.4955467
26.078692897632543,-1.073386153632054,-3.813116177075573,0.16333382,-0.4955932
26.08869623207736,-1.3083121219719298,-3.487497646730139,0.1578031,-0.49563873
26.09869956652217,-1.0947844811383654,-3.5317232430491874,0.15230422,-0.49568307
26.108702900966986,-1.1246227145057843,-3.8675917289079673,0.14683835,-0.49572694
26.118706235411803,-1.0959322130732423,-3.4553510329599395,0.14140491,-0.49577057
26.128709569856618,-1.1823433031552175,-3.393440538549219,0.13600342,-0.49581254
26.138712904301432,-1.3609212818112586,-3.424459806945379,0.1306328,-0.49585426
26.14871623874625,-1.3467643177655308,-3.355990904985849,0.12529533,-0.49589503
26.15871957319106,-1.3044351911643628,-3.4678240610550297,0.11998992,-0.49593604
26.168722907635875,-1.5477651064369116,-2.838499957657993,0.1147155,-0.49597538
26.178726242080693,-1.5914424477863132,-3.092085112879337,0.10947375,-0.49601448
26.188729576525507,-1.6599896926045958,-2.9134916809608438,0.10426383,-0.49605334
26.19873291097032,-1.667161601967047,-2.8962760355753256,0.099085495,-0.49609077
26.208736245415132,-1.457538079684707,-2.8752412108380354,0.0939378,-0.49612868
26.21873957985995,-1.493732310039233,-2.54695113096988,0.08882289,-0.49616492
26.228742914304767,-1.4799321742347278,-2.547363360617703,0.083739564,-0.49620116
26.23874624874958,-1.177123112649566,-2.307150747037056,0.078687,-0.49623668
26.2487495831944,-1.6386936901792737,-2.4927537594643288,0.07366519,-0.49627197
26.25875291763921,-1.7250698509928373,-2.043012580092034,0.06867497,-0.49630582
26.268756252084025,-1.4761371574884208,-1.930778788759013,0.06371646,-0.49633944
26.27875958652884,-1.635817137900386,-2.2368150095833976,0.058787867,-0.4963733
26.288762920973657,-1.7005272746634117,-2.131380292681347,0.05389099,-0.49640572
26.29876625541847,-2.0157124982005072,-1.8071545932569115,0.049024984,-0.49643743
26.308769589863285,-1.732097777552054,-1.6069166991039554,0.044188783,-0.49646962
26.3187729243081,-1.753002748876578,-1.563992082447678,0.039383337,-0.4965011
26.32877625875292,-1.991293305153611,-1.563064023694395,0.034608766,-0.49653113
26.33877959319773,-2.084732153319463,-1.7540537662944176,0.029864237,-0.49656165
26.348782927642542,-1.7617077921732078,-1.475747313227445,0.025150582,-0.49659097
26.35878626208736,-1.755165807201566,-1.1091057375158313,0.020465776,-0.49662006
26.36878959653217,-1.991300977465536,-1.1030825094123402,0.015812084,-0.49664915
26.37879293097699,-2.0091013681891754,-1.3887433146150354,0.011188433,-0.49667776
26.388796265421806,-1.9021810624835271,-1.106096817612109,0.0065939873,-0.4967059
26.39879959986662,-1.9967026407230903,-0.6658939701326403,0.002029106,-0.4967326
26.408802934311435,-2.168869221254427,-0.8345799780727162,-0.0025058538,-0.49676
26.41880626875625,-2.097829916267631,-0.6886280605548637,-0.0070110112,-0.49678576
26.428809603201064,-1.9118061141059304,-0.7038154068053026,-0.011487916,-0.49681222
26.43881293764588,-2.105636899262165,-0.8143457938473443,-0.015934542,-0.49683845
26.448816272090696,-1.8315459385569064,-0.3755626995543925,-0.020352677,-0.49686348
26.45881960653551,-1.9047413501789097,-0.7202937091198327,-0.024741724,-0.496889
26.468822940980324,-1.931551088108706,-0.168816664808714,-0.029102996,-0.4969133
26.47882627542514,-1.9721093461678183,-0.2636078213937208,-0.03343399,-0.4969374
26.488829609869956,-2.10310568992718,-0.4417597724933471,-0.037736848,-0.49696147
26.49883294431477,-1.9032335322077465,-0.330949641858886,-0.042011455,-0.49698484
26.508836278759585,-2.114792885264834,-0.4695361583172858,-0.046258286,-0.4970075
26.5188396132044,-1.8548380026231028,-0.129307563282151,-0.050476506,-0.49703085
26.528842947649213,-1.7791104230271846,0.0003355365199906,-0.05466576,-0.4970528
26.538846282094028,-1.988220789294039,-0.2813360364109629,-0.058828786,-0.49707496
26.548849616538845,-1.8079023432114432,-0.0941880380805391,-0.06296332,-0.49709713
26.55885295098366,-2.1597369967772964,-0.3246739773857553,-0.06706984,-0.49711835
26.568856285428478,-1.940102096185634,-0.1665815365315678,-0.071149066,-0.49713886
26.57885961987329,-2.019108514146507,0.0487575697032689,-0.07520206,-0.49716008
26.588862954318103,-1.902279453536421,0.1135874310501403,-0.07922609,-0.49718034
26.59886628876292,-2.306603441286213,-0.0231939896974767,-0.08322354,-0.49720037
26.60886962320773,-1.913168444821823,-0.2669593777767519,-0.08719428,-0.4972204
26.61887295765255,-2.1158787133566817,-0.142191054525621,-0.09113844,-0.4972402
26.628876292097363,-2.014449026144502,0.2486102604119449,-0.095055535,-0.49725926
26.638879626542177,-1.7141738071630304,-0.0983896682043079,-0.09894605,-0.49727833
26.648882960986995,-1.9382480647299436,0.1257363678509294,-0.102810934,-0.4972967
26.65888629543181,-1.9585796225803995,0.118837300478097,-0.10664876,-0.49731553
26.668889629876624,-1.970487329900957,0.3281759360126237,-0.11046095,-0.49733388
26.67889296432144,-1.849847851641416,-0.0688928062333471,-0.114246085,-0.4973513
26.68889629876625,-1.8948827685834568,0.2381767865729747,-0.11800702,-0.4973694
26.698899633211067,-1.9658825359911725,0.2873838661028948,-0.12174077,-0.4973868
26.708902967655884,-1.9836757756576135,0.1603041786539731,-0.12544985,-0.4974035
26.7189063021007,-1.9923393352827048,-0.1606759439651702,-0.12913258,-0.49742115
26.728909636545517,-2.0211093396222246,0.0529556292002838,-0.13279136,-0.49743783
26.738912970990327,-2.185432803857272,0.378775728476461,-0.13642426,-0.49745333
26.74891630543514,-1.9301483636173276,0.1690649810543238,-0.14003189,-0.49747002
26.75891963987996,-2.0887174896135585,0.2272566256723468,-0.14361425,-0.497486
26.768922974324774,-1.8534081923548165,0.067539081115825,-0.14717396,-0.49750173
26.778926308769588,-2.000888876991118,0.3300426017875341,-0.15070744,-0.49751723
26.7889296432144,-2.2885252312091784,0.1989747435256661,-0.1542163,-0.4975325
26.798932977659216,-2.0604034234996127,0.1948735709550389,-0.1577018,-0.49754703
26.80893631210403,-2.0690674212598523,0.2425195293450835,-0.16116245,-0.4975623
26.81893964654885,-1.7030255458520045,0.1798332272610684,-0.16459902,-0.49757707
26.828942980993663,-1.9454966349713327,0.5338238801720281,-0.16801204,-0.4975909
26.83894631543848,-2.069380298668767,0.5126740214565406,-0.17140152,-0.49760568
26.84894964988329,-1.9836479640346556,0.5133079342986433,-0.17476721,-0.49762
26.858952984328106,-1.8694309779707483,0.2973481786653932,-0.17810883,-0.4976331
26.868956318772923,-1.9892691912268885,0.1626588515431842,-0.18142714,-0.49764764
26.878959653217738,-1.9654703721561384,0.3955936397117556,-0.18472345,-0.49766076
26.888962987662552,-1.976173702360683,0.217977468086806,-0.18799593,-0.49767435
26.898966322107366,-2.0091478430789147,0.4185962819597672,-0.19124575,-0.49768722
26.90896965655218,-1.7850374678855474,0.1736932793256667,-0.19447346,-0.4977001
26.918972990997,-2.066340922649032,0.3345120723737395,-0.19767661,-0.49771345
26.928976325441813,-1.7341258445580667,0.4531640303074402,-0.20085867,-0.49772584
26.938979659886627,-2.148200197321368,0.2451391837110447,-0.20401795,-0.49773824
26.94898299433144,-2.0971452904774885,0.247949029360688,-0.20715524,-0.49775064
26.958986328776252,-1.713993140728733,0.0778631737023135,-0.21027042,-0.4977628
26.968989663221077,-2.194553549539028,0.1700107618231556,-0.2133636,-0.49777496
26.978992997665888,-1.9056671855486131,0.3903216015806314,-0.2164345,-0.4977864
26.988996332110705,-1.88015902658885,0.4763595855009319,-0.21948476,-0.49779856
26.99899966655552,-2.207225207619333,0.4809476948324981,-0.22251303,-0.49780953
27.00900300100033,-1.9865369988518584,0.4150096518177626,-0.22551937,-0.4978217
27.019006335445145,-2.1351718202318866,0.308520660851321,-0.22850497,-0.49783242
27.02900966988996,-1.8981283725798157,0.4835401911906368,-0.23146935,-0.49784386
27.039013004334777,-2.168244529903955,0.3171047552033137,-0.23441215,-0.49785435
27.04901633877959,-2.090106020987319,0.3905496659309966,-0.23733486,-0.4978658
27.059019673224405,-1.8075803424232344,0.5099581831501759,-0.24023701,-0.49787652
27.06902300766922,-2.001237689949012,0.458052821426951,-0.24311788,-0.49788654
27.07902634211404,-1.7136474707398826,0.0745014935982525,-0.24597807,-0.49789727
27.08902967655885,-1.8227100171142163,0.4667229418774801,-0.24881859,-0.497908
27.099033011003662,-1.9501299758739108,0.1432303528240992,-0.25163913,-0.4979173
27.10903634544848,-1.7666177273649728,0.1467668796975459,-0.25443876,-0.49792778
27.11903967989329,-1.9315352687111853,0.3224722072523046,-0.25721884,-0.4979378
27.12904301433811,-1.794155264477401,0.2362484719279523,-0.25997937,-0.49794757
27.139046348782927,-2.0008594525079104,0.3467915367188198,-0.26272005,-0.4979576
27.14904968322774,-1.74388230129988,0.676745045596271,-0.26544064,-0.49796712
27.159053017672555,-2.11761559828238,0.3825680638814656,-0.26814252,-0.49797618
27.16905635211737,-2.0511103002914104,0.4896969732575882,-0.2708246,-0.49798596
27.179059686562184,-2.025532936464844,0.237259175336803,-0.2734872,-0.49799502
27.189063021007,-1.9697481428936372,0.328583388182281,-0.27613133,-0.49800456
27.199066355451816,-1.829469271972626,0.4141025149120113,-0.27875632,-0.49801362
27.20906968989663,-1.875390588723033,0.1435760588127846,-0.28136295,-0.49802244
27.219073024341444,-1.76191932522472,0.3366080018980721,-0.28395015,-0.49803102
27.22907635878626,-1.6933741616365487,0.2398640897292896,-0.28651923,-0.49804032
27.23907969323108,-2.104508156566967,0.3423764398039761,-0.2890697,-0.49804842
27.24908302767589,-1.6662921379272566,0.3730607144634286,-0.2916023,-0.49805772
27.259086362120705,-1.887139220409132,0.2197912865961615,-0.29411608,-0.4980651
27.26908969656552,-1.590013192685597,0.1973130375364526,-0.29661173,-0.4980737
27.279093031010333,-1.958962501266928,0.4386560161399898,-0.2990902,-0.49808228
27.28909636545515,-2.125017536666144,0.5457255285515358,-0.3015502,-0.4980911
27.29909969989997,-1.749432487937194,0.4907974026583082,-0.30399245,-0.4980985
27.30910303434478,-1.7557769550467963,0.3331109670442009,-0.30641782,-0.49810612
27.319106368789598,-1.9953859714270816,0.337627018838704,-0.30882496,-0.4981147
27.32910970323441,-1.9786044502943303,0.4329136868692646,-0.31121528,-0.49812257
27.339113037679223,-1.7076936202638602,0.5828580621819754,-0.31358778,-0.4981302
27.34911637212404,-1.7693233627443532,0.5013648562202699,-0.31594348,-0.49813783
27.35911970656885,-1.86602452389494,0.2922752410597724,-0.3182823,-0.49814546
27.36912304101367,-1.7467527903640847,0.3073816588434106,-0.32060426,-0.49815285
27.379126375458483,-1.7737629860785808,0.2075080829009087,-0.3229093,-0.49815977
27.389129709903298,-1.9427088683328888,0.4633321756066845,-0.32519752,-0.4981674
27.399133044348115,-1.6737717066102489,0.2215067553479385,-0.3274694,-0.49817455
27.40913637879293,-1.7024802708201068,0.2907807239884846,-0.32972515,-0.49818242
27.419139713237744,-1.7968805929260612,0.5845710679423212,-0.3319642,-0.49818957
27.42914304768256,-1.674504041523543,0.4927518925951123,-0.3341866,-0.49819624
27.43914638212737,-1.5055661861216303,0.2691351414912023,-0.33639348,-0.49820316
27.449149716572187,-1.9360105039317983,0.2677497905025406,-0.3385843,-0.49821055
27.459153051017005,-1.8225357015466024,0.0242419967670698,-0.3407591,-0.49821723
27.46915638546182,-1.8116924968169767,0.2971003061773108,-0.3429184,-0.49822414
27.479159719906637,-1.6592183838146777,0.4330154451653912,-0.34506184,-0.49823105
27.489163054351447,-1.863077240605552,0.4700190257224648,-0.34718996,-0.4982375
27.49916638879626,-1.6606599311698316,0.2676215688274795,-0.34930223,-0.49824417
27.50916972324108,-1.839265850839643,0.0504841114779339,-0.3513999,-0.49825084
27.519173057685894,-1.9250601384750576,0.2743103542601208,-0.3534814,-0.49825752
27.529176392130708,-1.7464711779421749,0.2452730609736554,-0.3555482,-0.49826324
27.53917972657552,-1.8307348180720784,0.2046884367775577,-0.35759956,-0.49826968
27.549183061020337,-1.724156721641736,0.4537611283058081,-0.35963696,-0.4982761
27.559186395465154,-1.685561574961771,0.3931827519272936,-0.3616585,-0.4982823
27.56918972990997,-1.9731555916860677,0.299769334027869,-0.36366564,-0.498289
27.579193064354783,-1.799154508228396,0.333711458689455,-0.36565876,-0.49829495
27.5891963987996,-1.7228606922510852,0.6094903127150634,-0.36763656,-0.4983009
27.59919973324441,-1.6083282114451676,0.2489951755727756,-0.3696006,-0.4983071
27.60920306768923,-1.6244022759258705,0.4946427196641642,-0.37154984,-0.4983126
27.619206402134044,-1.8430780783693403,0.5274129595341923,-0.37348562,-0.49831855
27.629209736578854,-1.7422147764325504,0.1900873338804755,-0.37540686,-0.49832475
27.639213071023672,-1.6458531526561098,0.4356338883186725,-0.37731367,-0.4983307
27.649216405468486,-1.744245322240756,0.3989932686758775,-0.37920684,-0.49833596
27.6592197399133,-1.8139013281258127,0.4976651675678341,-0.38108665,-0.49834192
27.66922307435812,-1.708485513749852,0.432660404340453,-0.38295197,-0.49834788
27.679226408802933,-1.6443104941889732,0.2360662243283631,-0.38480383,-0.49835336
27.689229743247747,-1.8279224167764023,0.0793372636792518,-0.38664275,-0.49835885
27.69923307769256,-1.604950982299166,0.2305865435375023,-0.38846815,-0.49836433
27.709236412137376,-1.6656432558963643,0.4696700112019801,-0.39027917,-0.49836934
27.719239746582197,-1.5910260645903445,0.2350379507381464,-0.3920771,-0.4983753
27.729243081027008,-1.686987247145206,0.6678166019545334,-0.39386338,-0.49838102
27.739246415471825,-1.4158833978182093,0.5670227518849166,-0.39563596,-0.4983865
27.74924974991664,-1.6182076474268312,0.2698241301436852,-0.39739466,-0.49839127
27.75925308436145,-1.5568226537816838,0.398569106988675,-0.39914095,-0.49839652
27.769256418806265,-1.5763040306264873,0.3290447250112093,-0.4008749,-0.49840105
27.779259753251083,-1.6820735384510304,0.450309391836507,-0.40259606,-0.49840653
27.789263087695897,-1.6149249091979818,0.501479172339409,-0.40430403,-0.49841177
27.79926642214071,-1.7344614965107066,0.2276793441421533,-0.40599996,-0.49841726
27.809269756585525,-1.399562512207971,0.8043294867992027,-0.40768284,-0.49842203
27.81927309103034,-1.5718473894774412,0.2341303292496693,-0.4093539,-0.49842727
27.82927642547516,-1.7506020110009306,0.5109033215666483,-0.41101307,-0.49843204
27.83927975991997,-1.4290981060737713,0.2544317430176914,-0.4126594,-0.49843752
27.849283094364782,-1.644537273783137,0.4676114478296391,-0.41429383,-0.49844158
27.8592864288096,-1.4918017653024085,0.3885640619416674,-0.4159162,-0.49844682
27.86928976325441,-1.851641264173845,0.5351924152506274,-0.41752666,-0.4984516
27.879293097699232,-1.4439095885518949,0.4315583032290341,-0.41912585,-0.4984566
27.889296432144047,-1.5473823226862322,0.3747330231140513,-0.42071295,-0.49846137
27.89929976658886,-1.7305530582789708,0.6018554857959078,-0.42228806,-0.49846637
27.909303101033675,-1.5410610182496147,0.5234569275446306,-0.4238519,-0.4984702
27.91930643547849,-1.3693458218684822,0.2937102450454772,-0.42540437,-0.49847543
27.929309769923307,-1.672924148461906,0.4776864239365365,-0.42694503,-0.49847972
27.93931310436812,-1.6702036814270165,0.5735515517173628,-0.4284742,-0.49848473
27.949316438812936,-1.6090823822077225,0.3093106173692971,-0.4299928,-0.49848902
27.95931977325775,-1.5665017939175174,0.4858756716067929,-0.4314999,-0.49849427
27.969323107702564,-1.4315394363286489,0.5214552318637893,-0.43299556,-0.49849832
27.97932644214738,-1.497923038299937,0.5127121241193241,-0.4344809,-0.49850285
27.9893297765922,-1.5906605579412416,0.3594449652226233,-0.43595487,-0.4985069
27.99933311103701,-1.51441240667401,0.4191439548633686,-0.43741816,-0.4985119
28.009336445481825,-1.2995543929931983,0.6727004572622324,-0.43887,-0.49851596
28.01933977992664,-1.4533700244329122,0.5304294723596489,-0.44031167,-0.49852002
28.029343114371454,-1.5567361609777512,0.2868033736947625,-0.4417429,-0.49852455
28.03934644881627,-1.571192650521008,0.4935209715601779,-0.44316375,-0.4985286
28.04934978326109,-1.4995507526238254,0.5511073730026672,-0.44457322,-0.49853265
28.0593531177059,-1.3909497669806588,0.3792471031897197,-0.44597322,-0.49853718
28.069356452150718,-1.62676813434758,0.703119822152217,-0.447362,-0.4985417
28.07935978659553,-1.403794217451309,0.42932510035004,-0.44874114,-0.4985453
28.089363121040343,-1.5306346865251634,0.4750119306759451,-0.4501099,-0.49854958
28.09936645548516,-1.504905052407868,0.5638292106607861,-0.45146793,-0.4985541
28.10936978992997,-1.1244567186461127,0.5239280212178823,-0.4528169,-0.49855816
28.11937312437479,-1.4003563486789854,0.245061549651316,-0.4541552,-0.49856198
28.129376458819603,-1.567497156939221,0.6849552544059095,-0.45548403,-0.4985665
28.139379793264418,-1.4294062320235763,-0.155102064548951,-0.45680314,-0.49857008
28.149383127709235,-1.3836163734363272,0.7936548525199468,-0.45811182,-0.49857438
28.15938646215405,-1.779046854137248,0.7365371852957213,-0.45941186,-0.49857843
28.169389796598864,-1.890369076254191,0.652062345641663,-0.46070105,-0.49858224
28.17939313104368,-1.4707617822351802,0.1616358189934754,-0.46198136,-0.49858677
28.189396465488493,-1.397405884978809,0.6895629259787007,-0.46325177,-0.4985906
28.19939979993331,-1.404578450707584,0.6075040132043936,-0.4645136,-0.4985944
28.209403134378125,-1.5157202738584097,0.2434527662174991,-0.46576542,-0.49859893
28.21940646882294,-1.3449685495203303,0.7880451925074272,-0.467008,-0.4986025
28.229409803267757,-1.2740617719624965,0.2303622132109088,-0.4682411,-0.4986061
28.239413137712567,-1.6654547555919923,0.4046516514662831,-0.4694652,-0.4986099
28.249416472157385,-1.6718590342296005,0.5412214411487387,-0.47068077,-0.49861372
28.2594198066022,-1.3685623604265489,0.3231452292908075,-0.47188663,-0.4986173
28.26942314104701,-1.305636819242348,0.6309844620292657,-0.4730839,-0.4986211
28.279426475491828,-1.4990300902793157,0.518122892587107,-0.47427225,-0.49862516
28.28942980993664,-1.703844726633715,0.4973921891486737,-0.47545153,-0.49862874
28.299433144381457,-1.4048027316378633,0.575823345988012,-0.47662193,-0.49863207
28.309436478826274,-1.3435818551892735,0.5904779435790474,-0.47778404,-0.49863636
28.31943981327109,-1.434534220204715,0.6001536287377035,-0.47893727,-0.49863994
28.329443147715903,-1.2390128568528564,0.5463360993955919,-0.4800822,-0.49864328
28.33944648216072,-1.3360784708952749,0.5362268190324412,-0.48121816,-0.49864733
28.34944981660553,-1.4750959755226905,0.6461329080545883,-0.48234594,-0.4986509
28.35945315105035,-1.4556941590909496,0.6292298901550454,-0.48346525,-0.49865448
28.369456485495164,-1.3624630826612103,0.5293846130985329,-0.4845764,-0.49865735
28.379459819939974,-1.4101762058631913,0.50248537235948,-0.48567837,-0.49866116
28.389463154384792,-1.6020398860625928,0.6399299630273574,-0.48677248,-0.4986652
28.399466488829606,-1.3146134016433628,0.7138036481658718,-0.487859,-0.4986683
28.40946982327442,-1.4231996959679207,0.8745851021252271,-0.48893732,-0.49867237
28.41947315771924,-1.3945365266100058,0.4630044382018805,-0.49000692,-0.49867547
28.429476492164053,-1.480682288066295,0.3382466095759912,-0.49106938,-0.49867928
28.439479826608867,-1.095746411557586,0.8081318439040469,-0.49212313,-0.49868262
28.44948316105368,-1.2294966684023314,0.4722698187637717,-0.49316925,-0.4986862
28.459486495498496,-1.041842097133853,0.558213308787678,-0.49420762,-0.49868906
28.469489829943317,-1.3477650313207843,0.8309267649600167,-0.49523854,-0.4986931
28.479493164388128,-1.2024077031921747,0.9499508480450344,-0.49626118,-0.49869645
28.489496498832946,-1.257722423824332,0.5647611030736932,-0.49727625,-0.49870002
28.49949983327776,-1.3805404006011546,0.3518816699520137,-0.49828374,-0.49870312
28.50950316772257,-1.3242494524368496,0.8053226942334842,-0.4992838,-0.49870694
28.51950650216739,-1.1862759568964365,0.6414719495652664,-0.5002766,-0.49871004
28.529509836612203,-1.4189318727127376,0.6773404889995747,-0.501261,-0.4987136
28.539513171057017,-1.1113089345941012,0.7128952585980062,-0.502239,-0.4987167
28.54951650550183,-1.2317076784702168,0.5338179549644927,-0.5032088,-0.49872053
28.559519839946645,-1.120074327669796,0.188748904176647,-0.5041723,-0.4987234
28.569523174391463,-1.186104059278484,1.049357170884297,-0.50512797,-0.49872673
28.57952650883628,-1.4631108817005476,0.632981395851939,-0.5060764,-0.49873006
28.58952984328109,-1.2313090791032713,0.6052835359780554,-0.50701815,-0.49873316
28.599533177725903,-1.067876391596058,0.751131507455932,-0.5079519,-0.49873698
28.60953651217072,-1.193639035924826,0.8055589786698365,-0.5088792,-0.49874032
28.61953984661553,-1.2070634263248332,1.168765977091688,-0.50979966,-0.4987434
28.629543181060352,-1.179905205787232,0.7270134653206204,-0.51071304,-0.49874675
28.639546515505167,-1.4521468185130448,0.6222577924764945,-0.51161957,-0.49874985
28.64954984994998,-1.0163763405590818,0.5096330953464491,-0.512519,-0.4987532
28.659553184394795,-1.5049588162564174,0.7211001005854831,-0.5134118,-0.49875605
28.66955651883961,-0.968490510421252,0.7290388215892755,-0.5142978,-0.49875963
28.679559853284427,-1.217231340736211,0.4504678683810912,-0.51517695,-0.49876297
28.68956318772924,-1.0916173159240177,0.8351252148384019,-0.51604986,-0.49876606
28.699566522174056,-1.419289200787709,0.9129431156241996,-0.5169161,-0.49876988
28.70956985661887,-1.0296787682566737,0.919579331826174,-0.5177751,-0.49877274
28.719573191063684,-1.0494367408266732,0.8548954524790062,-0.51862925,-0.49877512
28.7295765255085,-1.0512171547191769,0.8943704742796841,-0.5194748,-0.49877918
28.73957985995332,-1.394424843095557,0.5463458650047948,-0.5203155,-0.49878228
28.74958319439813,-1.2242230646557837,0.759588621616511,-0.52114916,-0.49878538
28.759586528842945,-1.047735551747148,0.8354756545436697,-0.5219762,-0.49878824
28.76958986328776,-0.9304466174744828,0.9669175702748184,-0.52279747,-0.49879134
28.779593197732574,-1.2208475069375204,0.8384609278413149,-0.5236125,-0.49879467
28.78959653217739,-1.2090612257207891,0.7826333548425056,-0.5244209,-0.49879777
28.79959986662221,-1.025432675860105,0.3079274976178348,-0.5252233,-0.4988011
28.80960320106702,-0.7037464157292428,0.9127308835551322,-0.5260199,-0.4988035
28.819606535511834,-1.1464355088649771,1.1255851069006428,-0.5268102,-0.49880683
28.82960986995665,-1.1007556316404736,0.8652458557415701,-0.52759385,-0.49881017
28.839613204401463,-1.1131817805952768,1.1022367633999348,-0.5283721,-0.49881303
28.84961653884628,-1.047246638819675,0.8861159108765866,-0.5291447,-0.49881637
28.85961987329109,-0.8422257456446129,0.9609083621517264,-0.529911,-0.4988197
28.86962320773591,-1.0221475515959133,1.0493326879734688,-0.53067183,-0.49882233
28.879626542180723,-0.6243317783578282,0.940218309200308,-0.5314264,-0.49882543
28.88962987662554,-0.9786043130721588,0.9282332950271291,-0.53217584,-0.49882877
28.89963321107036,-0.7904715135686947,0.8229959919522832,-0.5329191,-0.49883163
28.90963654551517,-1.0195986712803342,0.6927288299423788,-0.5336565,-0.49883425
28.919639879959984,-1.1461392731456288,0.8563989386404895,-0.5343887,-0.49883807
28.9296432144048,-0.9675485793070558,1.2104159406403605,-0.5351146,-0.49884093
28.939646548849613,-0.8692467055223086,0.8194941885951962,-0.5358354,-0.49884355
28.94964988329443,-1.0492165917019758,1.1740463914567036,-0.5365509,-0.49884713
28.959653217739245,-0.7612856501368499,0.9838682749913604,-0.5372603,-0.4988495
28.96965655218406,-0.9867949983839568,1.160489359330944,-0.5379642,-0.4988531
28.979659886628877,-1.059432275328205,1.062958350885119,-0.5386631,-0.4988557
28.989663221073688,-0.5594269535187743,1.0476713733081386,-0.5393564,-0.49885857
28.999666555518505,-1.006432161730621,1.091456984923861,-0.5400441,-0.49886143
29.00966988996332,-0.9502261083920688,0.8341473416948173,-0.540727,-0.49886525
29.01967322440813,-0.7640692187375521,1.224642643937328,-0.5414049,-0.4988681
29.029676558852948,-0.9052227032245114,1.014435367137284,-0.5420768,-0.49887073
29.03967989329776,-0.992042201396255,1.0629452185728645,-0.54274404,-0.4988736
29.049683227742577,-0.9212381617683554,0.9485686344749362,-0.54340523,-0.49887717
29.059686562187395,-0.5419839806438139,1.1853705049852925,-0.54406255,-0.4988798
29.06968989663221,-0.7287232544956659,1.2634769519261666,-0.54471403,-0.49888313
29.079693231077023,-0.6875429010212911,1.084981065124349,-0.5453606,-0.4988855
29.08969656552184,-0.7507694903460631,1.1229967476866736,-0.5460019,-0.49888885
29.09969989996665,-0.7141706252015836,1.231445445063151,-0.5466389,-0.49889195
29.10970323441147,-0.825456082858238,0.9980881291310564,-0.5472703,-0.49889433
29.119706568856284,-0.7340626618589936,1.1845985726059962,-0.54789704,-0.49889743
29.129709903301094,-1.0273146056464826,1.3096239466347943,-0.5485191,-0.49890006
29.139713237745912,-0.5865322980636943,1.6314585551897438,-0.5491358,-0.49890363
29.149716572190727,-0.7773971694102013,1.1906389041384906,-0.54974806,-0.49890602
29.159719906635544,-0.8723183517364835,1.3225086616920392,-0.55035543,-0.49890912
29.16972324108036,-0.6625433466023117,1.18982697052206,-0.5509582,-0.49891198
29.179726575525173,-0.7059090121355378,1.0355896444451087,-0.5515558,-0.49891508
29.189729909969987,-0.5272782671847631,1.2382317740350135,-0.5521489,-0.49891818
29.1997332444148,-0.657779346080841,1.1618673743760437,-0.5527377,-0.49892128
29.20973657885962,-0.7260548402560899,1.3565818517712935,-0.553321,-0.4989239
29.219739913304437,-0.6262849131482306,1.4937592038217522,-0.55390054,-0.49892652
29.229743247749248,-0.3943817313541808,1.5556330811495247,-0.55447567,-0.49892938
29.239746582194066,-0.4513257427564097,1.6872365233498028,-0.5550455,-0.49893296
29.24974991663888,-0.4953507528678701,1.4900960861174606,-0.55561125,-0.49893558
29.25975325108369,-0.4143389558471128,1.6825414412857325,-0.55617297,-0.49893844
29.26975658552851,-0.4530550412711976,1.3301106442050072,-0.55672944,-0.49894154
29.279759919973323,-0.6609214136391537,1.5345388793282204,-0.557282,-0.49894488
29.289763254418137,-0.4018427972040179,1.6007957376708362,-0.5578301,-0.49894726
29.29976658886295,-0.3320529456353344,1.8303038087478891,-0.5583741,-0.49895012
29.30976992330777,-0.3062111935234032,1.8436817304563888,-0.55891377,-0.49895346
29.319773257752583,-0.6248379650298809,1.765912223888295,-0.559449,-0.49895656
29.3297765921974,-0.5433111601809915,1.477679723940422,-0.5599793,-0.49895942
29.33977992664221,-0.477878281985655,1.9561525095600223,-0.56050617,-0.4989618
29.349783261087023,-0.3478969338305893,2.093418568091296,-0.5610292,-0.4989649
29.35978659553184,-0.3723452742150954,2.192096691736478,-0.56154734,-0.49896777
29.36978992997665,-0.3538937943076105,1.8632612234660944,-0.5620615,-0.49897087
29.379793264421476,-0.5536786971716214,2.062285871147809,-0.56257224,-0.49897325
29.389796598866287,-0.4179783920672229,1.8353713811368928,-0.5630781,-0.4989766
29.3997999333111,-0.1309914620151057,2.14386045061444,-0.56357956,-0.49897945
29.409803267755915,-0.1334980457178123,1.9545162954062243,-0.56407744,-0.49898255
29.41980660220073,-0.2906819534776311,2.039643313973117,-0.56457216,-0.49898517
29.429809936645547,-0.1449751694617649,2.3225217410802506,-0.565062,-0.4989878
29.43981327109036,-0.1860236605377928,2.4276970612768656,-0.5655482,-0.4989909
29.449816605535176,-0.0851231201573743,2.139343634185712,-0.5660306,-0.49899423
29.45981993997999,-0.0734051132332554,2.474682779026165,-0.5665087,-0.49899662
29.469823274424805,0.1244795263172752,2.442177209089915,-0.56698334,-0.49899948
29.479826608869622,-0.14849720244309,2.2781016581619524,-0.5674543,-0.49900234
29.48982994331444,-0.0425456861174277,2.6092523857991416,-0.56792086,-0.4990052
29.49983327775925,-0.0400128589466404,2.474944306823601,-0.5683841,-0.49900854
29.509836612204065,-0.0729967648810214,2.40720751865979,-0.5688433,-0.49901116
29.51983994664888,-0.0801532035927644,2.5273019187596097,-0.5692985,-0.49901378
29.529843281093697,0.2272642067192629,2.52254110670029,-0.5697507,-0.49901688
29.53984661553851,0.0033387182214373,2.4810493704475074,-0.5701986,-0.49901998
29.54984994998333,0.1293608332141333,2.8689890850498894,-0.57064325,-0.49902236
29.55985328442814,0.2924872425471699,2.7483133328198552,-0.5710845,-0.4990257
29.569856618872954,0.1624442426632544,2.749195988488601,-0.5715215,-0.4990288
29.57985995331777,0.1835090518156967,2.874241074149393,-0.5719561,-0.49903095
29.589863287762583,0.1416016028371299,2.903115711525808,-0.57238585,-0.4990343
29.5998666222074,0.2297499143294253,2.893906716254896,-0.57281286,-0.4990369
29.60986995665221,0.1552334562081725,3.249854615407188,-0.57323575,-0.49903977
29.61987329109703,0.62838547058037,2.8688243169687246,-0.57365614,-0.49904287
29.629876625541844,0.0636290897301526,2.9614995661790275,-0.57407224,-0.49904573
29.63987995998666,0.2683548729892024,3.2947438197586782,-0.5744848,-0.49904835
29.64988329443148,0.4043871629216256,3.241035089717712,-0.57489437,-0.49905145
29.65988662887629,0.4274434902842476,3.16565016209297,-0.57530046,-0.49905455
29.669889963321104,0.3444411150664923,3.3198813922017427,-0.57570344,-0.49905717
29.67989329776592,0.1769353926329836,3.2012247520127497,-0.5761028,-0.49906027
29.689896632210733,0.2803838643213599,3.5415891977056844,-0.5764989,-0.49906313
29.69989996665555,0.5199928400131315,3.568755785343469,-0.57689154,-0.49906528
29.709903301100365,0.2423066170922846,3.302799041874934,-0.5772815,-0.4990691
29.71990663554518,0.6532691901095891,3.154448698521997,-0.5776677,-0.49907172
29.729909969989997,0.7734500715403613,3.3409302197836084,-0.5780509,-0.49907482
29.739913304434808,0.7526307730827703,3.5211902004455395,-0.5784309,-0.49907744
29.749916638879625,0.8202080853671083,4.172253523900688,-0.57880723,-0.49908054
29.75991997332444,0.3589727772093832,3.828040798697695,-0.57918125,-0.49908316
29.76992330776925,0.4660963481944665,3.816281732596165,-0.57955134,-0.4990865
29.77992664221407,0.7439294867032628,3.795789243149692,-0.5799187,-0.4990896
29.789929976658883,0.6760266785084259,3.912699922970154,-0.5802826,-0.49909222
29.7999333111037,0.6335242835211807,3.996142621214688,-0.58064395,-0.49909508
29.809936645548515,0.8275048084358767,3.608515194837154,-0.5810019,-0.49909794
29.81993997999333,1.1663131021007356,3.8123667523362417,-0.5813572,-0.49910104
29.829943314438143,1.2514115479054806,4.003554636059656,-0.58170897,-0.49910367
29.83994664888296,0.8836964881296373,3.7996476727190975,-0.58205837,-0.499107
29.84994998332777,1.0596278598718205,4.027398579787392,-0.5824051,-0.49910963
29.85995331777259,1.1449960479614267,3.80483817530162,-0.58274806,-0.49911225
29.869956652217404,1.0870635828740616,3.7445303529537024,-0.58308834,-0.49911535
29.879959986662215,1.350128630306146,3.720084023166492,-0.58342564,-0.49911845
29.889963321107032,1.132235695988972,3.5958994098573003,-0.58376,-0.49912107
29.899966655551847,1.1450489093276583,3.424901591044299,-0.5840914,-0.4991244
29.909969989996664,1.151698209735765,3.808195092553932,-0.5844205,-0.4991275
29.91997332444148,1.2688451173114863,3.630889754399347,-0.58474624,-0.4991299
29.929976658886293,0.9629709315660302,3.5459519736738088,-0.58506966,-0.49913323
29.939979993331107,1.3448537576895858,3.3182172237264647,-0.5853903,-0.4991361
29.94998332777592,1.429742546676377,3.2404360321193204,-0.5857075,-0.49913895
29.95998666222074,1.1167769998598451,3.372547914963978,-0.58602226,-0.49914205
29.969989996665557,1.5037408787369726,3.1019522826294774,-0.58633447,-0.49914467
29.979993331110368,1.3534176615903997,2.83926973235013,-0.58664405,-0.49914777
29.989996665555186,1.562075074178954,3.2088127985346566,-0.5869499,-0.4991504
30.0,1.5881659472874028,2.6632781435950146,-0.58725464,-0.4991535
